Workbook
Name 연율: '01_설정'!$B$19

Sheet 00_사용설명서
A1: 집합건물 자동평가 엑셀 템플릿 (국토부 실거래가 → 자동선정 → 요인보정 → 건물/대지권 배분)
A3: 목적 | B3: 국토부 실거래가 자료를 복사/붙여넣기 하면 유사 거래사례를 자동으로 필터링하고, 개별요인 보정 후 집합건물의 총가치·대지권가격·건물가격을 산출하는 템플릿
A5: 사용 순서
A6: 1 | B6: 1) 01_설정 시트에서 기준시점·허용오차·대지권/건물 배분용 원가 가정을 확인합니다.
A7: 2 | B7: 2) 02_대상물건입력 시트에서 시군구/법정동/건물명/전유면적/대지권면적/층/사용승인일자 등을 입력합니다.
A8: 3 | B8: 3) 04A_국토부원자료 시트의 5행부터 국토부 실거래가 원문 데이터를 붙여넣습니다. 헤더는 4행의 고정 형식을 그대로 사용합니다.
A9: 4 | B9: 4) 04B_정규화_자동필터 시트에서 1차 필터 통과 여부와 유사도 순위를 자동 산정합니다.
A10: 5 | B10: 5) 05_자동선정_유사도 시트에서 상위 사례를 확인합니다.
A11: 6 | B11: 6) 06_요인비교_보정 시트에서 사정보정/기타요인 Override가 필요한 경우만 입력합니다. 나머지는 자동값을 사용합니다.
A12: 7 | B12: 7) 07_대지권_건물배분 시트에서 총가치, 대지권가격, 건물가격을 확인합니다.
A13: 8 | B13: 8) 08_평가결론 시트에서 보고용 요약값을 확인합니다.
A14: 9 | B14: 9) 05B_KAIS_사례선정 시트에서 KAIS 거래사례 상위 유사건을 자동 확인합니다.
A15: 10 | B15: 10) 05C_KAPA_선례선정 시트에서 KAPA 선례 상위 유사건을 자동 확인합니다.
A16: 붙여넣기 데이터 형식 (04A_국토부원자료 / 4행 헤더 고정)
A17: A:NO
A18: B:시군구
A19: C:번지
A20: D:본번
A21: E:부번
A22: F:단지명
A23: G:전용면적(㎡)
A24: H:계약년월
A25: I:계약일
A26: J:거래금액(만원)
A27: K:층
... A39: 실거래가 원문 헤더는 현재 템플릿의 4행 형식에 맞춰 고정되어 있으므로, 5행부터 값만 붙여넣으면 됩니다.

Sheet 01_설정
A1: 설정 및 통제변수
A3: 항목 | B3: 값 | C3: 설명
A4: 기준시점 | B4: 46122 | C4: 대상물건 평가 기준시점
A5: 면적 허용오차 | B5: 0.3 | C5: 전유면적 차율 허용범위
A6: 층 허용차이 | B6: 4 | C6: 층차 허용범위
A7: 최대 경과일수 | B7: 450 | C7: 계약일~기준시점 허용일수
A8: 건축연차 허용차이 | B8: 5 | C8: 건축년도 차이 허용범위
A9: 상위 반영 건수 | B9: 30 | C9: 요인보정에 반영할 비교사례 수
A10: 동일 시군구 필수 | B10: 1 | C10: 1이면 대상 시군구 키워드 포함 사례만 반영
A11: 동일 법정동 가점 | B11: 15 | C11: 법정동 일치 시 가점
A12: 동일건물 가점 | B12: 15 | C12: 건물명 유사 시 가점
A13: 동일도로명 가점 | B13: 5 | C13: 도로명 일치 시 가점
A14: 면적점수 가중치 | B14: 0 | C14: 유사도 배점
A15: 층점수 가중치 | B15: 20 | C15: 유사도 배점
... A32: 예상단가 허용오차 | B32: 0.2 | C32: 예상단가 차율 허용범위(20%=0.2)

Sheet 02_대상물건입력
A1: 대상물건 입력
A3: 항목 | B3: 입력값 | C3: 설명 | D3: 비고
A4: 평가서명 | B4: 서울특별시 서초구 서초동 1620-20 | C4: 입력
A5: 시군구 키워드 | B5: 서울특별시 서초구 서초동 | C5: 자동필터용 | D5: 예: 서울특별시 송파구
A6: 법정동 키워드 | B6: 서초동 | C6: 자동필터용 | D6: 예: 가락동
A7: 소재지 | B7: 서울특별시 서초구 서초동 1620-20 | C7: 입력
A8: 건물명 | B8: 서초동롯데캐슬리버티 101동 | C8: 입력
A9: 동·호 | B9: 604호 | C9: 입력
A10: 층 | B10: 6 | C10: 입력
A11: 전유면적(㎡) | B11: 125.79 | C11: 입력
A12: 공용면적(㎡) | B12: =1.49+18.69+6.73 | C12: 입력
A13: 대지권면적(㎡) | B13: 64.18 | C13: 입력
A14: 사용승인일자 | B14: 38434 | C14: 입력
A15: 도로명 키워드 | B15: 사임당로10길 | C15: 자동필터용 | D15: 도로명 일부 가능
A16: 용도 | B16: 아파트 | C16: 입력
A17: 기타요인 계수 | B17: 1 | C17: 입력 | D17: 특이사항 있을 때만 조정
A18: 비고 | B18: 예시 데이터가 입력되어 있습니다. 실제 대상물건으로 덮어쓰면 전체 시트가 연동됩니다. | C18: 입력
A19: 예상단가(원/㎡) | B19: 16000000 | C19: 입력 | D19: 사례선정 가중치 반영용 (미입력 시 제외)
A21: 자동 계산
A22: 건축년도 | B22: =IFERROR(YEAR(B14),"") | C22: 자동
A23: 분양면적(㎡) | B23: =IFERROR(B11+B12,"") | C23: 자동
A24: 전유율 | B24: =IFERROR(B11/B23,"") | C24: 자동
A25: 대지권 기준금액(원) | B25: =IFERROR(B13*'01_설정'!B26,"") | C25: 토지단가 × 대지권면적
A26: 건물 기준금액(원) | B26: =IFERROR(B11*'01_설정'!B27*'01_설정'!B28,"") | C26: 재조달원가 × 전유면적 × 잔존율
A27: 원가기준 토지비율 | B27: =IFERROR(MIN(MAX(B25/(B25+B26),'01_설정'!B29),'01_설정'!B30),"") | C27: 배분비율
A28: 원가기준 건물비율 | B28: =IFERROR(1-B27,"") | C28: 배분비율

Sheet 03_가치형성요인기준
A1: 가치형성요인 기준표
A3: 자동 보정 로직(기본 프록시)
A4: 구분 | B4: 기준 | C4: 자동값 | D4: 설명 | E4: 실무 Override
A5: 사정보정 | B5: 특이 거래 여부 | C5: ='01_설정'!B18 | D5: 기본 1.00, 특이 거래면 06시트에서 직접 수정 | E5: 06시트 G열
A6: 시점수정 | B6: 기준시점 대비 계약일 경과 | C6: =(1+연율)^(경과일수/365) | D6: 기준시점 이후로 환산 | E6: 보통 자동 사용
A7: 외부요인 | B7: 법정동/도로명 일치 여부 | C7: 동일 법정동이면 1.00, 타동이면 0.98, 동일도로명이면 +1.01 | D7: 역세권/상권 차이는 수동 검토 권장 | E7: 06시트 J열
A8: 내부요인 | B8: 동일건물/건축연차 | C8: 동일건물 1.02, 건축연차 우열 1.01 또는 0.99 | D8: 브랜드/세대수/관리상태는 수동 검토 권장 | E8: 06시트 L열
A9: 호별요인 | B9: 층차 | C9: 층이 높으면 0.99~0.98, 낮으면 1.01~1.02 | D9: 향·조망은 필요 시 Override | E9: 06시트 N열
A10: 기타요인 | B10: 특이 개별요인 | C10: ='02_대상물건입력'!B17 | D10: 특별한 권리관계/리모델링 등 | E10: 06시트 P열
A11: 대지권/건물 배분 | B11: 원가배분 방식 | C11: 토지기준금액 / (토지기준금액 + 건물기준금액) | D11: 비율 하한/상한 적용 | E11: 01/07시트

Sheet 04A_국토부원자료
A1: 국토부 실거래가 원자료 붙여넣기
A2: ※ 5행부터 값만 붙여넣으세요. 4행 헤더는 NO, 시군구, 번지, 본번, 부번, 단지명, 전용면적(㎡), 계약년월, 계약일, 거래금액(만원), 동, 층, 매수자, 매도자, 건축년도, 도로명, 해제사유발생일, 거래유형, 중개사소재지, 등기일자, 주택유형 순서입니다.
A4: NO | B4: 시군구 | C4: 번지 | D4: 본번 | E4: 부번 | F4: 단지명 | G4: 전용면적(㎡) | H4: 계약년월 | I4: 계약일 | J4: 거래금액(만원) | K4: 동 | L4: 층 | M4: 매수자 | N4: 매도자 | O4: 건축년도 | P4: 도로명 | Q4: 해제사유발생일 | R4: 거래유형 | S4: 중개사소재지 | T4: 등기일자 | U4: 주택유형
A5: 1 | B5: 서울특별시 서초구 서초동 | C5: 1330 | D5: 1330 | E5: 0000 | F5: 서초동삼성쉐르빌2 | G5: 35.1700 | H5: 202404 | I5: 09 | J5: 32,900 | K5: - | L5: 21 | M5: 개인 | N5: 개인 | O5: 2002 | P5: 강남대로53길 11 | Q5: - | R5: 중개거래 | S5: 서울 서초구 | T5: 24.06.18 | U5: 아파트
A6: 2 | B6: 서울특별시 서초구 서초동 | C6: 1671-5 | D6: 1671 | E6: 0005 | F6: 대림서초리시온 | G6: 45.7200 | H6: 202404 | I6: 09 | J6: 45,000 | K6: - | L6: 9 | M6: 개인 | N6: 개인 | O6: 2003 | P6: 서초중앙로22길 25 | Q6: - | R6: 중개거래 | S6: 서울 서초구 | T6: 24.06.12 | U6: 아파트
A7: 3 | B7: 서울특별시 서초구 서초동 | C7: 1344-13 | D7: 1344 | E7: 0013 | F7: 서초트라팰리스 | G7: 95.5800 | H7: 202404 | I7: 09 | J7: 187,500 | K7: A | L7: 14 | M7: 개인 | N7: 개인 | O7: 2005 | P7: 효령로72길 57 | Q7: - | R7: 중개거래 | S7: 서울 서초구 | T7: 24.06.28 | U7: 아파트
A8: 4 | B8: 서울특별시 서초구 서초동 | C8: 1326-17 | D8: 1326 | E8: 0017 | F8: 우성아파트 | G8: 59.9300 | H8: 202404 | I8: 08 | J8: 153,000 | K8: 501 | L8: 20 | M8: 개인 | N8: 개인 | O8: 1998 | P8: 서초대로74길 30 | Q8: - | R8: 중개거래 | S8: 서울 서초구 | T8: 24.07.25 | U8: 아파트
A9: 5 | B9: 서울특별시 서초구 서초동 | C9: 1316-31 | D9: 1316 | E9: 0031 | F9: 밀라텔쉐르빌 | G9: 50.2800 | H9: 202404 | I9: 08 | J9: 72,000 | K9: - | L9: 10 | M9: 개인 | N9: 개인 | O9: 2001 | P9: 강남대로61길 17 | Q9: - | R9: 중개거래 | S9: 서울 서초구 | T9: 24.07.02 | U9: 아파트
A10: 6 | B10: 서울특별시 서초구 서초동 | C10: 1467-97 | D10: 1467 | E10: 0097 | F10: 서초금호어울림 | G10: 146.1300 | H10: 202404 | I10: 08 | J10: 172,000 | K10: 101 | L10: 3 | M10: 개인 | N10: 개인 | O10: 2001 | P10: 명달로 10 | Q10: - | R10: 중개거래 | S10: 서울 서초구 | T10: 24.11.25 | U10: 아파트
A11: 7 | B11: 서울특별시 서초구 서초동 | C11: 1344-13 | D11: 1344 | E11: 0013 | F11: 서초트라팰리스 | G11: 117.9800 | H11: 202404 | I11: 08 | J11: 189,500 | K11: B | L11: 5 | M11: 개인 | N11: 개인 | O11: 2005 | P11: 효령로72길 57 | Q11: - | R11: 중개거래 | S11: 서울 서초구 | T11: 24.07.15 | U11: 아파트
A12: 8 | B12: 서울특별시 서초구 서초동 | C12: 1757 | D12: 1757 | E12: 0000 | F12: 서초그랑자이 | G12: 84.5100 | H12: 202404 | I12: 08 | J12: 305,000 | K12: 102동 | L12: 27 | M12: 개인 | N12: 개인 | O12: 2021 | P12: 효령로 391 | Q12: - | R12: 중개거래 | S12: 서울 서초구 | T12: 24.07.12 | U12: 아파트
A13: 9 | B13: 서울특별시 서초구 서초동 | C13: 1350-13 | D13: 1350 | E13: 0013 | F13: 동원베네스트아파트 | G13: 84.9000 | H13: 202404 | I13: 08 | J13: 155,000 | K13: 102 | L13: 8 | M13: 개인 | N13: 개인 | O13: 2002 | P13: 서운로9길 63 | Q13: - | R13: 중개거래 | S13: 서울 서초구 | T13: 24.07.02 | U13: 아파트
A14: 10 | B14: 서울특별시 서초구 서초동 | C14: 1326-17 | D14: 1326 | E14: 0017 | F14: 우성아파트 | G14: 59.9300 | H14: 202404 | I14: 08 | J14: 154,500 | K14: 501 | L14: 2 | M14: 개인 | N14: 개인 | O14: 1998 | P14: 서초대로74길 30 | Q14: - | R14: 중개거래 | S14: 서울 서초구 | T14: 24.05.28 | U14: 아파트
A15: 11 | B15: 서울특별시 서초구 서초동 | C15: 1593-7 | D15: 1593 | E15: 0007 | F15: 서초이오빌 | G15: 45.9600 | H15: 202404 | I15: 07 | J15: 40,900 | K15: - | L15: 18 | M15: 개인 | N15: 개인 | O15: 2003 | P15: 효령로53길 45 | Q15: - | R15: 중개거래 | S15: 서울 서초구 | T15: 24.05.31 | U15: 아파트
A16: 12 | B16: 서울특별시 서초구 서초동 | C16: 1332-13 | D16: 1332 | E16: 0013 | F16: 래미안서초에스티지 | G16: 139.9900 | H16: 202404 | I16: 07 | J16: 350,000 | K16: 101동 | L16: 17 | M16: 개인 | N16: 개인 | O16: 2016 | P16: 서운로 107 | Q16: - | R16: 중개거래 | S16: 서울 서초구 | T16: 24.07.19 | U16: 아파트
... A2402: 743 | B2402: 서울특별시 서초구 서초동 | C2402: 1445-4 | D2402: 1445 | E2402: 0004 | F2402: 래미안서초유니빌 | G2402: 45.2550 | H2402: 202504 | I2402: 10 | J2402: 49,000 | K2402: 래미안 서초유니빌 | L2402: 13 | M2402: 개인 | N2402: 개인 | O2402: 2003 | P2402: 서초중앙로 26 | Q2402: - | R2402: 중개거래 | S2402: 서울 서초구 | T2402: 25.07.03 | U2402: 아파트

Sheet 04B_정규화_자동필터
A1: 정규화·1차필터·유사도 랭킹
A3: 원본행 | B3: 시군구 | C3: 번지 | D3: 단지명 | E3: 전용면적(㎡) | F3: 계약일 | G3: 거래금액(만원) | H3: 거래금액 (원) | I3: 단가 (원/㎡) | J3: 층 | K3: 건축년도 | L3: 도로명 | M3: 거래유형 | N3: 동일시군구 | O3: 동일법정동 | P3: 동일도로명 | Q3: 동일건물 | R3: 면적차율 | S3: 층차 | T3: 경과일수 | U3: 건축연차차 | V3: 1차통과 | W3: 유사도점수 | X3: 순위 | Y3: 예상단가차율 | Z3: 예상단가점수
A4: =IF(INDEX('04A_국토부원자료'!$A:$A,ROW()+1)="","",ROW()-3) | B4: =IFERROR(INDEX('04A_국토부원자료'!$A:$T,ROW()+1,MATCH("시군구",'04A_국토부원자료'!$A$4:$T$4,0)),"") | C4: =IF(B4="","",IFERROR(INDEX('04A_국토부원자료'!$A:$T,ROW()+1,MATCH("번지",'04A_국토부원자료'!$A$4:$T$4,0)),"")) | D4: =IF(B4="","",IF(Q4=1,'02_대상물건입력'!$B$8,IFERROR(INDEX('04A_국토부원자료'!$A:$T,ROW()+1,MATCH("단지명",'04A_국토부원자료'!$A$4:$T$4,0)),""))) | E4: =IFERROR(VALUE(SUBSTITUTE(INDEX('04A_국토부원자료'!$A:$T,ROW()+1,MATCH("전용면적(㎡)",'04A_국토부원자료'!$A$4:$T$4,0)),",","")),"") | F4: =IFERROR(IF(AND(INDEX('04A_국토부원자료'!$A:$T,ROW()+1,MATCH("계약년월",'04A_국토부원자료'!$A$4:$T$4,0))<>"",INDEX('04A_국토부원자료'!$A:$T,ROW()+1,MATCH("계약일",'04A_국토부원자료'!$A$4:$T$4,0))<>""),DATE(INT(VALUE(SUBSTITUTE(INDEX('04A_국토부원자료'!$A:$T,ROW()+1,MATCH("계약년월",'04A_국토부원자료'!$A$4:$T$4,0)),",",""))/100),MOD(VALUE(SUBSTITUTE(INDEX('04A_국토부원자료'!$A:$T,ROW()+1,MATCH("계약년월",'04A_국토부원자료'!$A$4:$T$4,0)),",","")),100),VALUE(SUBSTITUTE(INDEX('04A_국토부원자료'!$A:$T,ROW()+1,MATCH("계약일",'04A_국토부원자료'!$A$4:$T$4,0)),",",""))),""),"") | G4: =IFERROR(VALUE(SUBSTITUTE(INDEX('04A_국토부원자료'!$A:$T,ROW()+1,MATCH("거래금액(만원)",'04A_국토부원자료'!$A$4:$T$4,0)),",","")),"") | H4: =IF(G4="","",G4*10000) | I4: =IFERROR(IF(AND(H4>0,E4>0),H4/E4,""),"") | J4: =IFERROR(VALUE(SUBSTITUTE(INDEX('04A_국토부원자료'!$A:$T,ROW()+1,MATCH("층",'04A_국토부원자료'!$A$4:$T$4,0)),",","")),"") | K4: =IFERROR(VALUE(SUBSTITUTE(INDEX('04A_국토부원자료'!$A:$T,ROW()+1,MATCH("건축년도",'04A_국토부원자료'!$A$4:$T$4,0)),",","")),"") | L4: =IFERROR(INDEX('04A_국토부원자료'!$A:$T,ROW()+1,MATCH("도로명",'04A_국토부원자료'!$A$4:$T$4,0)),"") | M4: =IFERROR(INDEX('04A_국토부원자료'!$A:$T,ROW()+1,MATCH("거래유형",'04A_국토부원자료'!$A$4:$T$4,0)),"") | N4: =IF(B4="","",IF('02_대상물건입력'!B5="",1,IF(ISNUMBER(SEARCH('02_대상물건입력'!B5,B4)),1,0))) | O4: =IF(B4="","",IF('02_대상물건입력'!B6="",1,IF(ISNUMBER(SEARCH('02_대상물건입력'!B6,B4)),1,0))) | P4: =IF(L4="","",IF('02_대상물건입력'!B15="",0,IF(ISNUMBER(SEARCH('02_대상물건입력'!B15,L4)),1,0))) | Q4: =IF(OR(C4="",L4=""),0,IF(AND(TRIM(C4)=TRIM(RIGHT(SUBSTITUTE(TRIM('02_대상물건입력'!$B$7)," ",REPT(" ",99)),99)),IF('02_대상물건입력'!B15="",TRUE(),ISNUMBER(SEARCH('02_대상물건입력'!B15,L4)))),1,0)) | R4: =IFERROR(ABS(E4-'02_대상물건입력'!B11)/'02_대상물건입력'!B11,"") | S4: =IFERROR(ABS(J4-'02_대상물건입력'!B10),"") | T4: =IFERROR(ABS('01_설정'!B4-F4),"") | U4: =IFERROR(ABS(K4-YEAR('02_대상물건입력'!B14)),"") | V4: =IF(B4="","",IF(AND(E4>0,F4>0,H4>0,OR(IFERROR(INDEX('04A_국토부원자료'!$A:$T,ROW()+1,MATCH("해제사유발생일",'04A_국토부원자료'!$A$4:$T$4,0)),"")="",IFERROR(INDEX('04A_국토부원자료'!$A:$T,ROW()+1,MATCH("해제사유발생일",'04A_국토부원자료'!$A$4:$T$4,0)),"")="-"),IF('01_설정'!B10=1,N4=1,TRUE()),R4<='01_설정'!B5,S4<='01_설정'!B6,T4<='01_설정'!B7,U4<='01_설정'!B8),"Y","")) | W4: =IF(V4<>"Y","",MAX(0,(1-R4/'01_설정'!B5))*'01_설정'!B14+MAX(0,(1-S4/'01_설정'!B6))*'01_설정'!B15+MAX(0,(1-T4/'01_설정'!B7))*'01_설정'!B16+MAX(0,(1-U4/'01_설정'!B8))*'01_설정'!B17+O4*'01_설정'!B11+Q4*'01_설정'!B12+P4*'01_설정'!B13+IF(Z4="",0,Z4)) | X4: =IF(W4="","",1+COUNTIFS($W$4:$W$3003,">"&W4)+COUNTIFS($W$4:W4,W4)-1) | Y4: =IF(OR(I4="",'02_대상물건입력'!B19="",'02_대상물건입력'!B19<=0),"",ABS(I4-'02_대상물건입력'!B19)/'02_대상물건입력'!B19) | Z4: =IF(OR(Y4="",'01_설정'!B31="",'01_설정'!B31<=0,'01_설정'!B32="",'01_설정'!B32<=0),"",MAX(0,(1-Y4/'01_설정'!B32))*'01_설정'!B31)
A5: =IF(INDEX('04A_국토부원자료'!$A:$A,ROW()+1)="","",ROW()-3) | B5: =IFERROR(INDEX('04A_국토부원자료'!$A:$T,ROW()+1,MATCH("시군구",'04A_국토부원자료'!$A$4:$T$4,0)),"") | C5: =IF(B5="","",IFERROR(INDEX('04A_국토부원자료'!$A:$T,ROW()+1,MATCH("번지",'04A_국토부원자료'!$A$4:$T$4,0)),"")) | D5: =IF(B5="","",IF(Q5=1,'02_대상물건입력'!$B$8,IFERROR(INDEX('04A_국토부원자료'!$A:$T,ROW()+1,MATCH("단지명",'04A_국토부원자료'!$A$4:$T$4,0)),""))) | E5: =IFERROR(VALUE(SUBSTITUTE(INDEX('04A_국토부원자료'!$A:$T,ROW()+1,MATCH("전용면적(㎡)",'04A_국토부원자료'!$A$4:$T$4,0)),",","")),"") | F5: =IFERROR(IF(AND(INDEX('04A_국토부원자료'!$A:$T,ROW()+1,MATCH("계약년월",'04A_국토부원자료'!$A$4:$T$4,0))<>"",INDEX('04A_국토부원자료'!$A:$T,ROW()+1,MATCH("계약일",'04A_국토부원자료'!$A$4:$T$4,0))<>""),DATE(INT(VALUE(SUBSTITUTE(INDEX('04A_국토부원자료'!$A:$T,ROW()+1,MATCH("계약년월",'04A_국토부원자료'!$A$4:$T$4,0)),",",""))/100),MOD(VALUE(SUBSTITUTE(INDEX('04A_국토부원자료'!$A:$T,ROW()+1,MATCH("계약년월",'04A_국토부원자료'!$A$4:$T$4,0)),",","")),100),VALUE(SUBSTITUTE(INDEX('04A_국토부원자료'!$A:$T,ROW()+1,MATCH("계약일",'04A_국토부원자료'!$A$4:$T$4,0)),",",""))),""),"") | G5: =IFERROR(VALUE(SUBSTITUTE(INDEX('04A_국토부원자료'!$A:$T,ROW()+1,MATCH("거래금액(만원)",'04A_국토부원자료'!$A$4:$T$4,0)),",","")),"") | H5: =IF(G5="","",G5*10000) | I5: =IFERROR(IF(AND(H5>0,E5>0),H5/E5,""),"") | J5: =IFERROR(VALUE(SUBSTITUTE(INDEX('04A_국토부원자료'!$A:$T,ROW()+1,MATCH("층",'04A_국토부원자료'!$A$4:$T$4,0)),",","")),"") | K5: =IFERROR(VALUE(SUBSTITUTE(INDEX('04A_국토부원자료'!$A:$T,ROW()+1,MATCH("건축년도",'04A_국토부원자료'!$A$4:$T$4,0)),",","")),"") | L5: =IFERROR(INDEX('04A_국토부원자료'!$A:$T,ROW()+1,MATCH("도로명",'04A_국토부원자료'!$A$4:$T$4,0)),"") | M5: =IFERROR(INDEX('04A_국토부원자료'!$A:$T,ROW()+1,MATCH("거래유형",'04A_국토부원자료'!$A$4:$T$4,0)),"") | N5: =IF(B5="","",IF('02_대상물건입력'!B5="",1,IF(ISNUMBER(SEARCH('02_대상물건입력'!B5,B5)),1,0))) | O5: =IF(B5="","",IF('02_대상물건입력'!B6="",1,IF(ISNUMBER(SEARCH('02_대상물건입력'!B6,B5)),1,0))) | P5: =IF(L5="","",IF('02_대상물건입력'!B15="",0,IF(ISNUMBER(SEARCH('02_대상물건입력'!B15,L5)),1,0))) | Q5: =IF(OR(C5="",L5=""),0,IF(AND(TRIM(C5)=TRIM(RIGHT(SUBSTITUTE(TRIM('02_대상물건입력'!$B$7)," ",REPT(" ",99)),99)),IF('02_대상물건입력'!B15="",TRUE(),ISNUMBER(SEARCH('02_대상물건입력'!B15,L5)))),1,0)) | R5: =IFERROR(ABS(E5-'02_대상물건입력'!B11)/'02_대상물건입력'!B11,"") | S5: =IFERROR(ABS(J5-'02_대상물건입력'!B10),"") | T5: =IFERROR(ABS('01_설정'!B4-F5),"") | U5: =IFERROR(ABS(K5-YEAR('02_대상물건입력'!B14)),"") | V5: =IF(B5="","",IF(AND(E5>0,F5>0,H5>0,OR(IFERROR(INDEX('04A_국토부원자료'!$A:$T,ROW()+1,MATCH("해제사유발생일",'04A_국토부원자료'!$A$4:$T$4,0)),"")="",IFERROR(INDEX('04A_국토부원자료'!$A:$T,ROW()+1,MATCH("해제사유발생일",'04A_국토부원자료'!$A$4:$T$4,0)),"")="-"),IF('01_설정'!B10=1,N5=1,TRUE()),R5<='01_설정'!B5,S5<='01_설정'!B6,T5<='01_설정'!B7,U5<='01_설정'!B8),"Y","")) | W5: =IF(V5<>"Y","",MAX(0,(1-R5/'01_설정'!B5))*'01_설정'!B14+MAX(0,(1-S5/'01_설정'!B6))*'01_설정'!B15+MAX(0,(1-T5/'01_설정'!B7))*'01_설정'!B16+MAX(0,(1-U5/'01_설정'!B8))*'01_설정'!B17+O5*'01_설정'!B11+Q5*'01_설정'!B12+P5*'01_설정'!B13+IF(Z5="",0,Z5)) | X5: =IF(W5="","",1+COUNTIFS($W$4:$W$3003,">"&W5)+COUNTIFS($W$4:W5,W5)-1) | Y5: =IF(OR(I5="",'02_대상물건입력'!B19="",'02_대상물건입력'!B19<=0),"",ABS(I5-'02_대상물건입력'!B19)/'02_대상물건입력'!B19) | Z5: =IF(OR(Y5="",'01_설정'!B31="",'01_설정'!B31<=0,'01_설정'!B32="",'01_설정'!B32<=0),"",MAX(0,(1-Y5/'01_설정'!B32))*'01_설정'!B31)
A6: =IF(INDEX('04A_국토부원자료'!$A:$A,ROW()+1)="","",ROW()-3) | B6: =IFERROR(INDEX('04A_국토부원자료'!$A:$T,ROW()+1,MATCH("시군구",'04A_국토부원자료'!$A$4:$T$4,0)),"") | C6: =IF(B6="","",IFERROR(INDEX('04A_국토부원자료'!$A:$T,ROW()+1,MATCH("번지",'04A_국토부원자료'!$A$4:$T$4,0)),"")) | D6: =IF(B6="","",IF(Q6=1,'02_대상물건입력'!$B$8,IFERROR(INDEX('04A_국토부원자료'!$A:$T,ROW()+1,MATCH("단지명",'04A_국토부원자료'!$A$4:$T$4,0)),""))) | E6: =IFERROR(VALUE(SUBSTITUTE(INDEX('04A_국토부원자료'!$A:$T,ROW()+1,MATCH("전용면적(㎡)",'04A_국토부원자료'!$A$4:$T$4,0)),",","")),"") | F6: =IFERROR(IF(AND(INDEX('04A_국토부원자료'!$A:$T,ROW()+1,MATCH("계약년월",'04A_국토부원자료'!$A$4:$T$4,0))<>"",INDEX('04A_국토부원자료'!$A:$T,ROW()+1,MATCH("계약일",'04A_국토부원자료'!$A$4:$T$4,0))<>""),DATE(INT(VALUE(SUBSTITUTE(INDEX('04A_국토부원자료'!$A:$T,ROW()+1,MATCH("계약년월",'04A_국토부원자료'!$A$4:$T$4,0)),",",""))/100),MOD(VALUE(SUBSTITUTE(INDEX('04A_국토부원자료'!$A:$T,ROW()+1,MATCH("계약년월",'04A_국토부원자료'!$A$4:$T$4,0)),",","")),100),VALUE(SUBSTITUTE(INDEX('04A_국토부원자료'!$A:$T,ROW()+1,MATCH("계약일",'04A_국토부원자료'!$A$4:$T$4,0)),",",""))),""),"") | G6: =IFERROR(VALUE(SUBSTITUTE(INDEX('04A_국토부원자료'!$A:$T,ROW()+1,MATCH("거래금액(만원)",'04A_국토부원자료'!$A$4:$T$4,0)),",","")),"") | H6: =IF(G6="","",G6*10000) | I6: =IFERROR(IF(AND(H6>0,E6>0),H6/E6,""),"") | J6: =IFERROR(VALUE(SUBSTITUTE(INDEX('04A_국토부원자료'!$A:$T,ROW()+1,MATCH("층",'04A_국토부원자료'!$A$4:$T$4,0)),",","")),"") | K6: =IFERROR(VALUE(SUBSTITUTE(INDEX('04A_국토부원자료'!$A:$T,ROW()+1,MATCH("건축년도",'04A_국토부원자료'!$A$4:$T$4,0)),",","")),"") | L6: =IFERROR(INDEX('04A_국토부원자료'!$A:$T,ROW()+1,MATCH("도로명",'04A_국토부원자료'!$A$4:$T$4,0)),"") | M6: =IFERROR(INDEX('04A_국토부원자료'!$A:$T,ROW()+1,MATCH("거래유형",'04A_국토부원자료'!$A$4:$T$4,0)),"") | N6: =IF(B6="","",IF('02_대상물건입력'!B5="",1,IF(ISNUMBER(SEARCH('02_대상물건입력'!B5,B6)),1,0))) | O6: =IF(B6="","",IF('02_대상물건입력'!B6="",1,IF(ISNUMBER(SEARCH('02_대상물건입력'!B6,B6)),1,0))) | P6: =IF(L6="","",IF('02_대상물건입력'!B15="",0,IF(ISNUMBER(SEARCH('02_대상물건입력'!B15,L6)),1,0))) | Q6: =IF(OR(C6="",L6=""),0,IF(AND(TRIM(C6)=TRIM(RIGHT(SUBSTITUTE(TRIM('02_대상물건입력'!$B$7)," ",REPT(" ",99)),99)),IF('02_대상물건입력'!B15="",TRUE(),ISNUMBER(SEARCH('02_대상물건입력'!B15,L6)))),1,0)) | R6: =IFERROR(ABS(E6-'02_대상물건입력'!B11)/'02_대상물건입력'!B11,"") | S6: =IFERROR(ABS(J6-'02_대상물건입력'!B10),"") | T6: =IFERROR(ABS('01_설정'!B4-F6),"") | U6: =IFERROR(ABS(K6-YEAR('02_대상물건입력'!B14)),"") | V6: =IF(B6="","",IF(AND(E6>0,F6>0,H6>0,OR(IFERROR(INDEX('04A_국토부원자료'!$A:$T,ROW()+1,MATCH("해제사유발생일",'04A_국토부원자료'!$A$4:$T$4,0)),"")="",IFERROR(INDEX('04A_국토부원자료'!$A:$T,ROW()+1,MATCH("해제사유발생일",'04A_국토부원자료'!$A$4:$T$4,0)),"")="-"),IF('01_설정'!B10=1,N6=1,TRUE()),R6<='01_설정'!B5,S6<='01_설정'!B6,T6<='01_설정'!B7,U6<='01_설정'!B8),"Y","")) | W6: =IF(V6<>"Y","",MAX(0,(1-R6/'01_설정'!B5))*'01_설정'!B14+MAX(0,(1-S6/'01_설정'!B6))*'01_설정'!B15+MAX(0,(1-T6/'01_설정'!B7))*'01_설정'!B16+MAX(0,(1-U6/'01_설정'!B8))*'01_설정'!B17+O6*'01_설정'!B11+Q6*'01_설정'!B12+P6*'01_설정'!B13+IF(Z6="",0,Z6)) | X6: =IF(W6="","",1+COUNTIFS($W$4:$W$3003,">"&W6)+COUNTIFS($W$4:W6,W6)-1) | Y6: =IF(OR(I6="",'02_대상물건입력'!B19="",'02_대상물건입력'!B19<=0),"",ABS(I6-'02_대상물건입력'!B19)/'02_대상물건입력'!B19) | Z6: =IF(OR(Y6="",'01_설정'!B31="",'01_설정'!B31<=0,'01_설정'!B32="",'01_설정'!B32<=0),"",MAX(0,(1-Y6/'01_설정'!B32))*'01_설정'!B31)
A7: =IF(INDEX('04A_국토부원자료'!$A:$A,ROW()+1)="","",ROW()-3) | B7: =IFERROR(INDEX('04A_국토부원자료'!$A:$T,ROW()+1,MATCH("시군구",'04A_국토부원자료'!$A$4:$T$4,0)),"") | C7: =IF(B7="","",IFERROR(INDEX('04A_국토부원자료'!$A:$T,ROW()+1,MATCH("번지",'04A_국토부원자료'!$A$4:$T$4,0)),"")) | D7: =IF(B7="","",IF(Q7=1,'02_대상물건입력'!$B$8,IFERROR(INDEX('04A_국토부원자료'!$A:$T,ROW()+1,MATCH("단지명",'04A_국토부원자료'!$A$4:$T$4,0)),""))) | E7: =IFERROR(VALUE(SUBSTITUTE(INDEX('04A_국토부원자료'!$A:$T,ROW()+1,MATCH("전용면적(㎡)",'04A_국토부원자료'!$A$4:$T$4,0)),",","")),"") | F7: =IFERROR(IF(AND(INDEX('04A_국토부원자료'!$A:$T,ROW()+1,MATCH("계약년월",'04A_국토부원자료'!$A$4:$T$4,0))<>"",INDEX('04A_국토부원자료'!$A:$T,ROW()+1,MATCH("계약일",'04A_국토부원자료'!$A$4:$T$4,0))<>""),DATE(INT(VALUE(SUBSTITUTE(INDEX('04A_국토부원자료'!$A:$T,ROW()+1,MATCH("계약년월",'04A_국토부원자료'!$A$4:$T$4,0)),",",""))/100),MOD(VALUE(SUBSTITUTE(INDEX('04A_국토부원자료'!$A:$T,ROW()+1,MATCH("계약년월",'04A_국토부원자료'!$A$4:$T$4,0)),",","")),100),VALUE(SUBSTITUTE(INDEX('04A_국토부원자료'!$A:$T,ROW()+1,MATCH("계약일",'04A_국토부원자료'!$A$4:$T$4,0)),",",""))),""),"") | G7: =IFERROR(VALUE(SUBSTITUTE(INDEX('04A_국토부원자료'!$A:$T,ROW()+1,MATCH("거래금액(만원)",'04A_국토부원자료'!$A$4:$T$4,0)),",","")),"") | H7: =IF(G7="","",G7*10000) | I7: =IFERROR(IF(AND(H7>0,E7>0),H7/E7,""),"") | J7: =IFERROR(VALUE(SUBSTITUTE(INDEX('04A_국토부원자료'!$A:$T,ROW()+1,MATCH("층",'04A_국토부원자료'!$A$4:$T$4,0)),",","")),"") | K7: =IFERROR(VALUE(SUBSTITUTE(INDEX('04A_국토부원자료'!$A:$T,ROW()+1,MATCH("건축년도",'04A_국토부원자료'!$A$4:$T$4,0)),",","")),"") | L7: =IFERROR(INDEX('04A_국토부원자료'!$A:$T,ROW()+1,MATCH("도로명",'04A_국토부원자료'!$A$4:$T$4,0)),"") | M7: =IFERROR(INDEX('04A_국토부원자료'!$A:$T,ROW()+1,MATCH("거래유형",'04A_국토부원자료'!$A$4:$T$4,0)),"") | N7: =IF(B7="","",IF('02_대상물건입력'!B5="",1,IF(ISNUMBER(SEARCH('02_대상물건입력'!B5,B7)),1,0))) | O7: =IF(B7="","",IF('02_대상물건입력'!B6="",1,IF(ISNUMBER(SEARCH('02_대상물건입력'!B6,B7)),1,0))) | P7: =IF(L7="","",IF('02_대상물건입력'!B15="",0,IF(ISNUMBER(SEARCH('02_대상물건입력'!B15,L7)),1,0))) | Q7: =IF(OR(C7="",L7=""),0,IF(AND(TRIM(C7)=TRIM(RIGHT(SUBSTITUTE(TRIM('02_대상물건입력'!$B$7)," ",REPT(" ",99)),99)),IF('02_대상물건입력'!B15="",TRUE(),ISNUMBER(SEARCH('02_대상물건입력'!B15,L7)))),1,0)) | R7: =IFERROR(ABS(E7-'02_대상물건입력'!B11)/'02_대상물건입력'!B11,"") | S7: =IFERROR(ABS(J7-'02_대상물건입력'!B10),"") | T7: =IFERROR(ABS('01_설정'!B4-F7),"") | U7: =IFERROR(ABS(K7-YEAR('02_대상물건입력'!B14)),"") | V7: =IF(B7="","",IF(AND(E7>0,F7>0,H7>0,OR(IFERROR(INDEX('04A_국토부원자료'!$A:$T,ROW()+1,MATCH("해제사유발생일",'04A_국토부원자료'!$A$4:$T$4,0)),"")="",IFERROR(INDEX('04A_국토부원자료'!$A:$T,ROW()+1,MATCH("해제사유발생일",'04A_국토부원자료'!$A$4:$T$4,0)),"")="-"),IF('01_설정'!B10=1,N7=1,TRUE()),R7<='01_설정'!B5,S7<='01_설정'!B6,T7<='01_설정'!B7,U7<='01_설정'!B8),"Y","")) | W7: =IF(V7<>"Y","",MAX(0,(1-R7/'01_설정'!B5))*'01_설정'!B14+MAX(0,(1-S7/'01_설정'!B6))*'01_설정'!B15+MAX(0,(1-T7/'01_설정'!B7))*'01_설정'!B16+MAX(0,(1-U7/'01_설정'!B8))*'01_설정'!B17+O7*'01_설정'!B11+Q7*'01_설정'!B12+P7*'01_설정'!B13+IF(Z7="",0,Z7)) | X7: =IF(W7="","",1+COUNTIFS($W$4:$W$3003,">"&W7)+COUNTIFS($W$4:W7,W7)-1) | Y7: =IF(OR(I7="",'02_대상물건입력'!B19="",'02_대상물건입력'!B19<=0),"",ABS(I7-'02_대상물건입력'!B19)/'02_대상물건입력'!B19) | Z7: =IF(OR(Y7="",'01_설정'!B31="",'01_설정'!B31<=0,'01_설정'!B32="",'01_설정'!B32<=0),"",MAX(0,(1-Y7/'01_설정'!B32))*'01_설정'!B31)
A8: =IF(INDEX('04A_국토부원자료'!$A:$A,ROW()+1)="","",ROW()-3) | B8: =IFERROR(INDEX('04A_국토부원자료'!$A:$T,ROW()+1,MATCH("시군구",'04A_국토부원자료'!$A$4:$T$4,0)),"") | C8: =IF(B8="","",IFERROR(INDEX('04A_국토부원자료'!$A:$T,ROW()+1,MATCH("번지",'04A_국토부원자료'!$A$4:$T$4,0)),"")) | D8: =IF(B8="","",IF(Q8=1,'02_대상물건입력'!$B$8,IFERROR(INDEX('04A_국토부원자료'!$A:$T,ROW()+1,MATCH("단지명",'04A_국토부원자료'!$A$4:$T$4,0)),""))) | E8: =IFERROR(VALUE(SUBSTITUTE(INDEX('04A_국토부원자료'!$A:$T,ROW()+1,MATCH("전용면적(㎡)",'04A_국토부원자료'!$A$4:$T$4,0)),",","")),"") | F8: =IFERROR(IF(AND(INDEX('04A_국토부원자료'!$A:$T,ROW()+1,MATCH("계약년월",'04A_국토부원자료'!$A$4:$T$4,0))<>"",INDEX('04A_국토부원자료'!$A:$T,ROW()+1,MATCH("계약일",'04A_국토부원자료'!$A$4:$T$4,0))<>""),DATE(INT(VALUE(SUBSTITUTE(INDEX('04A_국토부원자료'!$A:$T,ROW()+1,MATCH("계약년월",'04A_국토부원자료'!$A$4:$T$4,0)),",",""))/100),MOD(VALUE(SUBSTITUTE(INDEX('04A_국토부원자료'!$A:$T,ROW()+1,MATCH("계약년월",'04A_국토부원자료'!$A$4:$T$4,0)),",","")),100),VALUE(SUBSTITUTE(INDEX('04A_국토부원자료'!$A:$T,ROW()+1,MATCH("계약일",'04A_국토부원자료'!$A$4:$T$4,0)),",",""))),""),"") | G8: =IFERROR(VALUE(SUBSTITUTE(INDEX('04A_국토부원자료'!$A:$T,ROW()+1,MATCH("거래금액(만원)",'04A_국토부원자료'!$A$4:$T$4,0)),",","")),"") | H8: =IF(G8="","",G8*10000) | I8: =IFERROR(IF(AND(H8>0,E8>0),H8/E8,""),"") | J8: =IFERROR(VALUE(SUBSTITUTE(INDEX('04A_국토부원자료'!$A:$T,ROW()+1,MATCH("층",'04A_국토부원자료'!$A$4:$T$4,0)),",","")),"") | K8: =IFERROR(VALUE(SUBSTITUTE(INDEX('04A_국토부원자료'!$A:$T,ROW()+1,MATCH("건축년도",'04A_국토부원자료'!$A$4:$T$4,0)),",","")),"") | L8: =IFERROR(INDEX('04A_국토부원자료'!$A:$T,ROW()+1,MATCH("도로명",'04A_국토부원자료'!$A$4:$T$4,0)),"") | M8: =IFERROR(INDEX('04A_국토부원자료'!$A:$T,ROW()+1,MATCH("거래유형",'04A_국토부원자료'!$A$4:$T$4,0)),"") | N8: =IF(B8="","",IF('02_대상물건입력'!B5="",1,IF(ISNUMBER(SEARCH('02_대상물건입력'!B5,B8)),1,0))) | O8: =IF(B8="","",IF('02_대상물건입력'!B6="",1,IF(ISNUMBER(SEARCH('02_대상물건입력'!B6,B8)),1,0))) | P8: =IF(L8="","",IF('02_대상물건입력'!B15="",0,IF(ISNUMBER(SEARCH('02_대상물건입력'!B15,L8)),1,0))) | Q8: =IF(OR(C8="",L8=""),0,IF(AND(TRIM(C8)=TRIM(RIGHT(SUBSTITUTE(TRIM('02_대상물건입력'!$B$7)," ",REPT(" ",99)),99)),IF('02_대상물건입력'!B15="",TRUE(),ISNUMBER(SEARCH('02_대상물건입력'!B15,L8)))),1,0)) | R8: =IFERROR(ABS(E8-'02_대상물건입력'!B11)/'02_대상물건입력'!B11,"") | S8: =IFERROR(ABS(J8-'02_대상물건입력'!B10),"") | T8: =IFERROR(ABS('01_설정'!B4-F8),"") | U8: =IFERROR(ABS(K8-YEAR('02_대상물건입력'!B14)),"") | V8: =IF(B8="","",IF(AND(E8>0,F8>0,H8>0,OR(IFERROR(INDEX('04A_국토부원자료'!$A:$T,ROW()+1,MATCH("해제사유발생일",'04A_국토부원자료'!$A$4:$T$4,0)),"")="",IFERROR(INDEX('04A_국토부원자료'!$A:$T,ROW()+1,MATCH("해제사유발생일",'04A_국토부원자료'!$A$4:$T$4,0)),"")="-"),IF('01_설정'!B10=1,N8=1,TRUE()),R8<='01_설정'!B5,S8<='01_설정'!B6,T8<='01_설정'!B7,U8<='01_설정'!B8),"Y","")) | W8: =IF(V8<>"Y","",MAX(0,(1-R8/'01_설정'!B5))*'01_설정'!B14+MAX(0,(1-S8/'01_설정'!B6))*'01_설정'!B15+MAX(0,(1-T8/'01_설정'!B7))*'01_설정'!B16+MAX(0,(1-U8/'01_설정'!B8))*'01_설정'!B17+O8*'01_설정'!B11+Q8*'01_설정'!B12+P8*'01_설정'!B13+IF(Z8="",0,Z8)) | X8: =IF(W8="","",1+COUNTIFS($W$4:$W$3003,">"&W8)+COUNTIFS($W$4:W8,W8)-1) | Y8: =IF(OR(I8="",'02_대상물건입력'!B19="",'02_대상물건입력'!B19<=0),"",ABS(I8-'02_대상물건입력'!B19)/'02_대상물건입력'!B19) | Z8: =IF(OR(Y8="",'01_설정'!B31="",'01_설정'!B31<=0,'01_설정'!B32="",'01_설정'!B32<=0),"",MAX(0,(1-Y8/'01_설정'!B32))*'01_설정'!B31)
A9: =IF(INDEX('04A_국토부원자료'!$A:$A,ROW()+1)="","",ROW()-3) | B9: =IFERROR(INDEX('04A_국토부원자료'!$A:$T,ROW()+1,MATCH("시군구",'04A_국토부원자료'!$A$4:$T$4,0)),"") | C9: =IF(B9="","",IFERROR(INDEX('04A_국토부원자료'!$A:$T,ROW()+1,MATCH("번지",'04A_국토부원자료'!$A$4:$T$4,0)),"")) | D9: =IF(B9="","",IF(Q9=1,'02_대상물건입력'!$B$8,IFERROR(INDEX('04A_국토부원자료'!$A:$T,ROW()+1,MATCH("단지명",'04A_국토부원자료'!$A$4:$T$4,0)),""))) | E9: =IFERROR(VALUE(SUBSTITUTE(INDEX('04A_국토부원자료'!$A:$T,ROW()+1,MATCH("전용면적(㎡)",'04A_국토부원자료'!$A$4:$T$4,0)),",","")),"") | F9: =IFERROR(IF(AND(INDEX('04A_국토부원자료'!$A:$T,ROW()+1,MATCH("계약년월",'04A_국토부원자료'!$A$4:$T$4,0))<>"",INDEX('04A_국토부원자료'!$A:$T,ROW()+1,MATCH("계약일",'04A_국토부원자료'!$A$4:$T$4,0))<>""),DATE(INT(VALUE(SUBSTITUTE(INDEX('04A_국토부원자료'!$A:$T,ROW()+1,MATCH("계약년월",'04A_국토부원자료'!$A$4:$T$4,0)),",",""))/100),MOD(VALUE(SUBSTITUTE(INDEX('04A_국토부원자료'!$A:$T,ROW()+1,MATCH("계약년월",'04A_국토부원자료'!$A$4:$T$4,0)),",","")),100),VALUE(SUBSTITUTE(INDEX('04A_국토부원자료'!$A:$T,ROW()+1,MATCH("계약일",'04A_국토부원자료'!$A$4:$T$4,0)),",",""))),""),"") | G9: =IFERROR(VALUE(SUBSTITUTE(INDEX('04A_국토부원자료'!$A:$T,ROW()+1,MATCH("거래금액(만원)",'04A_국토부원자료'!$A$4:$T$4,0)),",","")),"") | H9: =IF(G9="","",G9*10000) | I9: =IFERROR(IF(AND(H9>0,E9>0),H9/E9,""),"") | J9: =IFERROR(VALUE(SUBSTITUTE(INDEX('04A_국토부원자료'!$A:$T,ROW()+1,MATCH("층",'04A_국토부원자료'!$A$4:$T$4,0)),",","")),"") | K9: =IFERROR(VALUE(SUBSTITUTE(INDEX('04A_국토부원자료'!$A:$T,ROW()+1,MATCH("건축년도",'04A_국토부원자료'!$A$4:$T$4,0)),",","")),"") | L9: =IFERROR(INDEX('04A_국토부원자료'!$A:$T,ROW()+1,MATCH("도로명",'04A_국토부원자료'!$A$4:$T$4,0)),"") | M9: =IFERROR(INDEX('04A_국토부원자료'!$A:$T,ROW()+1,MATCH("거래유형",'04A_국토부원자료'!$A$4:$T$4,0)),"") | N9: =IF(B9="","",IF('02_대상물건입력'!B5="",1,IF(ISNUMBER(SEARCH('02_대상물건입력'!B5,B9)),1,0))) | O9: =IF(B9="","",IF('02_대상물건입력'!B6="",1,IF(ISNUMBER(SEARCH('02_대상물건입력'!B6,B9)),1,0))) | P9: =IF(L9="","",IF('02_대상물건입력'!B15="",0,IF(ISNUMBER(SEARCH('02_대상물건입력'!B15,L9)),1,0))) | Q9: =IF(OR(C9="",L9=""),0,IF(AND(TRIM(C9)=TRIM(RIGHT(SUBSTITUTE(TRIM('02_대상물건입력'!$B$7)," ",REPT(" ",99)),99)),IF('02_대상물건입력'!B15="",TRUE(),ISNUMBER(SEARCH('02_대상물건입력'!B15,L9)))),1,0)) | R9: =IFERROR(ABS(E9-'02_대상물건입력'!B11)/'02_대상물건입력'!B11,"") | S9: =IFERROR(ABS(J9-'02_대상물건입력'!B10),"") | T9: =IFERROR(ABS('01_설정'!B4-F9),"") | U9: =IFERROR(ABS(K9-YEAR('02_대상물건입력'!B14)),"") | V9: =IF(B9="","",IF(AND(E9>0,F9>0,H9>0,OR(IFERROR(INDEX('04A_국토부원자료'!$A:$T,ROW()+1,MATCH("해제사유발생일",'04A_국토부원자료'!$A$4:$T$4,0)),"")="",IFERROR(INDEX('04A_국토부원자료'!$A:$T,ROW()+1,MATCH("해제사유발생일",'04A_국토부원자료'!$A$4:$T$4,0)),"")="-"),IF('01_설정'!B10=1,N9=1,TRUE()),R9<='01_설정'!B5,S9<='01_설정'!B6,T9<='01_설정'!B7,U9<='01_설정'!B8),"Y","")) | W9: =IF(V9<>"Y","",MAX(0,(1-R9/'01_설정'!B5))*'01_설정'!B14+MAX(0,(1-S9/'01_설정'!B6))*'01_설정'!B15+MAX(0,(1-T9/'01_설정'!B7))*'01_설정'!B16+MAX(0,(1-U9/'01_설정'!B8))*'01_설정'!B17+O9*'01_설정'!B11+Q9*'01_설정'!B12+P9*'01_설정'!B13+IF(Z9="",0,Z9)) | X9: =IF(W9="","",1+COUNTIFS($W$4:$W$3003,">"&W9)+COUNTIFS($W$4:W9,W9)-1) | Y9: =IF(OR(I9="",'02_대상물건입력'!B19="",'02_대상물건입력'!B19<=0),"",ABS(I9-'02_대상물건입력'!B19)/'02_대상물건입력'!B19) | Z9: =IF(OR(Y9="",'01_설정'!B31="",'01_설정'!B31<=0,'01_설정'!B32="",'01_설정'!B32<=0),"",MAX(0,(1-Y9/'01_설정'!B32))*'01_설정'!B31)
A10: =IF(INDEX('04A_국토부원자료'!$A:$A,ROW()+1)="","",ROW()-3) | B10: =IFERROR(INDEX('04A_국토부원자료'!$A:$T,ROW()+1,MATCH("시군구",'04A_국토부원자료'!$A$4:$T$4,0)),"") | C10: =IF(B10="","",IFERROR(INDEX('04A_국토부원자료'!$A:$T,ROW()+1,MATCH("번지",'04A_국토부원자료'!$A$4:$T$4,0)),"")) | D10: =IF(B10="","",IF(Q10=1,'02_대상물건입력'!$B$8,IFERROR(INDEX('04A_국토부원자료'!$A:$T,ROW()+1,MATCH("단지명",'04A_국토부원자료'!$A$4:$T$4,0)),""))) | E10: =IFERROR(VALUE(SUBSTITUTE(INDEX('04A_국토부원자료'!$A:$T,ROW()+1,MATCH("전용면적(㎡)",'04A_국토부원자료'!$A$4:$T$4,0)),",","")),"") | F10: =IFERROR(IF(AND(INDEX('04A_국토부원자료'!$A:$T,ROW()+1,MATCH("계약년월",'04A_국토부원자료'!$A$4:$T$4,0))<>"",INDEX('04A_국토부원자료'!$A:$T,ROW()+1,MATCH("계약일",'04A_국토부원자료'!$A$4:$T$4,0))<>""),DATE(INT(VALUE(SUBSTITUTE(INDEX('04A_국토부원자료'!$A:$T,ROW()+1,MATCH("계약년월",'04A_국토부원자료'!$A$4:$T$4,0)),",",""))/100),MOD(VALUE(SUBSTITUTE(INDEX('04A_국토부원자료'!$A:$T,ROW()+1,MATCH("계약년월",'04A_국토부원자료'!$A$4:$T$4,0)),",","")),100),VALUE(SUBSTITUTE(INDEX('04A_국토부원자료'!$A:$T,ROW()+1,MATCH("계약일",'04A_국토부원자료'!$A$4:$T$4,0)),",",""))),""),"") | G10: =IFERROR(VALUE(SUBSTITUTE(INDEX('04A_국토부원자료'!$A:$T,ROW()+1,MATCH("거래금액(만원)",'04A_국토부원자료'!$A$4:$T$4,0)),",","")),"") | H10: =IF(G10="","",G10*10000) | I10: =IFERROR(IF(AND(H10>0,E10>0),H10/E10,""),"") | J10: =IFERROR(VALUE(SUBSTITUTE(INDEX('04A_국토부원자료'!$A:$T,ROW()+1,MATCH("층",'04A_국토부원자료'!$A$4:$T$4,0)),",","")),"") | K10: =IFERROR(VALUE(SUBSTITUTE(INDEX('04A_국토부원자료'!$A:$T,ROW()+1,MATCH("건축년도",'04A_국토부원자료'!$A$4:$T$4,0)),",","")),"") | L10: =IFERROR(INDEX('04A_국토부원자료'!$A:$T,ROW()+1,MATCH("도로명",'04A_국토부원자료'!$A$4:$T$4,0)),"") | M10: =IFERROR(INDEX('04A_국토부원자료'!$A:$T,ROW()+1,MATCH("거래유형",'04A_국토부원자료'!$A$4:$T$4,0)),"") | N10: =IF(B10="","",IF('02_대상물건입력'!B5="",1,IF(ISNUMBER(SEARCH('02_대상물건입력'!B5,B10)),1,0))) | O10: =IF(B10="","",IF('02_대상물건입력'!B6="",1,IF(ISNUMBER(SEARCH('02_대상물건입력'!B6,B10)),1,0))) | P10: =IF(L10="","",IF('02_대상물건입력'!B15="",0,IF(ISNUMBER(SEARCH('02_대상물건입력'!B15,L10)),1,0))) | Q10: =IF(OR(C10="",L10=""),0,IF(AND(TRIM(C10)=TRIM(RIGHT(SUBSTITUTE(TRIM('02_대상물건입력'!$B$7)," ",REPT(" ",99)),99)),IF('02_대상물건입력'!B15="",TRUE(),ISNUMBER(SEARCH('02_대상물건입력'!B15,L10)))),1,0)) | R10: =IFERROR(ABS(E10-'02_대상물건입력'!B11)/'02_대상물건입력'!B11,"") | S10: =IFERROR(ABS(J10-'02_대상물건입력'!B10),"") | T10: =IFERROR(ABS('01_설정'!B4-F10),"") | U10: =IFERROR(ABS(K10-YEAR('02_대상물건입력'!B14)),"") | V10: =IF(B10="","",IF(AND(E10>0,F10>0,H10>0,OR(IFERROR(INDEX('04A_국토부원자료'!$A:$T,ROW()+1,MATCH("해제사유발생일",'04A_국토부원자료'!$A$4:$T$4,0)),"")="",IFERROR(INDEX('04A_국토부원자료'!$A:$T,ROW()+1,MATCH("해제사유발생일",'04A_국토부원자료'!$A$4:$T$4,0)),"")="-"),IF('01_설정'!B10=1,N10=1,TRUE()),R10<='01_설정'!B5,S10<='01_설정'!B6,T10<='01_설정'!B7,U10<='01_설정'!B8),"Y","")) | W10: =IF(V10<>"Y","",MAX(0,(1-R10/'01_설정'!B5))*'01_설정'!B14+MAX(0,(1-S10/'01_설정'!B6))*'01_설정'!B15+MAX(0,(1-T10/'01_설정'!B7))*'01_설정'!B16+MAX(0,(1-U10/'01_설정'!B8))*'01_설정'!B17+O10*'01_설정'!B11+Q10*'01_설정'!B12+P10*'01_설정'!B13+IF(Z10="",0,Z10)) | X10: =IF(W10="","",1+COUNTIFS($W$4:$W$3003,">"&W10)+COUNTIFS($W$4:W10,W10)-1) | Y10: =IF(OR(I10="",'02_대상물건입력'!B19="",'02_대상물건입력'!B19<=0),"",ABS(I10-'02_대상물건입력'!B19)/'02_대상물건입력'!B19) | Z10: =IF(OR(Y10="",'01_설정'!B31="",'01_설정'!B31<=0,'01_설정'!B32="",'01_설정'!B32<=0),"",MAX(0,(1-Y10/'01_설정'!B32))*'01_설정'!B31)
A11: =IF(INDEX('04A_국토부원자료'!$A:$A,ROW()+1)="","",ROW()-3) | B11: =IFERROR(INDEX('04A_국토부원자료'!$A:$T,ROW()+1,MATCH("시군구",'04A_국토부원자료'!$A$4:$T$4,0)),"") | C11: =IF(B11="","",IFERROR(INDEX('04A_국토부원자료'!$A:$T,ROW()+1,MATCH("번지",'04A_국토부원자료'!$A$4:$T$4,0)),"")) | D11: =IF(B11="","",IF(Q11=1,'02_대상물건입력'!$B$8,IFERROR(INDEX('04A_국토부원자료'!$A:$T,ROW()+1,MATCH("단지명",'04A_국토부원자료'!$A$4:$T$4,0)),""))) | E11: =IFERROR(VALUE(SUBSTITUTE(INDEX('04A_국토부원자료'!$A:$T,ROW()+1,MATCH("전용면적(㎡)",'04A_국토부원자료'!$A$4:$T$4,0)),",","")),"") | F11: =IFERROR(IF(AND(INDEX('04A_국토부원자료'!$A:$T,ROW()+1,MATCH("계약년월",'04A_국토부원자료'!$A$4:$T$4,0))<>"",INDEX('04A_국토부원자료'!$A:$T,ROW()+1,MATCH("계약일",'04A_국토부원자료'!$A$4:$T$4,0))<>""),DATE(INT(VALUE(SUBSTITUTE(INDEX('04A_국토부원자료'!$A:$T,ROW()+1,MATCH("계약년월",'04A_국토부원자료'!$A$4:$T$4,0)),",",""))/100),MOD(VALUE(SUBSTITUTE(INDEX('04A_국토부원자료'!$A:$T,ROW()+1,MATCH("계약년월",'04A_국토부원자료'!$A$4:$T$4,0)),",","")),100),VALUE(SUBSTITUTE(INDEX('04A_국토부원자료'!$A:$T,ROW()+1,MATCH("계약일",'04A_국토부원자료'!$A$4:$T$4,0)),",",""))),""),"") | G11: =IFERROR(VALUE(SUBSTITUTE(INDEX('04A_국토부원자료'!$A:$T,ROW()+1,MATCH("거래금액(만원)",'04A_국토부원자료'!$A$4:$T$4,0)),",","")),"") | H11: =IF(G11="","",G11*10000) | I11: =IFERROR(IF(AND(H11>0,E11>0),H11/E11,""),"") | J11: =IFERROR(VALUE(SUBSTITUTE(INDEX('04A_국토부원자료'!$A:$T,ROW()+1,MATCH("층",'04A_국토부원자료'!$A$4:$T$4,0)),",","")),"") | K11: =IFERROR(VALUE(SUBSTITUTE(INDEX('04A_국토부원자료'!$A:$T,ROW()+1,MATCH("건축년도",'04A_국토부원자료'!$A$4:$T$4,0)),",","")),"") | L11: =IFERROR(INDEX('04A_국토부원자료'!$A:$T,ROW()+1,MATCH("도로명",'04A_국토부원자료'!$A$4:$T$4,0)),"") | M11: =IFERROR(INDEX('04A_국토부원자료'!$A:$T,ROW()+1,MATCH("거래유형",'04A_국토부원자료'!$A$4:$T$4,0)),"") | N11: =IF(B11="","",IF('02_대상물건입력'!B5="",1,IF(ISNUMBER(SEARCH('02_대상물건입력'!B5,B11)),1,0))) | O11: =IF(B11="","",IF('02_대상물건입력'!B6="",1,IF(ISNUMBER(SEARCH('02_대상물건입력'!B6,B11)),1,0))) | P11: =IF(L11="","",IF('02_대상물건입력'!B15="",0,IF(ISNUMBER(SEARCH('02_대상물건입력'!B15,L11)),1,0))) | Q11: =IF(OR(C11="",L11=""),0,IF(AND(TRIM(C11)=TRIM(RIGHT(SUBSTITUTE(TRIM('02_대상물건입력'!$B$7)," ",REPT(" ",99)),99)),IF('02_대상물건입력'!B15="",TRUE(),ISNUMBER(SEARCH('02_대상물건입력'!B15,L11)))),1,0)) | R11: =IFERROR(ABS(E11-'02_대상물건입력'!B11)/'02_대상물건입력'!B11,"") | S11: =IFERROR(ABS(J11-'02_대상물건입력'!B10),"") | T11: =IFERROR(ABS('01_설정'!B4-F11),"") | U11: =IFERROR(ABS(K11-YEAR('02_대상물건입력'!B14)),"") | V11: =IF(B11="","",IF(AND(E11>0,F11>0,H11>0,OR(IFERROR(INDEX('04A_국토부원자료'!$A:$T,ROW()+1,MATCH("해제사유발생일",'04A_국토부원자료'!$A$4:$T$4,0)),"")="",IFERROR(INDEX('04A_국토부원자료'!$A:$T,ROW()+1,MATCH("해제사유발생일",'04A_국토부원자료'!$A$4:$T$4,0)),"")="-"),IF('01_설정'!B10=1,N11=1,TRUE()),R11<='01_설정'!B5,S11<='01_설정'!B6,T11<='01_설정'!B7,U11<='01_설정'!B8),"Y","")) | W11: =IF(V11<>"Y","",MAX(0,(1-R11/'01_설정'!B5))*'01_설정'!B14+MAX(0,(1-S11/'01_설정'!B6))*'01_설정'!B15+MAX(0,(1-T11/'01_설정'!B7))*'01_설정'!B16+MAX(0,(1-U11/'01_설정'!B8))*'01_설정'!B17+O11*'01_설정'!B11+Q11*'01_설정'!B12+P11*'01_설정'!B13+IF(Z11="",0,Z11)) | X11: =IF(W11="","",1+COUNTIFS($W$4:$W$3003,">"&W11)+COUNTIFS($W$4:W11,W11)-1) | Y11: =IF(OR(I11="",'02_대상물건입력'!B19="",'02_대상물건입력'!B19<=0),"",ABS(I11-'02_대상물건입력'!B19)/'02_대상물건입력'!B19) | Z11: =IF(OR(Y11="",'01_설정'!B31="",'01_설정'!B31<=0,'01_설정'!B32="",'01_설정'!B32<=0),"",MAX(0,(1-Y11/'01_설정'!B32))*'01_설정'!B31)
A12: =IF(INDEX('04A_국토부원자료'!$A:$A,ROW()+1)="","",ROW()-3) | B12: =IFERROR(INDEX('04A_국토부원자료'!$A:$T,ROW()+1,MATCH("시군구",'04A_국토부원자료'!$A$4:$T$4,0)),"") | C12: =IF(B12="","",IFERROR(INDEX('04A_국토부원자료'!$A:$T,ROW()+1,MATCH("번지",'04A_국토부원자료'!$A$4:$T$4,0)),"")) | D12: =IF(B12="","",IF(Q12=1,'02_대상물건입력'!$B$8,IFERROR(INDEX('04A_국토부원자료'!$A:$T,ROW()+1,MATCH("단지명",'04A_국토부원자료'!$A$4:$T$4,0)),""))) | E12: =IFERROR(VALUE(SUBSTITUTE(INDEX('04A_국토부원자료'!$A:$T,ROW()+1,MATCH("전용면적(㎡)",'04A_국토부원자료'!$A$4:$T$4,0)),",","")),"") | F12: =IFERROR(IF(AND(INDEX('04A_국토부원자료'!$A:$T,ROW()+1,MATCH("계약년월",'04A_국토부원자료'!$A$4:$T$4,0))<>"",INDEX('04A_국토부원자료'!$A:$T,ROW()+1,MATCH("계약일",'04A_국토부원자료'!$A$4:$T$4,0))<>""),DATE(INT(VALUE(SUBSTITUTE(INDEX('04A_국토부원자료'!$A:$T,ROW()+1,MATCH("계약년월",'04A_국토부원자료'!$A$4:$T$4,0)),",",""))/100),MOD(VALUE(SUBSTITUTE(INDEX('04A_국토부원자료'!$A:$T,ROW()+1,MATCH("계약년월",'04A_국토부원자료'!$A$4:$T$4,0)),",","")),100),VALUE(SUBSTITUTE(INDEX('04A_국토부원자료'!$A:$T,ROW()+1,MATCH("계약일",'04A_국토부원자료'!$A$4:$T$4,0)),",",""))),""),"") | G12: =IFERROR(VALUE(SUBSTITUTE(INDEX('04A_국토부원자료'!$A:$T,ROW()+1,MATCH("거래금액(만원)",'04A_국토부원자료'!$A$4:$T$4,0)),",","")),"") | H12: =IF(G12="","",G12*10000) | I12: =IFERROR(IF(AND(H12>0,E12>0),H12/E12,""),"") | J12: =IFERROR(VALUE(SUBSTITUTE(INDEX('04A_국토부원자료'!$A:$T,ROW()+1,MATCH("층",'04A_국토부원자료'!$A$4:$T$4,0)),",","")),"") | K12: =IFERROR(VALUE(SUBSTITUTE(INDEX('04A_국토부원자료'!$A:$T,ROW()+1,MATCH("건축년도",'04A_국토부원자료'!$A$4:$T$4,0)),",","")),"") | L12: =IFERROR(INDEX('04A_국토부원자료'!$A:$T,ROW()+1,MATCH("도로명",'04A_국토부원자료'!$A$4:$T$4,0)),"") | M12: =IFERROR(INDEX('04A_국토부원자료'!$A:$T,ROW()+1,MATCH("거래유형",'04A_국토부원자료'!$A$4:$T$4,0)),"") | N12: =IF(B12="","",IF('02_대상물건입력'!B5="",1,IF(ISNUMBER(SEARCH('02_대상물건입력'!B5,B12)),1,0))) | O12: =IF(B12="","",IF('02_대상물건입력'!B6="",1,IF(ISNUMBER(SEARCH('02_대상물건입력'!B6,B12)),1,0))) | P12: =IF(L12="","",IF('02_대상물건입력'!B15="",0,IF(ISNUMBER(SEARCH('02_대상물건입력'!B15,L12)),1,0))) | Q12: =IF(OR(C12="",L12=""),0,IF(AND(TRIM(C12)=TRIM(RIGHT(SUBSTITUTE(TRIM('02_대상물건입력'!$B$7)," ",REPT(" ",99)),99)),IF('02_대상물건입력'!B15="",TRUE(),ISNUMBER(SEARCH('02_대상물건입력'!B15,L12)))),1,0)) | R12: =IFERROR(ABS(E12-'02_대상물건입력'!B11)/'02_대상물건입력'!B11,"") | S12: =IFERROR(ABS(J12-'02_대상물건입력'!B10),"") | T12: =IFERROR(ABS('01_설정'!B4-F12),"") | U12: =IFERROR(ABS(K12-YEAR('02_대상물건입력'!B14)),"") | V12: =IF(B12="","",IF(AND(E12>0,F12>0,H12>0,OR(IFERROR(INDEX('04A_국토부원자료'!$A:$T,ROW()+1,MATCH("해제사유발생일",'04A_국토부원자료'!$A$4:$T$4,0)),"")="",IFERROR(INDEX('04A_국토부원자료'!$A:$T,ROW()+1,MATCH("해제사유발생일",'04A_국토부원자료'!$A$4:$T$4,0)),"")="-"),IF('01_설정'!B10=1,N12=1,TRUE()),R12<='01_설정'!B5,S12<='01_설정'!B6,T12<='01_설정'!B7,U12<='01_설정'!B8),"Y","")) | W12: =IF(V12<>"Y","",MAX(0,(1-R12/'01_설정'!B5))*'01_설정'!B14+MAX(0,(1-S12/'01_설정'!B6))*'01_설정'!B15+MAX(0,(1-T12/'01_설정'!B7))*'01_설정'!B16+MAX(0,(1-U12/'01_설정'!B8))*'01_설정'!B17+O12*'01_설정'!B11+Q12*'01_설정'!B12+P12*'01_설정'!B13+IF(Z12="",0,Z12)) | X12: =IF(W12="","",1+COUNTIFS($W$4:$W$3003,">"&W12)+COUNTIFS($W$4:W12,W12)-1) | Y12: =IF(OR(I12="",'02_대상물건입력'!B19="",'02_대상물건입력'!B19<=0),"",ABS(I12-'02_대상물건입력'!B19)/'02_대상물건입력'!B19) | Z12: =IF(OR(Y12="",'01_설정'!B31="",'01_설정'!B31<=0,'01_설정'!B32="",'01_설정'!B32<=0),"",MAX(0,(1-Y12/'01_설정'!B32))*'01_설정'!B31)
A13: =IF(INDEX('04A_국토부원자료'!$A:$A,ROW()+1)="","",ROW()-3) | B13: =IFERROR(INDEX('04A_국토부원자료'!$A:$T,ROW()+1,MATCH("시군구",'04A_국토부원자료'!$A$4:$T$4,0)),"") | C13: =IF(B13="","",IFERROR(INDEX('04A_국토부원자료'!$A:$T,ROW()+1,MATCH("번지",'04A_국토부원자료'!$A$4:$T$4,0)),"")) | D13: =IF(B13="","",IF(Q13=1,'02_대상물건입력'!$B$8,IFERROR(INDEX('04A_국토부원자료'!$A:$T,ROW()+1,MATCH("단지명",'04A_국토부원자료'!$A$4:$T$4,0)),""))) | E13: =IFERROR(VALUE(SUBSTITUTE(INDEX('04A_국토부원자료'!$A:$T,ROW()+1,MATCH("전용면적(㎡)",'04A_국토부원자료'!$A$4:$T$4,0)),",","")),"") | F13: =IFERROR(IF(AND(INDEX('04A_국토부원자료'!$A:$T,ROW()+1,MATCH("계약년월",'04A_국토부원자료'!$A$4:$T$4,0))<>"",INDEX('04A_국토부원자료'!$A:$T,ROW()+1,MATCH("계약일",'04A_국토부원자료'!$A$4:$T$4,0))<>""),DATE(INT(VALUE(SUBSTITUTE(INDEX('04A_국토부원자료'!$A:$T,ROW()+1,MATCH("계약년월",'04A_국토부원자료'!$A$4:$T$4,0)),",",""))/100),MOD(VALUE(SUBSTITUTE(INDEX('04A_국토부원자료'!$A:$T,ROW()+1,MATCH("계약년월",'04A_국토부원자료'!$A$4:$T$4,0)),",","")),100),VALUE(SUBSTITUTE(INDEX('04A_국토부원자료'!$A:$T,ROW()+1,MATCH("계약일",'04A_국토부원자료'!$A$4:$T$4,0)),",",""))),""),"") | G13: =IFERROR(VALUE(SUBSTITUTE(INDEX('04A_국토부원자료'!$A:$T,ROW()+1,MATCH("거래금액(만원)",'04A_국토부원자료'!$A$4:$T$4,0)),",","")),"") | H13: =IF(G13="","",G13*10000) | I13: =IFERROR(IF(AND(H13>0,E13>0),H13/E13,""),"") | J13: =IFERROR(VALUE(SUBSTITUTE(INDEX('04A_국토부원자료'!$A:$T,ROW()+1,MATCH("층",'04A_국토부원자료'!$A$4:$T$4,0)),",","")),"") | K13: =IFERROR(VALUE(SUBSTITUTE(INDEX('04A_국토부원자료'!$A:$T,ROW()+1,MATCH("건축년도",'04A_국토부원자료'!$A$4:$T$4,0)),",","")),"") | L13: =IFERROR(INDEX('04A_국토부원자료'!$A:$T,ROW()+1,MATCH("도로명",'04A_국토부원자료'!$A$4:$T$4,0)),"") | M13: =IFERROR(INDEX('04A_국토부원자료'!$A:$T,ROW()+1,MATCH("거래유형",'04A_국토부원자료'!$A$4:$T$4,0)),"") | N13: =IF(B13="","",IF('02_대상물건입력'!B5="",1,IF(ISNUMBER(SEARCH('02_대상물건입력'!B5,B13)),1,0))) | O13: =IF(B13="","",IF('02_대상물건입력'!B6="",1,IF(ISNUMBER(SEARCH('02_대상물건입력'!B6,B13)),1,0))) | P13: =IF(L13="","",IF('02_대상물건입력'!B15="",0,IF(ISNUMBER(SEARCH('02_대상물건입력'!B15,L13)),1,0))) | Q13: =IF(OR(C13="",L13=""),0,IF(AND(TRIM(C13)=TRIM(RIGHT(SUBSTITUTE(TRIM('02_대상물건입력'!$B$7)," ",REPT(" ",99)),99)),IF('02_대상물건입력'!B15="",TRUE(),ISNUMBER(SEARCH('02_대상물건입력'!B15,L13)))),1,0)) | R13: =IFERROR(ABS(E13-'02_대상물건입력'!B11)/'02_대상물건입력'!B11,"") | S13: =IFERROR(ABS(J13-'02_대상물건입력'!B10),"") | T13: =IFERROR(ABS('01_설정'!B4-F13),"") | U13: =IFERROR(ABS(K13-YEAR('02_대상물건입력'!B14)),"") | V13: =IF(B13="","",IF(AND(E13>0,F13>0,H13>0,OR(IFERROR(INDEX('04A_국토부원자료'!$A:$T,ROW()+1,MATCH("해제사유발생일",'04A_국토부원자료'!$A$4:$T$4,0)),"")="",IFERROR(INDEX('04A_국토부원자료'!$A:$T,ROW()+1,MATCH("해제사유발생일",'04A_국토부원자료'!$A$4:$T$4,0)),"")="-"),IF('01_설정'!B10=1,N13=1,TRUE()),R13<='01_설정'!B5,S13<='01_설정'!B6,T13<='01_설정'!B7,U13<='01_설정'!B8),"Y","")) | W13: =IF(V13<>"Y","",MAX(0,(1-R13/'01_설정'!B5))*'01_설정'!B14+MAX(0,(1-S13/'01_설정'!B6))*'01_설정'!B15+MAX(0,(1-T13/'01_설정'!B7))*'01_설정'!B16+MAX(0,(1-U13/'01_설정'!B8))*'01_설정'!B17+O13*'01_설정'!B11+Q13*'01_설정'!B12+P13*'01_설정'!B13+IF(Z13="",0,Z13)) | X13: =IF(W13="","",1+COUNTIFS($W$4:$W$3003,">"&W13)+COUNTIFS($W$4:W13,W13)-1) | Y13: =IF(OR(I13="",'02_대상물건입력'!B19="",'02_대상물건입력'!B19<=0),"",ABS(I13-'02_대상물건입력'!B19)/'02_대상물건입력'!B19) | Z13: =IF(OR(Y13="",'01_설정'!B31="",'01_설정'!B31<=0,'01_설정'!B32="",'01_설정'!B32<=0),"",MAX(0,(1-Y13/'01_설정'!B32))*'01_설정'!B31)
A14: =IF(INDEX('04A_국토부원자료'!$A:$A,ROW()+1)="","",ROW()-3) | B14: =IFERROR(INDEX('04A_국토부원자료'!$A:$T,ROW()+1,MATCH("시군구",'04A_국토부원자료'!$A$4:$T$4,0)),"") | C14: =IF(B14="","",IFERROR(INDEX('04A_국토부원자료'!$A:$T,ROW()+1,MATCH("번지",'04A_국토부원자료'!$A$4:$T$4,0)),"")) | D14: =IF(B14="","",IF(Q14=1,'02_대상물건입력'!$B$8,IFERROR(INDEX('04A_국토부원자료'!$A:$T,ROW()+1,MATCH("단지명",'04A_국토부원자료'!$A$4:$T$4,0)),""))) | E14: =IFERROR(VALUE(SUBSTITUTE(INDEX('04A_국토부원자료'!$A:$T,ROW()+1,MATCH("전용면적(㎡)",'04A_국토부원자료'!$A$4:$T$4,0)),",","")),"") | F14: =IFERROR(IF(AND(INDEX('04A_국토부원자료'!$A:$T,ROW()+1,MATCH("계약년월",'04A_국토부원자료'!$A$4:$T$4,0))<>"",INDEX('04A_국토부원자료'!$A:$T,ROW()+1,MATCH("계약일",'04A_국토부원자료'!$A$4:$T$4,0))<>""),DATE(INT(VALUE(SUBSTITUTE(INDEX('04A_국토부원자료'!$A:$T,ROW()+1,MATCH("계약년월",'04A_국토부원자료'!$A$4:$T$4,0)),",",""))/100),MOD(VALUE(SUBSTITUTE(INDEX('04A_국토부원자료'!$A:$T,ROW()+1,MATCH("계약년월",'04A_국토부원자료'!$A$4:$T$4,0)),",","")),100),VALUE(SUBSTITUTE(INDEX('04A_국토부원자료'!$A:$T,ROW()+1,MATCH("계약일",'04A_국토부원자료'!$A$4:$T$4,0)),",",""))),""),"") | G14: =IFERROR(VALUE(SUBSTITUTE(INDEX('04A_국토부원자료'!$A:$T,ROW()+1,MATCH("거래금액(만원)",'04A_국토부원자료'!$A$4:$T$4,0)),",","")),"") | H14: =IF(G14="","",G14*10000) | I14: =IFERROR(IF(AND(H14>0,E14>0),H14/E14,""),"") | J14: =IFERROR(VALUE(SUBSTITUTE(INDEX('04A_국토부원자료'!$A:$T,ROW()+1,MATCH("층",'04A_국토부원자료'!$A$4:$T$4,0)),",","")),"") | K14: =IFERROR(VALUE(SUBSTITUTE(INDEX('04A_국토부원자료'!$A:$T,ROW()+1,MATCH("건축년도",'04A_국토부원자료'!$A$4:$T$4,0)),",","")),"") | L14: =IFERROR(INDEX('04A_국토부원자료'!$A:$T,ROW()+1,MATCH("도로명",'04A_국토부원자료'!$A$4:$T$4,0)),"") | M14: =IFERROR(INDEX('04A_국토부원자료'!$A:$T,ROW()+1,MATCH("거래유형",'04A_국토부원자료'!$A$4:$T$4,0)),"") | N14: =IF(B14="","",IF('02_대상물건입력'!B5="",1,IF(ISNUMBER(SEARCH('02_대상물건입력'!B5,B14)),1,0))) | O14: =IF(B14="","",IF('02_대상물건입력'!B6="",1,IF(ISNUMBER(SEARCH('02_대상물건입력'!B6,B14)),1,0))) | P14: =IF(L14="","",IF('02_대상물건입력'!B15="",0,IF(ISNUMBER(SEARCH('02_대상물건입력'!B15,L14)),1,0))) | Q14: =IF(OR(C14="",L14=""),0,IF(AND(TRIM(C14)=TRIM(RIGHT(SUBSTITUTE(TRIM('02_대상물건입력'!$B$7)," ",REPT(" ",99)),99)),IF('02_대상물건입력'!B15="",TRUE(),ISNUMBER(SEARCH('02_대상물건입력'!B15,L14)))),1,0)) | R14: =IFERROR(ABS(E14-'02_대상물건입력'!B11)/'02_대상물건입력'!B11,"") | S14: =IFERROR(ABS(J14-'02_대상물건입력'!B10),"") | T14: =IFERROR(ABS('01_설정'!B4-F14),"") | U14: =IFERROR(ABS(K14-YEAR('02_대상물건입력'!B14)),"") | V14: =IF(B14="","",IF(AND(E14>0,F14>0,H14>0,OR(IFERROR(INDEX('04A_국토부원자료'!$A:$T,ROW()+1,MATCH("해제사유발생일",'04A_국토부원자료'!$A$4:$T$4,0)),"")="",IFERROR(INDEX('04A_국토부원자료'!$A:$T,ROW()+1,MATCH("해제사유발생일",'04A_국토부원자료'!$A$4:$T$4,0)),"")="-"),IF('01_설정'!B10=1,N14=1,TRUE()),R14<='01_설정'!B5,S14<='01_설정'!B6,T14<='01_설정'!B7,U14<='01_설정'!B8),"Y","")) | W14: =IF(V14<>"Y","",MAX(0,(1-R14/'01_설정'!B5))*'01_설정'!B14+MAX(0,(1-S14/'01_설정'!B6))*'01_설정'!B15+MAX(0,(1-T14/'01_설정'!B7))*'01_설정'!B16+MAX(0,(1-U14/'01_설정'!B8))*'01_설정'!B17+O14*'01_설정'!B11+Q14*'01_설정'!B12+P14*'01_설정'!B13+IF(Z14="",0,Z14)) | X14: =IF(W14="","",1+COUNTIFS($W$4:$W$3003,">"&W14)+COUNTIFS($W$4:W14,W14)-1) | Y14: =IF(OR(I14="",'02_대상물건입력'!B19="",'02_대상물건입력'!B19<=0),"",ABS(I14-'02_대상물건입력'!B19)/'02_대상물건입력'!B19) | Z14: =IF(OR(Y14="",'01_설정'!B31="",'01_설정'!B31<=0,'01_설정'!B32="",'01_설정'!B32<=0),"",MAX(0,(1-Y14/'01_설정'!B32))*'01_설정'!B31)
A15: =IF(INDEX('04A_국토부원자료'!$A:$A,ROW()+1)="","",ROW()-3) | B15: =IFERROR(INDEX('04A_국토부원자료'!$A:$T,ROW()+1,MATCH("시군구",'04A_국토부원자료'!$A$4:$T$4,0)),"") | C15: =IF(B15="","",IFERROR(INDEX('04A_국토부원자료'!$A:$T,ROW()+1,MATCH("번지",'04A_국토부원자료'!$A$4:$T$4,0)),"")) | D15: =IF(B15="","",IF(Q15=1,'02_대상물건입력'!$B$8,IFERROR(INDEX('04A_국토부원자료'!$A:$T,ROW()+1,MATCH("단지명",'04A_국토부원자료'!$A$4:$T$4,0)),""))) | E15: =IFERROR(VALUE(SUBSTITUTE(INDEX('04A_국토부원자료'!$A:$T,ROW()+1,MATCH("전용면적(㎡)",'04A_국토부원자료'!$A$4:$T$4,0)),",","")),"") | F15: =IFERROR(IF(AND(INDEX('04A_국토부원자료'!$A:$T,ROW()+1,MATCH("계약년월",'04A_국토부원자료'!$A$4:$T$4,0))<>"",INDEX('04A_국토부원자료'!$A:$T,ROW()+1,MATCH("계약일",'04A_국토부원자료'!$A$4:$T$4,0))<>""),DATE(INT(VALUE(SUBSTITUTE(INDEX('04A_국토부원자료'!$A:$T,ROW()+1,MATCH("계약년월",'04A_국토부원자료'!$A$4:$T$4,0)),",",""))/100),MOD(VALUE(SUBSTITUTE(INDEX('04A_국토부원자료'!$A:$T,ROW()+1,MATCH("계약년월",'04A_국토부원자료'!$A$4:$T$4,0)),",","")),100),VALUE(SUBSTITUTE(INDEX('04A_국토부원자료'!$A:$T,ROW()+1,MATCH("계약일",'04A_국토부원자료'!$A$4:$T$4,0)),",",""))),""),"") | G15: =IFERROR(VALUE(SUBSTITUTE(INDEX('04A_국토부원자료'!$A:$T,ROW()+1,MATCH("거래금액(만원)",'04A_국토부원자료'!$A$4:$T$4,0)),",","")),"") | H15: =IF(G15="","",G15*10000) | I15: =IFERROR(IF(AND(H15>0,E15>0),H15/E15,""),"") | J15: =IFERROR(VALUE(SUBSTITUTE(INDEX('04A_국토부원자료'!$A:$T,ROW()+1,MATCH("층",'04A_국토부원자료'!$A$4:$T$4,0)),",","")),"") | K15: =IFERROR(VALUE(SUBSTITUTE(INDEX('04A_국토부원자료'!$A:$T,ROW()+1,MATCH("건축년도",'04A_국토부원자료'!$A$4:$T$4,0)),",","")),"") | L15: =IFERROR(INDEX('04A_국토부원자료'!$A:$T,ROW()+1,MATCH("도로명",'04A_국토부원자료'!$A$4:$T$4,0)),"") | M15: =IFERROR(INDEX('04A_국토부원자료'!$A:$T,ROW()+1,MATCH("거래유형",'04A_국토부원자료'!$A$4:$T$4,0)),"") | N15: =IF(B15="","",IF('02_대상물건입력'!B5="",1,IF(ISNUMBER(SEARCH('02_대상물건입력'!B5,B15)),1,0))) | O15: =IF(B15="","",IF('02_대상물건입력'!B6="",1,IF(ISNUMBER(SEARCH('02_대상물건입력'!B6,B15)),1,0))) | P15: =IF(L15="","",IF('02_대상물건입력'!B15="",0,IF(ISNUMBER(SEARCH('02_대상물건입력'!B15,L15)),1,0))) | Q15: =IF(OR(C15="",L15=""),0,IF(AND(TRIM(C15)=TRIM(RIGHT(SUBSTITUTE(TRIM('02_대상물건입력'!$B$7)," ",REPT(" ",99)),99)),IF('02_대상물건입력'!B15="",TRUE(),ISNUMBER(SEARCH('02_대상물건입력'!B15,L15)))),1,0)) | R15: =IFERROR(ABS(E15-'02_대상물건입력'!B11)/'02_대상물건입력'!B11,"") | S15: =IFERROR(ABS(J15-'02_대상물건입력'!B10),"") | T15: =IFERROR(ABS('01_설정'!B4-F15),"") | U15: =IFERROR(ABS(K15-YEAR('02_대상물건입력'!B14)),"") | V15: =IF(B15="","",IF(AND(E15>0,F15>0,H15>0,OR(IFERROR(INDEX('04A_국토부원자료'!$A:$T,ROW()+1,MATCH("해제사유발생일",'04A_국토부원자료'!$A$4:$T$4,0)),"")="",IFERROR(INDEX('04A_국토부원자료'!$A:$T,ROW()+1,MATCH("해제사유발생일",'04A_국토부원자료'!$A$4:$T$4,0)),"")="-"),IF('01_설정'!B10=1,N15=1,TRUE()),R15<='01_설정'!B5,S15<='01_설정'!B6,T15<='01_설정'!B7,U15<='01_설정'!B8),"Y","")) | W15: =IF(V15<>"Y","",MAX(0,(1-R15/'01_설정'!B5))*'01_설정'!B14+MAX(0,(1-S15/'01_설정'!B6))*'01_설정'!B15+MAX(0,(1-T15/'01_설정'!B7))*'01_설정'!B16+MAX(0,(1-U15/'01_설정'!B8))*'01_설정'!B17+O15*'01_설정'!B11+Q15*'01_설정'!B12+P15*'01_설정'!B13+IF(Z15="",0,Z15)) | X15: =IF(W15="","",1+COUNTIFS($W$4:$W$3003,">"&W15)+COUNTIFS($W$4:W15,W15)-1) | Y15: =IF(OR(I15="",'02_대상물건입력'!B19="",'02_대상물건입력'!B19<=0),"",ABS(I15-'02_대상물건입력'!B19)/'02_대상물건입력'!B19) | Z15: =IF(OR(Y15="",'01_설정'!B31="",'01_설정'!B31<=0,'01_설정'!B32="",'01_설정'!B32<=0),"",MAX(0,(1-Y15/'01_설정'!B32))*'01_설정'!B31)
A16: =IF(INDEX('04A_국토부원자료'!$A:$A,ROW()+1)="","",ROW()-3) | B16: =IFERROR(INDEX('04A_국토부원자료'!$A:$T,ROW()+1,MATCH("시군구",'04A_국토부원자료'!$A$4:$T$4,0)),"") | C16: =IF(B16="","",IFERROR(INDEX('04A_국토부원자료'!$A:$T,ROW()+1,MATCH("번지",'04A_국토부원자료'!$A$4:$T$4,0)),"")) | D16: =IF(B16="","",IF(Q16=1,'02_대상물건입력'!$B$8,IFERROR(INDEX('04A_국토부원자료'!$A:$T,ROW()+1,MATCH("단지명",'04A_국토부원자료'!$A$4:$T$4,0)),""))) | E16: =IFERROR(VALUE(SUBSTITUTE(INDEX('04A_국토부원자료'!$A:$T,ROW()+1,MATCH("전용면적(㎡)",'04A_국토부원자료'!$A$4:$T$4,0)),",","")),"") | F16: =IFERROR(IF(AND(INDEX('04A_국토부원자료'!$A:$T,ROW()+1,MATCH("계약년월",'04A_국토부원자료'!$A$4:$T$4,0))<>"",INDEX('04A_국토부원자료'!$A:$T,ROW()+1,MATCH("계약일",'04A_국토부원자료'!$A$4:$T$4,0))<>""),DATE(INT(VALUE(SUBSTITUTE(INDEX('04A_국토부원자료'!$A:$T,ROW()+1,MATCH("계약년월",'04A_국토부원자료'!$A$4:$T$4,0)),",",""))/100),MOD(VALUE(SUBSTITUTE(INDEX('04A_국토부원자료'!$A:$T,ROW()+1,MATCH("계약년월",'04A_국토부원자료'!$A$4:$T$4,0)),",","")),100),VALUE(SUBSTITUTE(INDEX('04A_국토부원자료'!$A:$T,ROW()+1,MATCH("계약일",'04A_국토부원자료'!$A$4:$T$4,0)),",",""))),""),"") | G16: =IFERROR(VALUE(SUBSTITUTE(INDEX('04A_국토부원자료'!$A:$T,ROW()+1,MATCH("거래금액(만원)",'04A_국토부원자료'!$A$4:$T$4,0)),",","")),"") | H16: =IF(G16="","",G16*10000) | I16: =IFERROR(IF(AND(H16>0,E16>0),H16/E16,""),"") | J16: =IFERROR(VALUE(SUBSTITUTE(INDEX('04A_국토부원자료'!$A:$T,ROW()+1,MATCH("층",'04A_국토부원자료'!$A$4:$T$4,0)),",","")),"") | K16: =IFERROR(VALUE(SUBSTITUTE(INDEX('04A_국토부원자료'!$A:$T,ROW()+1,MATCH("건축년도",'04A_국토부원자료'!$A$4:$T$4,0)),",","")),"") | L16: =IFERROR(INDEX('04A_국토부원자료'!$A:$T,ROW()+1,MATCH("도로명",'04A_국토부원자료'!$A$4:$T$4,0)),"") | M16: =IFERROR(INDEX('04A_국토부원자료'!$A:$T,ROW()+1,MATCH("거래유형",'04A_국토부원자료'!$A$4:$T$4,0)),"") | N16: =IF(B16="","",IF('02_대상물건입력'!B5="",1,IF(ISNUMBER(SEARCH('02_대상물건입력'!B5,B16)),1,0))) | O16: =IF(B16="","",IF('02_대상물건입력'!B6="",1,IF(ISNUMBER(SEARCH('02_대상물건입력'!B6,B16)),1,0))) | P16: =IF(L16="","",IF('02_대상물건입력'!B15="",0,IF(ISNUMBER(SEARCH('02_대상물건입력'!B15,L16)),1,0))) | Q16: =IF(OR(C16="",L16=""),0,IF(AND(TRIM(C16)=TRIM(RIGHT(SUBSTITUTE(TRIM('02_대상물건입력'!$B$7)," ",REPT(" ",99)),99)),IF('02_대상물건입력'!B15="",TRUE(),ISNUMBER(SEARCH('02_대상물건입력'!B15,L16)))),1,0)) | R16: =IFERROR(ABS(E16-'02_대상물건입력'!B11)/'02_대상물건입력'!B11,"") | S16: =IFERROR(ABS(J16-'02_대상물건입력'!B10),"") | T16: =IFERROR(ABS('01_설정'!B4-F16),"") | U16: =IFERROR(ABS(K16-YEAR('02_대상물건입력'!B14)),"") | V16: =IF(B16="","",IF(AND(E16>0,F16>0,H16>0,OR(IFERROR(INDEX('04A_국토부원자료'!$A:$T,ROW()+1,MATCH("해제사유발생일",'04A_국토부원자료'!$A$4:$T$4,0)),"")="",IFERROR(INDEX('04A_국토부원자료'!$A:$T,ROW()+1,MATCH("해제사유발생일",'04A_국토부원자료'!$A$4:$T$4,0)),"")="-"),IF('01_설정'!B10=1,N16=1,TRUE()),R16<='01_설정'!B5,S16<='01_설정'!B6,T16<='01_설정'!B7,U16<='01_설정'!B8),"Y","")) | W16: =IF(V16<>"Y","",MAX(0,(1-R16/'01_설정'!B5))*'01_설정'!B14+MAX(0,(1-S16/'01_설정'!B6))*'01_설정'!B15+MAX(0,(1-T16/'01_설정'!B7))*'01_설정'!B16+MAX(0,(1-U16/'01_설정'!B8))*'01_설정'!B17+O16*'01_설정'!B11+Q16*'01_설정'!B12+P16*'01_설정'!B13+IF(Z16="",0,Z16)) | X16: =IF(W16="","",1+COUNTIFS($W$4:$W$3003,">"&W16)+COUNTIFS($W$4:W16,W16)-1) | Y16: =IF(OR(I16="",'02_대상물건입력'!B19="",'02_대상물건입력'!B19<=0),"",ABS(I16-'02_대상물건입력'!B19)/'02_대상물건입력'!B19) | Z16: =IF(OR(Y16="",'01_설정'!B31="",'01_설정'!B31<=0,'01_설정'!B32="",'01_설정'!B32<=0),"",MAX(0,(1-Y16/'01_설정'!B32))*'01_설정'!B31)
A17: =IF(INDEX('04A_국토부원자료'!$A:$A,ROW()+1)="","",ROW()-3) | B17: =IFERROR(INDEX('04A_국토부원자료'!$A:$T,ROW()+1,MATCH("시군구",'04A_국토부원자료'!$A$4:$T$4,0)),"") | C17: =IF(B17="","",IFERROR(INDEX('04A_국토부원자료'!$A:$T,ROW()+1,MATCH("번지",'04A_국토부원자료'!$A$4:$T$4,0)),"")) | D17: =IF(B17="","",IF(Q17=1,'02_대상물건입력'!$B$8,IFERROR(INDEX('04A_국토부원자료'!$A:$T,ROW()+1,MATCH("단지명",'04A_국토부원자료'!$A$4:$T$4,0)),""))) | E17: =IFERROR(VALUE(SUBSTITUTE(INDEX('04A_국토부원자료'!$A:$T,ROW()+1,MATCH("전용면적(㎡)",'04A_국토부원자료'!$A$4:$T$4,0)),",","")),"") | F17: =IFERROR(IF(AND(INDEX('04A_국토부원자료'!$A:$T,ROW()+1,MATCH("계약년월",'04A_국토부원자료'!$A$4:$T$4,0))<>"",INDEX('04A_국토부원자료'!$A:$T,ROW()+1,MATCH("계약일",'04A_국토부원자료'!$A$4:$T$4,0))<>""),DATE(INT(VALUE(SUBSTITUTE(INDEX('04A_국토부원자료'!$A:$T,ROW()+1,MATCH("계약년월",'04A_국토부원자료'!$A$4:$T$4,0)),",",""))/100),MOD(VALUE(SUBSTITUTE(INDEX('04A_국토부원자료'!$A:$T,ROW()+1,MATCH("계약년월",'04A_국토부원자료'!$A$4:$T$4,0)),",","")),100),VALUE(SUBSTITUTE(INDEX('04A_국토부원자료'!$A:$T,ROW()+1,MATCH("계약일",'04A_국토부원자료'!$A$4:$T$4,0)),",",""))),""),"") | G17: =IFERROR(VALUE(SUBSTITUTE(INDEX('04A_국토부원자료'!$A:$T,ROW()+1,MATCH("거래금액(만원)",'04A_국토부원자료'!$A$4:$T$4,0)),",","")),"") | H17: =IF(G17="","",G17*10000) | I17: =IFERROR(IF(AND(H17>0,E17>0),H17/E17,""),"") | J17: =IFERROR(VALUE(SUBSTITUTE(INDEX('04A_국토부원자료'!$A:$T,ROW()+1,MATCH("층",'04A_국토부원자료'!$A$4:$T$4,0)),",","")),"") | K17: =IFERROR(VALUE(SUBSTITUTE(INDEX('04A_국토부원자료'!$A:$T,ROW()+1,MATCH("건축년도",'04A_국토부원자료'!$A$4:$T$4,0)),",","")),"") | L17: =IFERROR(INDEX('04A_국토부원자료'!$A:$T,ROW()+1,MATCH("도로명",'04A_국토부원자료'!$A$4:$T$4,0)),"") | M17: =IFERROR(INDEX('04A_국토부원자료'!$A:$T,ROW()+1,MATCH("거래유형",'04A_국토부원자료'!$A$4:$T$4,0)),"") | N17: =IF(B17="","",IF('02_대상물건입력'!B5="",1,IF(ISNUMBER(SEARCH('02_대상물건입력'!B5,B17)),1,0))) | O17: =IF(B17="","",IF('02_대상물건입력'!B6="",1,IF(ISNUMBER(SEARCH('02_대상물건입력'!B6,B17)),1,0))) | P17: =IF(L17="","",IF('02_대상물건입력'!B15="",0,IF(ISNUMBER(SEARCH('02_대상물건입력'!B15,L17)),1,0))) | Q17: =IF(OR(C17="",L17=""),0,IF(AND(TRIM(C17)=TRIM(RIGHT(SUBSTITUTE(TRIM('02_대상물건입력'!$B$7)," ",REPT(" ",99)),99)),IF('02_대상물건입력'!B15="",TRUE(),ISNUMBER(SEARCH('02_대상물건입력'!B15,L17)))),1,0)) | R17: =IFERROR(ABS(E17-'02_대상물건입력'!B11)/'02_대상물건입력'!B11,"") | S17: =IFERROR(ABS(J17-'02_대상물건입력'!B10),"") | T17: =IFERROR(ABS('01_설정'!B4-F17),"") | U17: =IFERROR(ABS(K17-YEAR('02_대상물건입력'!B14)),"") | V17: =IF(B17="","",IF(AND(E17>0,F17>0,H17>0,OR(IFERROR(INDEX('04A_국토부원자료'!$A:$T,ROW()+1,MATCH("해제사유발생일",'04A_국토부원자료'!$A$4:$T$4,0)),"")="",IFERROR(INDEX('04A_국토부원자료'!$A:$T,ROW()+1,MATCH("해제사유발생일",'04A_국토부원자료'!$A$4:$T$4,0)),"")="-"),IF('01_설정'!B10=1,N17=1,TRUE()),R17<='01_설정'!B5,S17<='01_설정'!B6,T17<='01_설정'!B7,U17<='01_설정'!B8),"Y","")) | W17: =IF(V17<>"Y","",MAX(0,(1-R17/'01_설정'!B5))*'01_설정'!B14+MAX(0,(1-S17/'01_설정'!B6))*'01_설정'!B15+MAX(0,(1-T17/'01_설정'!B7))*'01_설정'!B16+MAX(0,(1-U17/'01_설정'!B8))*'01_설정'!B17+O17*'01_설정'!B11+Q17*'01_설정'!B12+P17*'01_설정'!B13+IF(Z17="",0,Z17)) | X17: =IF(W17="","",1+COUNTIFS($W$4:$W$3003,">"&W17)+COUNTIFS($W$4:W17,W17)-1) | Y17: =IF(OR(I17="",'02_대상물건입력'!B19="",'02_대상물건입력'!B19<=0),"",ABS(I17-'02_대상물건입력'!B19)/'02_대상물건입력'!B19) | Z17: =IF(OR(Y17="",'01_설정'!B31="",'01_설정'!B31<=0,'01_설정'!B32="",'01_설정'!B32<=0),"",MAX(0,(1-Y17/'01_설정'!B32))*'01_설정'!B31)
A18: =IF(INDEX('04A_국토부원자료'!$A:$A,ROW()+1)="","",ROW()-3) | B18: =IFERROR(INDEX('04A_국토부원자료'!$A:$T,ROW()+1,MATCH("시군구",'04A_국토부원자료'!$A$4:$T$4,0)),"") | C18: =IF(B18="","",IFERROR(INDEX('04A_국토부원자료'!$A:$T,ROW()+1,MATCH("번지",'04A_국토부원자료'!$A$4:$T$4,0)),"")) | D18: =IF(B18="","",IF(Q18=1,'02_대상물건입력'!$B$8,IFERROR(INDEX('04A_국토부원자료'!$A:$T,ROW()+1,MATCH("단지명",'04A_국토부원자료'!$A$4:$T$4,0)),""))) | E18: =IFERROR(VALUE(SUBSTITUTE(INDEX('04A_국토부원자료'!$A:$T,ROW()+1,MATCH("전용면적(㎡)",'04A_국토부원자료'!$A$4:$T$4,0)),",","")),"") | F18: =IFERROR(IF(AND(INDEX('04A_국토부원자료'!$A:$T,ROW()+1,MATCH("계약년월",'04A_국토부원자료'!$A$4:$T$4,0))<>"",INDEX('04A_국토부원자료'!$A:$T,ROW()+1,MATCH("계약일",'04A_국토부원자료'!$A$4:$T$4,0))<>""),DATE(INT(VALUE(SUBSTITUTE(INDEX('04A_국토부원자료'!$A:$T,ROW()+1,MATCH("계약년월",'04A_국토부원자료'!$A$4:$T$4,0)),",",""))/100),MOD(VALUE(SUBSTITUTE(INDEX('04A_국토부원자료'!$A:$T,ROW()+1,MATCH("계약년월",'04A_국토부원자료'!$A$4:$T$4,0)),",","")),100),VALUE(SUBSTITUTE(INDEX('04A_국토부원자료'!$A:$T,ROW()+1,MATCH("계약일",'04A_국토부원자료'!$A$4:$T$4,0)),",",""))),""),"") | G18: =IFERROR(VALUE(SUBSTITUTE(INDEX('04A_국토부원자료'!$A:$T,ROW()+1,MATCH("거래금액(만원)",'04A_국토부원자료'!$A$4:$T$4,0)),",","")),"") | H18: =IF(G18="","",G18*10000) | I18: =IFERROR(IF(AND(H18>0,E18>0),H18/E18,""),"") | J18: =IFERROR(VALUE(SUBSTITUTE(INDEX('04A_국토부원자료'!$A:$T,ROW()+1,MATCH("층",'04A_국토부원자료'!$A$4:$T$4,0)),",","")),"") | K18: =IFERROR(VALUE(SUBSTITUTE(INDEX('04A_국토부원자료'!$A:$T,ROW()+1,MATCH("건축년도",'04A_국토부원자료'!$A$4:$T$4,0)),",","")),"") | L18: =IFERROR(INDEX('04A_국토부원자료'!$A:$T,ROW()+1,MATCH("도로명",'04A_국토부원자료'!$A$4:$T$4,0)),"") | M18: =IFERROR(INDEX('04A_국토부원자료'!$A:$T,ROW()+1,MATCH("거래유형",'04A_국토부원자료'!$A$4:$T$4,0)),"") | N18: =IF(B18="","",IF('02_대상물건입력'!B5="",1,IF(ISNUMBER(SEARCH('02_대상물건입력'!B5,B18)),1,0))) | O18: =IF(B18="","",IF('02_대상물건입력'!B6="",1,IF(ISNUMBER(SEARCH('02_대상물건입력'!B6,B18)),1,0))) | P18: =IF(L18="","",IF('02_대상물건입력'!B15="",0,IF(ISNUMBER(SEARCH('02_대상물건입력'!B15,L18)),1,0))) | Q18: =IF(OR(C18="",L18=""),0,IF(AND(TRIM(C18)=TRIM(RIGHT(SUBSTITUTE(TRIM('02_대상물건입력'!$B$7)," ",REPT(" ",99)),99)),IF('02_대상물건입력'!B15="",TRUE(),ISNUMBER(SEARCH('02_대상물건입력'!B15,L18)))),1,0)) | R18: =IFERROR(ABS(E18-'02_대상물건입력'!B11)/'02_대상물건입력'!B11,"") | S18: =IFERROR(ABS(J18-'02_대상물건입력'!B10),"") | T18: =IFERROR(ABS('01_설정'!B4-F18),"") | U18: =IFERROR(ABS(K18-YEAR('02_대상물건입력'!B14)),"") | V18: =IF(B18="","",IF(AND(E18>0,F18>0,H18>0,OR(IFERROR(INDEX('04A_국토부원자료'!$A:$T,ROW()+1,MATCH("해제사유발생일",'04A_국토부원자료'!$A$4:$T$4,0)),"")="",IFERROR(INDEX('04A_국토부원자료'!$A:$T,ROW()+1,MATCH("해제사유발생일",'04A_국토부원자료'!$A$4:$T$4,0)),"")="-"),IF('01_설정'!B10=1,N18=1,TRUE()),R18<='01_설정'!B5,S18<='01_설정'!B6,T18<='01_설정'!B7,U18<='01_설정'!B8),"Y","")) | W18: =IF(V18<>"Y","",MAX(0,(1-R18/'01_설정'!B5))*'01_설정'!B14+MAX(0,(1-S18/'01_설정'!B6))*'01_설정'!B15+MAX(0,(1-T18/'01_설정'!B7))*'01_설정'!B16+MAX(0,(1-U18/'01_설정'!B8))*'01_설정'!B17+O18*'01_설정'!B11+Q18*'01_설정'!B12+P18*'01_설정'!B13+IF(Z18="",0,Z18)) | X18: =IF(W18="","",1+COUNTIFS($W$4:$W$3003,">"&W18)+COUNTIFS($W$4:W18,W18)-1) | Y18: =IF(OR(I18="",'02_대상물건입력'!B19="",'02_대상물건입력'!B19<=0),"",ABS(I18-'02_대상물건입력'!B19)/'02_대상물건입력'!B19) | Z18: =IF(OR(Y18="",'01_설정'!B31="",'01_설정'!B31<=0,'01_설정'!B32="",'01_설정'!B32<=0),"",MAX(0,(1-Y18/'01_설정'!B32))*'01_설정'!B31)
A19: =IF(INDEX('04A_국토부원자료'!$A:$A,ROW()+1)="","",ROW()-3) | B19: =IFERROR(INDEX('04A_국토부원자료'!$A:$T,ROW()+1,MATCH("시군구",'04A_국토부원자료'!$A$4:$T$4,0)),"") | C19: =IF(B19="","",IFERROR(INDEX('04A_국토부원자료'!$A:$T,ROW()+1,MATCH("번지",'04A_국토부원자료'!$A$4:$T$4,0)),"")) | D19: =IF(B19="","",IF(Q19=1,'02_대상물건입력'!$B$8,IFERROR(INDEX('04A_국토부원자료'!$A:$T,ROW()+1,MATCH("단지명",'04A_국토부원자료'!$A$4:$T$4,0)),""))) | E19: =IFERROR(VALUE(SUBSTITUTE(INDEX('04A_국토부원자료'!$A:$T,ROW()+1,MATCH("전용면적(㎡)",'04A_국토부원자료'!$A$4:$T$4,0)),",","")),"") | F19: =IFERROR(IF(AND(INDEX('04A_국토부원자료'!$A:$T,ROW()+1,MATCH("계약년월",'04A_국토부원자료'!$A$4:$T$4,0))<>"",INDEX('04A_국토부원자료'!$A:$T,ROW()+1,MATCH("계약일",'04A_국토부원자료'!$A$4:$T$4,0))<>""),DATE(INT(VALUE(SUBSTITUTE(INDEX('04A_국토부원자료'!$A:$T,ROW()+1,MATCH("계약년월",'04A_국토부원자료'!$A$4:$T$4,0)),",",""))/100),MOD(VALUE(SUBSTITUTE(INDEX('04A_국토부원자료'!$A:$T,ROW()+1,MATCH("계약년월",'04A_국토부원자료'!$A$4:$T$4,0)),",","")),100),VALUE(SUBSTITUTE(INDEX('04A_국토부원자료'!$A:$T,ROW()+1,MATCH("계약일",'04A_국토부원자료'!$A$4:$T$4,0)),",",""))),""),"") | G19: =IFERROR(VALUE(SUBSTITUTE(INDEX('04A_국토부원자료'!$A:$T,ROW()+1,MATCH("거래금액(만원)",'04A_국토부원자료'!$A$4:$T$4,0)),",","")),"") | H19: =IF(G19="","",G19*10000) | I19: =IFERROR(IF(AND(H19>0,E19>0),H19/E19,""),"") | J19: =IFERROR(VALUE(SUBSTITUTE(INDEX('04A_국토부원자료'!$A:$T,ROW()+1,MATCH("층",'04A_국토부원자료'!$A$4:$T$4,0)),",","")),"") | K19: =IFERROR(VALUE(SUBSTITUTE(INDEX('04A_국토부원자료'!$A:$T,ROW()+1,MATCH("건축년도",'04A_국토부원자료'!$A$4:$T$4,0)),",","")),"") | L19: =IFERROR(INDEX('04A_국토부원자료'!$A:$T,ROW()+1,MATCH("도로명",'04A_국토부원자료'!$A$4:$T$4,0)),"") | M19: =IFERROR(INDEX('04A_국토부원자료'!$A:$T,ROW()+1,MATCH("거래유형",'04A_국토부원자료'!$A$4:$T$4,0)),"") | N19: =IF(B19="","",IF('02_대상물건입력'!B5="",1,IF(ISNUMBER(SEARCH('02_대상물건입력'!B5,B19)),1,0))) | O19: =IF(B19="","",IF('02_대상물건입력'!B6="",1,IF(ISNUMBER(SEARCH('02_대상물건입력'!B6,B19)),1,0))) | P19: =IF(L19="","",IF('02_대상물건입력'!B15="",0,IF(ISNUMBER(SEARCH('02_대상물건입력'!B15,L19)),1,0))) | Q19: =IF(OR(C19="",L19=""),0,IF(AND(TRIM(C19)=TRIM(RIGHT(SUBSTITUTE(TRIM('02_대상물건입력'!$B$7)," ",REPT(" ",99)),99)),IF('02_대상물건입력'!B15="",TRUE(),ISNUMBER(SEARCH('02_대상물건입력'!B15,L19)))),1,0)) | R19: =IFERROR(ABS(E19-'02_대상물건입력'!B11)/'02_대상물건입력'!B11,"") | S19: =IFERROR(ABS(J19-'02_대상물건입력'!B10),"") | T19: =IFERROR(ABS('01_설정'!B4-F19),"") | U19: =IFERROR(ABS(K19-YEAR('02_대상물건입력'!B14)),"") | V19: =IF(B19="","",IF(AND(E19>0,F19>0,H19>0,OR(IFERROR(INDEX('04A_국토부원자료'!$A:$T,ROW()+1,MATCH("해제사유발생일",'04A_국토부원자료'!$A$4:$T$4,0)),"")="",IFERROR(INDEX('04A_국토부원자료'!$A:$T,ROW()+1,MATCH("해제사유발생일",'04A_국토부원자료'!$A$4:$T$4,0)),"")="-"),IF('01_설정'!B10=1,N19=1,TRUE()),R19<='01_설정'!B5,S19<='01_설정'!B6,T19<='01_설정'!B7,U19<='01_설정'!B8),"Y","")) | W19: =IF(V19<>"Y","",MAX(0,(1-R19/'01_설정'!B5))*'01_설정'!B14+MAX(0,(1-S19/'01_설정'!B6))*'01_설정'!B15+MAX(0,(1-T19/'01_설정'!B7))*'01_설정'!B16+MAX(0,(1-U19/'01_설정'!B8))*'01_설정'!B17+O19*'01_설정'!B11+Q19*'01_설정'!B12+P19*'01_설정'!B13+IF(Z19="",0,Z19)) | X19: =IF(W19="","",1+COUNTIFS($W$4:$W$3003,">"&W19)+COUNTIFS($W$4:W19,W19)-1) | Y19: =IF(OR(I19="",'02_대상물건입력'!B19="",'02_대상물건입력'!B19<=0),"",ABS(I19-'02_대상물건입력'!B19)/'02_대상물건입력'!B19) | Z19: =IF(OR(Y19="",'01_설정'!B31="",'01_설정'!B31<=0,'01_설정'!B32="",'01_설정'!B32<=0),"",MAX(0,(1-Y19/'01_설정'!B32))*'01_설정'!B31)
A20: =IF(INDEX('04A_국토부원자료'!$A:$A,ROW()+1)="","",ROW()-3) | B20: =IFERROR(INDEX('04A_국토부원자료'!$A:$T,ROW()+1,MATCH("시군구",'04A_국토부원자료'!$A$4:$T$4,0)),"") | C20: =IF(B20="","",IFERROR(INDEX('04A_국토부원자료'!$A:$T,ROW()+1,MATCH("번지",'04A_국토부원자료'!$A$4:$T$4,0)),"")) | D20: =IF(B20="","",IF(Q20=1,'02_대상물건입력'!$B$8,IFERROR(INDEX('04A_국토부원자료'!$A:$T,ROW()+1,MATCH("단지명",'04A_국토부원자료'!$A$4:$T$4,0)),""))) | E20: =IFERROR(VALUE(SUBSTITUTE(INDEX('04A_국토부원자료'!$A:$T,ROW()+1,MATCH("전용면적(㎡)",'04A_국토부원자료'!$A$4:$T$4,0)),",","")),"") | F20: =IFERROR(IF(AND(INDEX('04A_국토부원자료'!$A:$T,ROW()+1,MATCH("계약년월",'04A_국토부원자료'!$A$4:$T$4,0))<>"",INDEX('04A_국토부원자료'!$A:$T,ROW()+1,MATCH("계약일",'04A_국토부원자료'!$A$4:$T$4,0))<>""),DATE(INT(VALUE(SUBSTITUTE(INDEX('04A_국토부원자료'!$A:$T,ROW()+1,MATCH("계약년월",'04A_국토부원자료'!$A$4:$T$4,0)),",",""))/100),MOD(VALUE(SUBSTITUTE(INDEX('04A_국토부원자료'!$A:$T,ROW()+1,MATCH("계약년월",'04A_국토부원자료'!$A$4:$T$4,0)),",","")),100),VALUE(SUBSTITUTE(INDEX('04A_국토부원자료'!$A:$T,ROW()+1,MATCH("계약일",'04A_국토부원자료'!$A$4:$T$4,0)),",",""))),""),"") | G20: =IFERROR(VALUE(SUBSTITUTE(INDEX('04A_국토부원자료'!$A:$T,ROW()+1,MATCH("거래금액(만원)",'04A_국토부원자료'!$A$4:$T$4,0)),",","")),"") | H20: =IF(G20="","",G20*10000) | I20: =IFERROR(IF(AND(H20>0,E20>0),H20/E20,""),"") | J20: =IFERROR(VALUE(SUBSTITUTE(INDEX('04A_국토부원자료'!$A:$T,ROW()+1,MATCH("층",'04A_국토부원자료'!$A$4:$T$4,0)),",","")),"") | K20: =IFERROR(VALUE(SUBSTITUTE(INDEX('04A_국토부원자료'!$A:$T,ROW()+1,MATCH("건축년도",'04A_국토부원자료'!$A$4:$T$4,0)),",","")),"") | L20: =IFERROR(INDEX('04A_국토부원자료'!$A:$T,ROW()+1,MATCH("도로명",'04A_국토부원자료'!$A$4:$T$4,0)),"") | M20: =IFERROR(INDEX('04A_국토부원자료'!$A:$T,ROW()+1,MATCH("거래유형",'04A_국토부원자료'!$A$4:$T$4,0)),"") | N20: =IF(B20="","",IF('02_대상물건입력'!B5="",1,IF(ISNUMBER(SEARCH('02_대상물건입력'!B5,B20)),1,0))) | O20: =IF(B20="","",IF('02_대상물건입력'!B6="",1,IF(ISNUMBER(SEARCH('02_대상물건입력'!B6,B20)),1,0))) | P20: =IF(L20="","",IF('02_대상물건입력'!B15="",0,IF(ISNUMBER(SEARCH('02_대상물건입력'!B15,L20)),1,0))) | Q20: =IF(OR(C20="",L20=""),0,IF(AND(TRIM(C20)=TRIM(RIGHT(SUBSTITUTE(TRIM('02_대상물건입력'!$B$7)," ",REPT(" ",99)),99)),IF('02_대상물건입력'!B15="",TRUE(),ISNUMBER(SEARCH('02_대상물건입력'!B15,L20)))),1,0)) | R20: =IFERROR(ABS(E20-'02_대상물건입력'!B11)/'02_대상물건입력'!B11,"") | S20: =IFERROR(ABS(J20-'02_대상물건입력'!B10),"") | T20: =IFERROR(ABS('01_설정'!B4-F20),"") | U20: =IFERROR(ABS(K20-YEAR('02_대상물건입력'!B14)),"") | V20: =IF(B20="","",IF(AND(E20>0,F20>0,H20>0,OR(IFERROR(INDEX('04A_국토부원자료'!$A:$T,ROW()+1,MATCH("해제사유발생일",'04A_국토부원자료'!$A$4:$T$4,0)),"")="",IFERROR(INDEX('04A_국토부원자료'!$A:$T,ROW()+1,MATCH("해제사유발생일",'04A_국토부원자료'!$A$4:$T$4,0)),"")="-"),IF('01_설정'!B10=1,N20=1,TRUE()),R20<='01_설정'!B5,S20<='01_설정'!B6,T20<='01_설정'!B7,U20<='01_설정'!B8),"Y","")) | W20: =IF(V20<>"Y","",MAX(0,(1-R20/'01_설정'!B5))*'01_설정'!B14+MAX(0,(1-S20/'01_설정'!B6))*'01_설정'!B15+MAX(0,(1-T20/'01_설정'!B7))*'01_설정'!B16+MAX(0,(1-U20/'01_설정'!B8))*'01_설정'!B17+O20*'01_설정'!B11+Q20*'01_설정'!B12+P20*'01_설정'!B13+IF(Z20="",0,Z20)) | X20: =IF(W20="","",1+COUNTIFS($W$4:$W$3003,">"&W20)+COUNTIFS($W$4:W20,W20)-1) | Y20: =IF(OR(I20="",'02_대상물건입력'!B19="",'02_대상물건입력'!B19<=0),"",ABS(I20-'02_대상물건입력'!B19)/'02_대상물건입력'!B19) | Z20: =IF(OR(Y20="",'01_설정'!B31="",'01_설정'!B31<=0,'01_설정'!B32="",'01_설정'!B32<=0),"",MAX(0,(1-Y20/'01_설정'!B32))*'01_설정'!B31)
A21: =IF(INDEX('04A_국토부원자료'!$A:$A,ROW()+1)="","",ROW()-3) | B21: =IFERROR(INDEX('04A_국토부원자료'!$A:$T,ROW()+1,MATCH("시군구",'04A_국토부원자료'!$A$4:$T$4,0)),"") | C21: =IF(B21="","",IFERROR(INDEX('04A_국토부원자료'!$A:$T,ROW()+1,MATCH("번지",'04A_국토부원자료'!$A$4:$T$4,0)),"")) | D21: =IF(B21="","",IF(Q21=1,'02_대상물건입력'!$B$8,IFERROR(INDEX('04A_국토부원자료'!$A:$T,ROW()+1,MATCH("단지명",'04A_국토부원자료'!$A$4:$T$4,0)),""))) | E21: =IFERROR(VALUE(SUBSTITUTE(INDEX('04A_국토부원자료'!$A:$T,ROW()+1,MATCH("전용면적(㎡)",'04A_국토부원자료'!$A$4:$T$4,0)),",","")),"") | F21: =IFERROR(IF(AND(INDEX('04A_국토부원자료'!$A:$T,ROW()+1,MATCH("계약년월",'04A_국토부원자료'!$A$4:$T$4,0))<>"",INDEX('04A_국토부원자료'!$A:$T,ROW()+1,MATCH("계약일",'04A_국토부원자료'!$A$4:$T$4,0))<>""),DATE(INT(VALUE(SUBSTITUTE(INDEX('04A_국토부원자료'!$A:$T,ROW()+1,MATCH("계약년월",'04A_국토부원자료'!$A$4:$T$4,0)),",",""))/100),MOD(VALUE(SUBSTITUTE(INDEX('04A_국토부원자료'!$A:$T,ROW()+1,MATCH("계약년월",'04A_국토부원자료'!$A$4:$T$4,0)),",","")),100),VALUE(SUBSTITUTE(INDEX('04A_국토부원자료'!$A:$T,ROW()+1,MATCH("계약일",'04A_국토부원자료'!$A$4:$T$4,0)),",",""))),""),"") | G21: =IFERROR(VALUE(SUBSTITUTE(INDEX('04A_국토부원자료'!$A:$T,ROW()+1,MATCH("거래금액(만원)",'04A_국토부원자료'!$A$4:$T$4,0)),",","")),"") | H21: =IF(G21="","",G21*10000) | I21: =IFERROR(IF(AND(H21>0,E21>0),H21/E21,""),"") | J21: =IFERROR(VALUE(SUBSTITUTE(INDEX('04A_국토부원자료'!$A:$T,ROW()+1,MATCH("층",'04A_국토부원자료'!$A$4:$T$4,0)),",","")),"") | K21: =IFERROR(VALUE(SUBSTITUTE(INDEX('04A_국토부원자료'!$A:$T,ROW()+1,MATCH("건축년도",'04A_국토부원자료'!$A$4:$T$4,0)),",","")),"") | L21: =IFERROR(INDEX('04A_국토부원자료'!$A:$T,ROW()+1,MATCH("도로명",'04A_국토부원자료'!$A$4:$T$4,0)),"") | M21: =IFERROR(INDEX('04A_국토부원자료'!$A:$T,ROW()+1,MATCH("거래유형",'04A_국토부원자료'!$A$4:$T$4,0)),"") | N21: =IF(B21="","",IF('02_대상물건입력'!B5="",1,IF(ISNUMBER(SEARCH('02_대상물건입력'!B5,B21)),1,0))) | O21: =IF(B21="","",IF('02_대상물건입력'!B6="",1,IF(ISNUMBER(SEARCH('02_대상물건입력'!B6,B21)),1,0))) | P21: =IF(L21="","",IF('02_대상물건입력'!B15="",0,IF(ISNUMBER(SEARCH('02_대상물건입력'!B15,L21)),1,0))) | Q21: =IF(OR(C21="",L21=""),0,IF(AND(TRIM(C21)=TRIM(RIGHT(SUBSTITUTE(TRIM('02_대상물건입력'!$B$7)," ",REPT(" ",99)),99)),IF('02_대상물건입력'!B15="",TRUE(),ISNUMBER(SEARCH('02_대상물건입력'!B15,L21)))),1,0)) | R21: =IFERROR(ABS(E21-'02_대상물건입력'!B11)/'02_대상물건입력'!B11,"") | S21: =IFERROR(ABS(J21-'02_대상물건입력'!B10),"") | T21: =IFERROR(ABS('01_설정'!B4-F21),"") | U21: =IFERROR(ABS(K21-YEAR('02_대상물건입력'!B14)),"") | V21: =IF(B21="","",IF(AND(E21>0,F21>0,H21>0,OR(IFERROR(INDEX('04A_국토부원자료'!$A:$T,ROW()+1,MATCH("해제사유발생일",'04A_국토부원자료'!$A$4:$T$4,0)),"")="",IFERROR(INDEX('04A_국토부원자료'!$A:$T,ROW()+1,MATCH("해제사유발생일",'04A_국토부원자료'!$A$4:$T$4,0)),"")="-"),IF('01_설정'!B10=1,N21=1,TRUE()),R21<='01_설정'!B5,S21<='01_설정'!B6,T21<='01_설정'!B7,U21<='01_설정'!B8),"Y","")) | W21: =IF(V21<>"Y","",MAX(0,(1-R21/'01_설정'!B5))*'01_설정'!B14+MAX(0,(1-S21/'01_설정'!B6))*'01_설정'!B15+MAX(0,(1-T21/'01_설정'!B7))*'01_설정'!B16+MAX(0,(1-U21/'01_설정'!B8))*'01_설정'!B17+O21*'01_설정'!B11+Q21*'01_설정'!B12+P21*'01_설정'!B13+IF(Z21="",0,Z21)) | X21: =IF(W21="","",1+COUNTIFS($W$4:$W$3003,">"&W21)+COUNTIFS($W$4:W21,W21)-1) | Y21: =IF(OR(I21="",'02_대상물건입력'!B19="",'02_대상물건입력'!B19<=0),"",ABS(I21-'02_대상물건입력'!B19)/'02_대상물건입력'!B19) | Z21: =IF(OR(Y21="",'01_설정'!B31="",'01_설정'!B31<=0,'01_설정'!B32="",'01_설정'!B32<=0),"",MAX(0,(1-Y21/'01_설정'!B32))*'01_설정'!B31)
A22: =IF(INDEX('04A_국토부원자료'!$A:$A,ROW()+1)="","",ROW()-3) | B22: =IFERROR(INDEX('04A_국토부원자료'!$A:$T,ROW()+1,MATCH("시군구",'04A_국토부원자료'!$A$4:$T$4,0)),"") | C22: =IF(B22="","",IFERROR(INDEX('04A_국토부원자료'!$A:$T,ROW()+1,MATCH("번지",'04A_국토부원자료'!$A$4:$T$4,0)),"")) | D22: =IF(B22="","",IF(Q22=1,'02_대상물건입력'!$B$8,IFERROR(INDEX('04A_국토부원자료'!$A:$T,ROW()+1,MATCH("단지명",'04A_국토부원자료'!$A$4:$T$4,0)),""))) | E22: =IFERROR(VALUE(SUBSTITUTE(INDEX('04A_국토부원자료'!$A:$T,ROW()+1,MATCH("전용면적(㎡)",'04A_국토부원자료'!$A$4:$T$4,0)),",","")),"") | F22: =IFERROR(IF(AND(INDEX('04A_국토부원자료'!$A:$T,ROW()+1,MATCH("계약년월",'04A_국토부원자료'!$A$4:$T$4,0))<>"",INDEX('04A_국토부원자료'!$A:$T,ROW()+1,MATCH("계약일",'04A_국토부원자료'!$A$4:$T$4,0))<>""),DATE(INT(VALUE(SUBSTITUTE(INDEX('04A_국토부원자료'!$A:$T,ROW()+1,MATCH("계약년월",'04A_국토부원자료'!$A$4:$T$4,0)),",",""))/100),MOD(VALUE(SUBSTITUTE(INDEX('04A_국토부원자료'!$A:$T,ROW()+1,MATCH("계약년월",'04A_국토부원자료'!$A$4:$T$4,0)),",","")),100),VALUE(SUBSTITUTE(INDEX('04A_국토부원자료'!$A:$T,ROW()+1,MATCH("계약일",'04A_국토부원자료'!$A$4:$T$4,0)),",",""))),""),"") | G22: =IFERROR(VALUE(SUBSTITUTE(INDEX('04A_국토부원자료'!$A:$T,ROW()+1,MATCH("거래금액(만원)",'04A_국토부원자료'!$A$4:$T$4,0)),",","")),"") | H22: =IF(G22="","",G22*10000) | I22: =IFERROR(IF(AND(H22>0,E22>0),H22/E22,""),"") | J22: =IFERROR(VALUE(SUBSTITUTE(INDEX('04A_국토부원자료'!$A:$T,ROW()+1,MATCH("층",'04A_국토부원자료'!$A$4:$T$4,0)),",","")),"") | K22: =IFERROR(VALUE(SUBSTITUTE(INDEX('04A_국토부원자료'!$A:$T,ROW()+1,MATCH("건축년도",'04A_국토부원자료'!$A$4:$T$4,0)),",","")),"") | L22: =IFERROR(INDEX('04A_국토부원자료'!$A:$T,ROW()+1,MATCH("도로명",'04A_국토부원자료'!$A$4:$T$4,0)),"") | M22: =IFERROR(INDEX('04A_국토부원자료'!$A:$T,ROW()+1,MATCH("거래유형",'04A_국토부원자료'!$A$4:$T$4,0)),"") | N22: =IF(B22="","",IF('02_대상물건입력'!B5="",1,IF(ISNUMBER(SEARCH('02_대상물건입력'!B5,B22)),1,0))) | O22: =IF(B22="","",IF('02_대상물건입력'!B6="",1,IF(ISNUMBER(SEARCH('02_대상물건입력'!B6,B22)),1,0))) | P22: =IF(L22="","",IF('02_대상물건입력'!B15="",0,IF(ISNUMBER(SEARCH('02_대상물건입력'!B15,L22)),1,0))) | Q22: =IF(OR(C22="",L22=""),0,IF(AND(TRIM(C22)=TRIM(RIGHT(SUBSTITUTE(TRIM('02_대상물건입력'!$B$7)," ",REPT(" ",99)),99)),IF('02_대상물건입력'!B15="",TRUE(),ISNUMBER(SEARCH('02_대상물건입력'!B15,L22)))),1,0)) | R22: =IFERROR(ABS(E22-'02_대상물건입력'!B11)/'02_대상물건입력'!B11,"") | S22: =IFERROR(ABS(J22-'02_대상물건입력'!B10),"") | T22: =IFERROR(ABS('01_설정'!B4-F22),"") | U22: =IFERROR(ABS(K22-YEAR('02_대상물건입력'!B14)),"") | V22: =IF(B22="","",IF(AND(E22>0,F22>0,H22>0,OR(IFERROR(INDEX('04A_국토부원자료'!$A:$T,ROW()+1,MATCH("해제사유발생일",'04A_국토부원자료'!$A$4:$T$4,0)),"")="",IFERROR(INDEX('04A_국토부원자료'!$A:$T,ROW()+1,MATCH("해제사유발생일",'04A_국토부원자료'!$A$4:$T$4,0)),"")="-"),IF('01_설정'!B10=1,N22=1,TRUE()),R22<='01_설정'!B5,S22<='01_설정'!B6,T22<='01_설정'!B7,U22<='01_설정'!B8),"Y","")) | W22: =IF(V22<>"Y","",MAX(0,(1-R22/'01_설정'!B5))*'01_설정'!B14+MAX(0,(1-S22/'01_설정'!B6))*'01_설정'!B15+MAX(0,(1-T22/'01_설정'!B7))*'01_설정'!B16+MAX(0,(1-U22/'01_설정'!B8))*'01_설정'!B17+O22*'01_설정'!B11+Q22*'01_설정'!B12+P22*'01_설정'!B13+IF(Z22="",0,Z22)) | X22: =IF(W22="","",1+COUNTIFS($W$4:$W$3003,">"&W22)+COUNTIFS($W$4:W22,W22)-1) | Y22: =IF(OR(I22="",'02_대상물건입력'!B19="",'02_대상물건입력'!B19<=0),"",ABS(I22-'02_대상물건입력'!B19)/'02_대상물건입력'!B19) | Z22: =IF(OR(Y22="",'01_설정'!B31="",'01_설정'!B31<=0,'01_설정'!B32="",'01_설정'!B32<=0),"",MAX(0,(1-Y22/'01_설정'!B32))*'01_설정'!B31)
A23: =IF(INDEX('04A_국토부원자료'!$A:$A,ROW()+1)="","",ROW()-3) | B23: =IFERROR(INDEX('04A_국토부원자료'!$A:$T,ROW()+1,MATCH("시군구",'04A_국토부원자료'!$A$4:$T$4,0)),"") | C23: =IF(B23="","",IFERROR(INDEX('04A_국토부원자료'!$A:$T,ROW()+1,MATCH("번지",'04A_국토부원자료'!$A$4:$T$4,0)),"")) | D23: =IF(B23="","",IF(Q23=1,'02_대상물건입력'!$B$8,IFERROR(INDEX('04A_국토부원자료'!$A:$T,ROW()+1,MATCH("단지명",'04A_국토부원자료'!$A$4:$T$4,0)),""))) | E23: =IFERROR(VALUE(SUBSTITUTE(INDEX('04A_국토부원자료'!$A:$T,ROW()+1,MATCH("전용면적(㎡)",'04A_국토부원자료'!$A$4:$T$4,0)),",","")),"") | F23: =IFERROR(IF(AND(INDEX('04A_국토부원자료'!$A:$T,ROW()+1,MATCH("계약년월",'04A_국토부원자료'!$A$4:$T$4,0))<>"",INDEX('04A_국토부원자료'!$A:$T,ROW()+1,MATCH("계약일",'04A_국토부원자료'!$A$4:$T$4,0))<>""),DATE(INT(VALUE(SUBSTITUTE(INDEX('04A_국토부원자료'!$A:$T,ROW()+1,MATCH("계약년월",'04A_국토부원자료'!$A$4:$T$4,0)),",",""))/100),MOD(VALUE(SUBSTITUTE(INDEX('04A_국토부원자료'!$A:$T,ROW()+1,MATCH("계약년월",'04A_국토부원자료'!$A$4:$T$4,0)),",","")),100),VALUE(SUBSTITUTE(INDEX('04A_국토부원자료'!$A:$T,ROW()+1,MATCH("계약일",'04A_국토부원자료'!$A$4:$T$4,0)),",",""))),""),"") | G23: =IFERROR(VALUE(SUBSTITUTE(INDEX('04A_국토부원자료'!$A:$T,ROW()+1,MATCH("거래금액(만원)",'04A_국토부원자료'!$A$4:$T$4,0)),",","")),"") | H23: =IF(G23="","",G23*10000) | I23: =IFERROR(IF(AND(H23>0,E23>0),H23/E23,""),"") | J23: =IFERROR(VALUE(SUBSTITUTE(INDEX('04A_국토부원자료'!$A:$T,ROW()+1,MATCH("층",'04A_국토부원자료'!$A$4:$T$4,0)),",","")),"") | K23: =IFERROR(VALUE(SUBSTITUTE(INDEX('04A_국토부원자료'!$A:$T,ROW()+1,MATCH("건축년도",'04A_국토부원자료'!$A$4:$T$4,0)),",","")),"") | L23: =IFERROR(INDEX('04A_국토부원자료'!$A:$T,ROW()+1,MATCH("도로명",'04A_국토부원자료'!$A$4:$T$4,0)),"") | M23: =IFERROR(INDEX('04A_국토부원자료'!$A:$T,ROW()+1,MATCH("거래유형",'04A_국토부원자료'!$A$4:$T$4,0)),"") | N23: =IF(B23="","",IF('02_대상물건입력'!B5="",1,IF(ISNUMBER(SEARCH('02_대상물건입력'!B5,B23)),1,0))) | O23: =IF(B23="","",IF('02_대상물건입력'!B6="",1,IF(ISNUMBER(SEARCH('02_대상물건입력'!B6,B23)),1,0))) | P23: =IF(L23="","",IF('02_대상물건입력'!B15="",0,IF(ISNUMBER(SEARCH('02_대상물건입력'!B15,L23)),1,0))) | Q23: =IF(OR(C23="",L23=""),0,IF(AND(TRIM(C23)=TRIM(RIGHT(SUBSTITUTE(TRIM('02_대상물건입력'!$B$7)," ",REPT(" ",99)),99)),IF('02_대상물건입력'!B15="",TRUE(),ISNUMBER(SEARCH('02_대상물건입력'!B15,L23)))),1,0)) | R23: =IFERROR(ABS(E23-'02_대상물건입력'!B11)/'02_대상물건입력'!B11,"") | S23: =IFERROR(ABS(J23-'02_대상물건입력'!B10),"") | T23: =IFERROR(ABS('01_설정'!B4-F23),"") | U23: =IFERROR(ABS(K23-YEAR('02_대상물건입력'!B14)),"") | V23: =IF(B23="","",IF(AND(E23>0,F23>0,H23>0,OR(IFERROR(INDEX('04A_국토부원자료'!$A:$T,ROW()+1,MATCH("해제사유발생일",'04A_국토부원자료'!$A$4:$T$4,0)),"")="",IFERROR(INDEX('04A_국토부원자료'!$A:$T,ROW()+1,MATCH("해제사유발생일",'04A_국토부원자료'!$A$4:$T$4,0)),"")="-"),IF('01_설정'!B10=1,N23=1,TRUE()),R23<='01_설정'!B5,S23<='01_설정'!B6,T23<='01_설정'!B7,U23<='01_설정'!B8),"Y","")) | W23: =IF(V23<>"Y","",MAX(0,(1-R23/'01_설정'!B5))*'01_설정'!B14+MAX(0,(1-S23/'01_설정'!B6))*'01_설정'!B15+MAX(0,(1-T23/'01_설정'!B7))*'01_설정'!B16+MAX(0,(1-U23/'01_설정'!B8))*'01_설정'!B17+O23*'01_설정'!B11+Q23*'01_설정'!B12+P23*'01_설정'!B13+IF(Z23="",0,Z23)) | X23: =IF(W23="","",1+COUNTIFS($W$4:$W$3003,">"&W23)+COUNTIFS($W$4:W23,W23)-1) | Y23: =IF(OR(I23="",'02_대상물건입력'!B19="",'02_대상물건입력'!B19<=0),"",ABS(I23-'02_대상물건입력'!B19)/'02_대상물건입력'!B19) | Z23: =IF(OR(Y23="",'01_설정'!B31="",'01_설정'!B31<=0,'01_설정'!B32="",'01_설정'!B32<=0),"",MAX(0,(1-Y23/'01_설정'!B32))*'01_설정'!B31)
A24: =IF(INDEX('04A_국토부원자료'!$A:$A,ROW()+1)="","",ROW()-3) | B24: =IFERROR(INDEX('04A_국토부원자료'!$A:$T,ROW()+1,MATCH("시군구",'04A_국토부원자료'!$A$4:$T$4,0)),"") | C24: =IF(B24="","",IFERROR(INDEX('04A_국토부원자료'!$A:$T,ROW()+1,MATCH("번지",'04A_국토부원자료'!$A$4:$T$4,0)),"")) | D24: =IF(B24="","",IF(Q24=1,'02_대상물건입력'!$B$8,IFERROR(INDEX('04A_국토부원자료'!$A:$T,ROW()+1,MATCH("단지명",'04A_국토부원자료'!$A$4:$T$4,0)),""))) | E24: =IFERROR(VALUE(SUBSTITUTE(INDEX('04A_국토부원자료'!$A:$T,ROW()+1,MATCH("전용면적(㎡)",'04A_국토부원자료'!$A$4:$T$4,0)),",","")),"") | F24: =IFERROR(IF(AND(INDEX('04A_국토부원자료'!$A:$T,ROW()+1,MATCH("계약년월",'04A_국토부원자료'!$A$4:$T$4,0))<>"",INDEX('04A_국토부원자료'!$A:$T,ROW()+1,MATCH("계약일",'04A_국토부원자료'!$A$4:$T$4,0))<>""),DATE(INT(VALUE(SUBSTITUTE(INDEX('04A_국토부원자료'!$A:$T,ROW()+1,MATCH("계약년월",'04A_국토부원자료'!$A$4:$T$4,0)),",",""))/100),MOD(VALUE(SUBSTITUTE(INDEX('04A_국토부원자료'!$A:$T,ROW()+1,MATCH("계약년월",'04A_국토부원자료'!$A$4:$T$4,0)),",","")),100),VALUE(SUBSTITUTE(INDEX('04A_국토부원자료'!$A:$T,ROW()+1,MATCH("계약일",'04A_국토부원자료'!$A$4:$T$4,0)),",",""))),""),"") | G24: =IFERROR(VALUE(SUBSTITUTE(INDEX('04A_국토부원자료'!$A:$T,ROW()+1,MATCH("거래금액(만원)",'04A_국토부원자료'!$A$4:$T$4,0)),",","")),"") | H24: =IF(G24="","",G24*10000) | I24: =IFERROR(IF(AND(H24>0,E24>0),H24/E24,""),"") | J24: =IFERROR(VALUE(SUBSTITUTE(INDEX('04A_국토부원자료'!$A:$T,ROW()+1,MATCH("층",'04A_국토부원자료'!$A$4:$T$4,0)),",","")),"") | K24: =IFERROR(VALUE(SUBSTITUTE(INDEX('04A_국토부원자료'!$A:$T,ROW()+1,MATCH("건축년도",'04A_국토부원자료'!$A$4:$T$4,0)),",","")),"") | L24: =IFERROR(INDEX('04A_국토부원자료'!$A:$T,ROW()+1,MATCH("도로명",'04A_국토부원자료'!$A$4:$T$4,0)),"") | M24: =IFERROR(INDEX('04A_국토부원자료'!$A:$T,ROW()+1,MATCH("거래유형",'04A_국토부원자료'!$A$4:$T$4,0)),"") | N24: =IF(B24="","",IF('02_대상물건입력'!B5="",1,IF(ISNUMBER(SEARCH('02_대상물건입력'!B5,B24)),1,0))) | O24: =IF(B24="","",IF('02_대상물건입력'!B6="",1,IF(ISNUMBER(SEARCH('02_대상물건입력'!B6,B24)),1,0))) | P24: =IF(L24="","",IF('02_대상물건입력'!B15="",0,IF(ISNUMBER(SEARCH('02_대상물건입력'!B15,L24)),1,0))) | Q24: =IF(OR(C24="",L24=""),0,IF(AND(TRIM(C24)=TRIM(RIGHT(SUBSTITUTE(TRIM('02_대상물건입력'!$B$7)," ",REPT(" ",99)),99)),IF('02_대상물건입력'!B15="",TRUE(),ISNUMBER(SEARCH('02_대상물건입력'!B15,L24)))),1,0)) | R24: =IFERROR(ABS(E24-'02_대상물건입력'!B11)/'02_대상물건입력'!B11,"") | S24: =IFERROR(ABS(J24-'02_대상물건입력'!B10),"") | T24: =IFERROR(ABS('01_설정'!B4-F24),"") | U24: =IFERROR(ABS(K24-YEAR('02_대상물건입력'!B14)),"") | V24: =IF(B24="","",IF(AND(E24>0,F24>0,H24>0,OR(IFERROR(INDEX('04A_국토부원자료'!$A:$T,ROW()+1,MATCH("해제사유발생일",'04A_국토부원자료'!$A$4:$T$4,0)),"")="",IFERROR(INDEX('04A_국토부원자료'!$A:$T,ROW()+1,MATCH("해제사유발생일",'04A_국토부원자료'!$A$4:$T$4,0)),"")="-"),IF('01_설정'!B10=1,N24=1,TRUE()),R24<='01_설정'!B5,S24<='01_설정'!B6,T24<='01_설정'!B7,U24<='01_설정'!B8),"Y","")) | W24: =IF(V24<>"Y","",MAX(0,(1-R24/'01_설정'!B5))*'01_설정'!B14+MAX(0,(1-S24/'01_설정'!B6))*'01_설정'!B15+MAX(0,(1-T24/'01_설정'!B7))*'01_설정'!B16+MAX(0,(1-U24/'01_설정'!B8))*'01_설정'!B17+O24*'01_설정'!B11+Q24*'01_설정'!B12+P24*'01_설정'!B13+IF(Z24="",0,Z24)) | X24: =IF(W24="","",1+COUNTIFS($W$4:$W$3003,">"&W24)+COUNTIFS($W$4:W24,W24)-1) | Y24: =IF(OR(I24="",'02_대상물건입력'!B19="",'02_대상물건입력'!B19<=0),"",ABS(I24-'02_대상물건입력'!B19)/'02_대상물건입력'!B19) | Z24: =IF(OR(Y24="",'01_설정'!B31="",'01_설정'!B31<=0,'01_설정'!B32="",'01_설정'!B32<=0),"",MAX(0,(1-Y24/'01_설정'!B32))*'01_설정'!B31)
A25: =IF(INDEX('04A_국토부원자료'!$A:$A,ROW()+1)="","",ROW()-3) | B25: =IFERROR(INDEX('04A_국토부원자료'!$A:$T,ROW()+1,MATCH("시군구",'04A_국토부원자료'!$A$4:$T$4,0)),"") | C25: =IF(B25="","",IFERROR(INDEX('04A_국토부원자료'!$A:$T,ROW()+1,MATCH("번지",'04A_국토부원자료'!$A$4:$T$4,0)),"")) | D25: =IF(B25="","",IF(Q25=1,'02_대상물건입력'!$B$8,IFERROR(INDEX('04A_국토부원자료'!$A:$T,ROW()+1,MATCH("단지명",'04A_국토부원자료'!$A$4:$T$4,0)),""))) | E25: =IFERROR(VALUE(SUBSTITUTE(INDEX('04A_국토부원자료'!$A:$T,ROW()+1,MATCH("전용면적(㎡)",'04A_국토부원자료'!$A$4:$T$4,0)),",","")),"") | F25: =IFERROR(IF(AND(INDEX('04A_국토부원자료'!$A:$T,ROW()+1,MATCH("계약년월",'04A_국토부원자료'!$A$4:$T$4,0))<>"",INDEX('04A_국토부원자료'!$A:$T,ROW()+1,MATCH("계약일",'04A_국토부원자료'!$A$4:$T$4,0))<>""),DATE(INT(VALUE(SUBSTITUTE(INDEX('04A_국토부원자료'!$A:$T,ROW()+1,MATCH("계약년월",'04A_국토부원자료'!$A$4:$T$4,0)),",",""))/100),MOD(VALUE(SUBSTITUTE(INDEX('04A_국토부원자료'!$A:$T,ROW()+1,MATCH("계약년월",'04A_국토부원자료'!$A$4:$T$4,0)),",","")),100),VALUE(SUBSTITUTE(INDEX('04A_국토부원자료'!$A:$T,ROW()+1,MATCH("계약일",'04A_국토부원자료'!$A$4:$T$4,0)),",",""))),""),"") | G25: =IFERROR(VALUE(SUBSTITUTE(INDEX('04A_국토부원자료'!$A:$T,ROW()+1,MATCH("거래금액(만원)",'04A_국토부원자료'!$A$4:$T$4,0)),",","")),"") | H25: =IF(G25="","",G25*10000) | I25: =IFERROR(IF(AND(H25>0,E25>0),H25/E25,""),"") | J25: =IFERROR(VALUE(SUBSTITUTE(INDEX('04A_국토부원자료'!$A:$T,ROW()+1,MATCH("층",'04A_국토부원자료'!$A$4:$T$4,0)),",","")),"") | K25: =IFERROR(VALUE(SUBSTITUTE(INDEX('04A_국토부원자료'!$A:$T,ROW()+1,MATCH("건축년도",'04A_국토부원자료'!$A$4:$T$4,0)),",","")),"") | L25: =IFERROR(INDEX('04A_국토부원자료'!$A:$T,ROW()+1,MATCH("도로명",'04A_국토부원자료'!$A$4:$T$4,0)),"") | M25: =IFERROR(INDEX('04A_국토부원자료'!$A:$T,ROW()+1,MATCH("거래유형",'04A_국토부원자료'!$A$4:$T$4,0)),"") | N25: =IF(B25="","",IF('02_대상물건입력'!B5="",1,IF(ISNUMBER(SEARCH('02_대상물건입력'!B5,B25)),1,0))) | O25: =IF(B25="","",IF('02_대상물건입력'!B6="",1,IF(ISNUMBER(SEARCH('02_대상물건입력'!B6,B25)),1,0))) | P25: =IF(L25="","",IF('02_대상물건입력'!B15="",0,IF(ISNUMBER(SEARCH('02_대상물건입력'!B15,L25)),1,0))) | Q25: =IF(OR(C25="",L25=""),0,IF(AND(TRIM(C25)=TRIM(RIGHT(SUBSTITUTE(TRIM('02_대상물건입력'!$B$7)," ",REPT(" ",99)),99)),IF('02_대상물건입력'!B15="",TRUE(),ISNUMBER(SEARCH('02_대상물건입력'!B15,L25)))),1,0)) | R25: =IFERROR(ABS(E25-'02_대상물건입력'!B11)/'02_대상물건입력'!B11,"") | S25: =IFERROR(ABS(J25-'02_대상물건입력'!B10),"") | T25: =IFERROR(ABS('01_설정'!B4-F25),"") | U25: =IFERROR(ABS(K25-YEAR('02_대상물건입력'!B14)),"") | V25: =IF(B25="","",IF(AND(E25>0,F25>0,H25>0,OR(IFERROR(INDEX('04A_국토부원자료'!$A:$T,ROW()+1,MATCH("해제사유발생일",'04A_국토부원자료'!$A$4:$T$4,0)),"")="",IFERROR(INDEX('04A_국토부원자료'!$A:$T,ROW()+1,MATCH("해제사유발생일",'04A_국토부원자료'!$A$4:$T$4,0)),"")="-"),IF('01_설정'!B10=1,N25=1,TRUE()),R25<='01_설정'!B5,S25<='01_설정'!B6,T25<='01_설정'!B7,U25<='01_설정'!B8),"Y","")) | W25: =IF(V25<>"Y","",MAX(0,(1-R25/'01_설정'!B5))*'01_설정'!B14+MAX(0,(1-S25/'01_설정'!B6))*'01_설정'!B15+MAX(0,(1-T25/'01_설정'!B7))*'01_설정'!B16+MAX(0,(1-U25/'01_설정'!B8))*'01_설정'!B17+O25*'01_설정'!B11+Q25*'01_설정'!B12+P25*'01_설정'!B13+IF(Z25="",0,Z25)) | X25: =IF(W25="","",1+COUNTIFS($W$4:$W$3003,">"&W25)+COUNTIFS($W$4:W25,W25)-1) | Y25: =IF(OR(I25="",'02_대상물건입력'!B19="",'02_대상물건입력'!B19<=0),"",ABS(I25-'02_대상물건입력'!B19)/'02_대상물건입력'!B19) | Z25: =IF(OR(Y25="",'01_설정'!B31="",'01_설정'!B31<=0,'01_설정'!B32="",'01_설정'!B32<=0),"",MAX(0,(1-Y25/'01_설정'!B32))*'01_설정'!B31)
A26: =IF(INDEX('04A_국토부원자료'!$A:$A,ROW()+1)="","",ROW()-3) | B26: =IFERROR(INDEX('04A_국토부원자료'!$A:$T,ROW()+1,MATCH("시군구",'04A_국토부원자료'!$A$4:$T$4,0)),"") | C26: =IF(B26="","",IFERROR(INDEX('04A_국토부원자료'!$A:$T,ROW()+1,MATCH("번지",'04A_국토부원자료'!$A$4:$T$4,0)),"")) | D26: =IF(B26="","",IF(Q26=1,'02_대상물건입력'!$B$8,IFERROR(INDEX('04A_국토부원자료'!$A:$T,ROW()+1,MATCH("단지명",'04A_국토부원자료'!$A$4:$T$4,0)),""))) | E26: =IFERROR(VALUE(SUBSTITUTE(INDEX('04A_국토부원자료'!$A:$T,ROW()+1,MATCH("전용면적(㎡)",'04A_국토부원자료'!$A$4:$T$4,0)),",","")),"") | F26: =IFERROR(IF(AND(INDEX('04A_국토부원자료'!$A:$T,ROW()+1,MATCH("계약년월",'04A_국토부원자료'!$A$4:$T$4,0))<>"",INDEX('04A_국토부원자료'!$A:$T,ROW()+1,MATCH("계약일",'04A_국토부원자료'!$A$4:$T$4,0))<>""),DATE(INT(VALUE(SUBSTITUTE(INDEX('04A_국토부원자료'!$A:$T,ROW()+1,MATCH("계약년월",'04A_국토부원자료'!$A$4:$T$4,0)),",",""))/100),MOD(VALUE(SUBSTITUTE(INDEX('04A_국토부원자료'!$A:$T,ROW()+1,MATCH("계약년월",'04A_국토부원자료'!$A$4:$T$4,0)),",","")),100),VALUE(SUBSTITUTE(INDEX('04A_국토부원자료'!$A:$T,ROW()+1,MATCH("계약일",'04A_국토부원자료'!$A$4:$T$4,0)),",",""))),""),"") | G26: =IFERROR(VALUE(SUBSTITUTE(INDEX('04A_국토부원자료'!$A:$T,ROW()+1,MATCH("거래금액(만원)",'04A_국토부원자료'!$A$4:$T$4,0)),",","")),"") | H26: =IF(G26="","",G26*10000) | I26: =IFERROR(IF(AND(H26>0,E26>0),H26/E26,""),"") | J26: =IFERROR(VALUE(SUBSTITUTE(INDEX('04A_국토부원자료'!$A:$T,ROW()+1,MATCH("층",'04A_국토부원자료'!$A$4:$T$4,0)),",","")),"") | K26: =IFERROR(VALUE(SUBSTITUTE(INDEX('04A_국토부원자료'!$A:$T,ROW()+1,MATCH("건축년도",'04A_국토부원자료'!$A$4:$T$4,0)),",","")),"") | L26: =IFERROR(INDEX('04A_국토부원자료'!$A:$T,ROW()+1,MATCH("도로명",'04A_국토부원자료'!$A$4:$T$4,0)),"") | M26: =IFERROR(INDEX('04A_국토부원자료'!$A:$T,ROW()+1,MATCH("거래유형",'04A_국토부원자료'!$A$4:$T$4,0)),"") | N26: =IF(B26="","",IF('02_대상물건입력'!B5="",1,IF(ISNUMBER(SEARCH('02_대상물건입력'!B5,B26)),1,0))) | O26: =IF(B26="","",IF('02_대상물건입력'!B6="",1,IF(ISNUMBER(SEARCH('02_대상물건입력'!B6,B26)),1,0))) | P26: =IF(L26="","",IF('02_대상물건입력'!B15="",0,IF(ISNUMBER(SEARCH('02_대상물건입력'!B15,L26)),1,0))) | Q26: =IF(OR(C26="",L26=""),0,IF(AND(TRIM(C26)=TRIM(RIGHT(SUBSTITUTE(TRIM('02_대상물건입력'!$B$7)," ",REPT(" ",99)),99)),IF('02_대상물건입력'!B15="",TRUE(),ISNUMBER(SEARCH('02_대상물건입력'!B15,L26)))),1,0)) | R26: =IFERROR(ABS(E26-'02_대상물건입력'!B11)/'02_대상물건입력'!B11,"") | S26: =IFERROR(ABS(J26-'02_대상물건입력'!B10),"") | T26: =IFERROR(ABS('01_설정'!B4-F26),"") | U26: =IFERROR(ABS(K26-YEAR('02_대상물건입력'!B14)),"") | V26: =IF(B26="","",IF(AND(E26>0,F26>0,H26>0,OR(IFERROR(INDEX('04A_국토부원자료'!$A:$T,ROW()+1,MATCH("해제사유발생일",'04A_국토부원자료'!$A$4:$T$4,0)),"")="",IFERROR(INDEX('04A_국토부원자료'!$A:$T,ROW()+1,MATCH("해제사유발생일",'04A_국토부원자료'!$A$4:$T$4,0)),"")="-"),IF('01_설정'!B10=1,N26=1,TRUE()),R26<='01_설정'!B5,S26<='01_설정'!B6,T26<='01_설정'!B7,U26<='01_설정'!B8),"Y","")) | W26: =IF(V26<>"Y","",MAX(0,(1-R26/'01_설정'!B5))*'01_설정'!B14+MAX(0,(1-S26/'01_설정'!B6))*'01_설정'!B15+MAX(0,(1-T26/'01_설정'!B7))*'01_설정'!B16+MAX(0,(1-U26/'01_설정'!B8))*'01_설정'!B17+O26*'01_설정'!B11+Q26*'01_설정'!B12+P26*'01_설정'!B13+IF(Z26="",0,Z26)) | X26: =IF(W26="","",1+COUNTIFS($W$4:$W$3003,">"&W26)+COUNTIFS($W$4:W26,W26)-1) | Y26: =IF(OR(I26="",'02_대상물건입력'!B19="",'02_대상물건입력'!B19<=0),"",ABS(I26-'02_대상물건입력'!B19)/'02_대상물건입력'!B19) | Z26: =IF(OR(Y26="",'01_설정'!B31="",'01_설정'!B31<=0,'01_설정'!B32="",'01_설정'!B32<=0),"",MAX(0,(1-Y26/'01_설정'!B32))*'01_설정'!B31)
A27: =IF(INDEX('04A_국토부원자료'!$A:$A,ROW()+1)="","",ROW()-3) | B27: =IFERROR(INDEX('04A_국토부원자료'!$A:$T,ROW()+1,MATCH("시군구",'04A_국토부원자료'!$A$4:$T$4,0)),"") | C27: =IF(B27="","",IFERROR(INDEX('04A_국토부원자료'!$A:$T,ROW()+1,MATCH("번지",'04A_국토부원자료'!$A$4:$T$4,0)),"")) | D27: =IF(B27="","",IF(Q27=1,'02_대상물건입력'!$B$8,IFERROR(INDEX('04A_국토부원자료'!$A:$T,ROW()+1,MATCH("단지명",'04A_국토부원자료'!$A$4:$T$4,0)),""))) | E27: =IFERROR(VALUE(SUBSTITUTE(INDEX('04A_국토부원자료'!$A:$T,ROW()+1,MATCH("전용면적(㎡)",'04A_국토부원자료'!$A$4:$T$4,0)),",","")),"") | F27: =IFERROR(IF(AND(INDEX('04A_국토부원자료'!$A:$T,ROW()+1,MATCH("계약년월",'04A_국토부원자료'!$A$4:$T$4,0))<>"",INDEX('04A_국토부원자료'!$A:$T,ROW()+1,MATCH("계약일",'04A_국토부원자료'!$A$4:$T$4,0))<>""),DATE(INT(VALUE(SUBSTITUTE(INDEX('04A_국토부원자료'!$A:$T,ROW()+1,MATCH("계약년월",'04A_국토부원자료'!$A$4:$T$4,0)),",",""))/100),MOD(VALUE(SUBSTITUTE(INDEX('04A_국토부원자료'!$A:$T,ROW()+1,MATCH("계약년월",'04A_국토부원자료'!$A$4:$T$4,0)),",","")),100),VALUE(SUBSTITUTE(INDEX('04A_국토부원자료'!$A:$T,ROW()+1,MATCH("계약일",'04A_국토부원자료'!$A$4:$T$4,0)),",",""))),""),"") | G27: =IFERROR(VALUE(SUBSTITUTE(INDEX('04A_국토부원자료'!$A:$T,ROW()+1,MATCH("거래금액(만원)",'04A_국토부원자료'!$A$4:$T$4,0)),",","")),"") | H27: =IF(G27="","",G27*10000) | I27: =IFERROR(IF(AND(H27>0,E27>0),H27/E27,""),"") | J27: =IFERROR(VALUE(SUBSTITUTE(INDEX('04A_국토부원자료'!$A:$T,ROW()+1,MATCH("층",'04A_국토부원자료'!$A$4:$T$4,0)),",","")),"") | K27: =IFERROR(VALUE(SUBSTITUTE(INDEX('04A_국토부원자료'!$A:$T,ROW()+1,MATCH("건축년도",'04A_국토부원자료'!$A$4:$T$4,0)),",","")),"") | L27: =IFERROR(INDEX('04A_국토부원자료'!$A:$T,ROW()+1,MATCH("도로명",'04A_국토부원자료'!$A$4:$T$4,0)),"") | M27: =IFERROR(INDEX('04A_국토부원자료'!$A:$T,ROW()+1,MATCH("거래유형",'04A_국토부원자료'!$A$4:$T$4,0)),"") | N27: =IF(B27="","",IF('02_대상물건입력'!B5="",1,IF(ISNUMBER(SEARCH('02_대상물건입력'!B5,B27)),1,0))) | O27: =IF(B27="","",IF('02_대상물건입력'!B6="",1,IF(ISNUMBER(SEARCH('02_대상물건입력'!B6,B27)),1,0))) | P27: =IF(L27="","",IF('02_대상물건입력'!B15="",0,IF(ISNUMBER(SEARCH('02_대상물건입력'!B15,L27)),1,0))) | Q27: =IF(OR(C27="",L27=""),0,IF(AND(TRIM(C27)=TRIM(RIGHT(SUBSTITUTE(TRIM('02_대상물건입력'!$B$7)," ",REPT(" ",99)),99)),IF('02_대상물건입력'!B15="",TRUE(),ISNUMBER(SEARCH('02_대상물건입력'!B15,L27)))),1,0)) | R27: =IFERROR(ABS(E27-'02_대상물건입력'!B11)/'02_대상물건입력'!B11,"") | S27: =IFERROR(ABS(J27-'02_대상물건입력'!B10),"") | T27: =IFERROR(ABS('01_설정'!B4-F27),"") | U27: =IFERROR(ABS(K27-YEAR('02_대상물건입력'!B14)),"") | V27: =IF(B27="","",IF(AND(E27>0,F27>0,H27>0,OR(IFERROR(INDEX('04A_국토부원자료'!$A:$T,ROW()+1,MATCH("해제사유발생일",'04A_국토부원자료'!$A$4:$T$4,0)),"")="",IFERROR(INDEX('04A_국토부원자료'!$A:$T,ROW()+1,MATCH("해제사유발생일",'04A_국토부원자료'!$A$4:$T$4,0)),"")="-"),IF('01_설정'!B10=1,N27=1,TRUE()),R27<='01_설정'!B5,S27<='01_설정'!B6,T27<='01_설정'!B7,U27<='01_설정'!B8),"Y","")) | W27: =IF(V27<>"Y","",MAX(0,(1-R27/'01_설정'!B5))*'01_설정'!B14+MAX(0,(1-S27/'01_설정'!B6))*'01_설정'!B15+MAX(0,(1-T27/'01_설정'!B7))*'01_설정'!B16+MAX(0,(1-U27/'01_설정'!B8))*'01_설정'!B17+O27*'01_설정'!B11+Q27*'01_설정'!B12+P27*'01_설정'!B13+IF(Z27="",0,Z27)) | X27: =IF(W27="","",1+COUNTIFS($W$4:$W$3003,">"&W27)+COUNTIFS($W$4:W27,W27)-1) | Y27: =IF(OR(I27="",'02_대상물건입력'!B19="",'02_대상물건입력'!B19<=0),"",ABS(I27-'02_대상물건입력'!B19)/'02_대상물건입력'!B19) | Z27: =IF(OR(Y27="",'01_설정'!B31="",'01_설정'!B31<=0,'01_설정'!B32="",'01_설정'!B32<=0),"",MAX(0,(1-Y27/'01_설정'!B32))*'01_설정'!B31)
A28: =IF(INDEX('04A_국토부원자료'!$A:$A,ROW()+1)="","",ROW()-3) | B28: =IFERROR(INDEX('04A_국토부원자료'!$A:$T,ROW()+1,MATCH("시군구",'04A_국토부원자료'!$A$4:$T$4,0)),"") | C28: =IF(B28="","",IFERROR(INDEX('04A_국토부원자료'!$A:$T,ROW()+1,MATCH("번지",'04A_국토부원자료'!$A$4:$T$4,0)),"")) | D28: =IF(B28="","",IF(Q28=1,'02_대상물건입력'!$B$8,IFERROR(INDEX('04A_국토부원자료'!$A:$T,ROW()+1,MATCH("단지명",'04A_국토부원자료'!$A$4:$T$4,0)),""))) | E28: =IFERROR(VALUE(SUBSTITUTE(INDEX('04A_국토부원자료'!$A:$T,ROW()+1,MATCH("전용면적(㎡)",'04A_국토부원자료'!$A$4:$T$4,0)),",","")),"") | F28: =IFERROR(IF(AND(INDEX('04A_국토부원자료'!$A:$T,ROW()+1,MATCH("계약년월",'04A_국토부원자료'!$A$4:$T$4,0))<>"",INDEX('04A_국토부원자료'!$A:$T,ROW()+1,MATCH("계약일",'04A_국토부원자료'!$A$4:$T$4,0))<>""),DATE(INT(VALUE(SUBSTITUTE(INDEX('04A_국토부원자료'!$A:$T,ROW()+1,MATCH("계약년월",'04A_국토부원자료'!$A$4:$T$4,0)),",",""))/100),MOD(VALUE(SUBSTITUTE(INDEX('04A_국토부원자료'!$A:$T,ROW()+1,MATCH("계약년월",'04A_국토부원자료'!$A$4:$T$4,0)),",","")),100),VALUE(SUBSTITUTE(INDEX('04A_국토부원자료'!$A:$T,ROW()+1,MATCH("계약일",'04A_국토부원자료'!$A$4:$T$4,0)),",",""))),""),"") | G28: =IFERROR(VALUE(SUBSTITUTE(INDEX('04A_국토부원자료'!$A:$T,ROW()+1,MATCH("거래금액(만원)",'04A_국토부원자료'!$A$4:$T$4,0)),",","")),"") | H28: =IF(G28="","",G28*10000) | I28: =IFERROR(IF(AND(H28>0,E28>0),H28/E28,""),"") | J28: =IFERROR(VALUE(SUBSTITUTE(INDEX('04A_국토부원자료'!$A:$T,ROW()+1,MATCH("층",'04A_국토부원자료'!$A$4:$T$4,0)),",","")),"") | K28: =IFERROR(VALUE(SUBSTITUTE(INDEX('04A_국토부원자료'!$A:$T,ROW()+1,MATCH("건축년도",'04A_국토부원자료'!$A$4:$T$4,0)),",","")),"") | L28: =IFERROR(INDEX('04A_국토부원자료'!$A:$T,ROW()+1,MATCH("도로명",'04A_국토부원자료'!$A$4:$T$4,0)),"") | M28: =IFERROR(INDEX('04A_국토부원자료'!$A:$T,ROW()+1,MATCH("거래유형",'04A_국토부원자료'!$A$4:$T$4,0)),"") | N28: =IF(B28="","",IF('02_대상물건입력'!B5="",1,IF(ISNUMBER(SEARCH('02_대상물건입력'!B5,B28)),1,0))) | O28: =IF(B28="","",IF('02_대상물건입력'!B6="",1,IF(ISNUMBER(SEARCH('02_대상물건입력'!B6,B28)),1,0))) | P28: =IF(L28="","",IF('02_대상물건입력'!B15="",0,IF(ISNUMBER(SEARCH('02_대상물건입력'!B15,L28)),1,0))) | Q28: =IF(OR(C28="",L28=""),0,IF(AND(TRIM(C28)=TRIM(RIGHT(SUBSTITUTE(TRIM('02_대상물건입력'!$B$7)," ",REPT(" ",99)),99)),IF('02_대상물건입력'!B15="",TRUE(),ISNUMBER(SEARCH('02_대상물건입력'!B15,L28)))),1,0)) | R28: =IFERROR(ABS(E28-'02_대상물건입력'!B11)/'02_대상물건입력'!B11,"") | S28: =IFERROR(ABS(J28-'02_대상물건입력'!B10),"") | T28: =IFERROR(ABS('01_설정'!B4-F28),"") | U28: =IFERROR(ABS(K28-YEAR('02_대상물건입력'!B14)),"") | V28: =IF(B28="","",IF(AND(E28>0,F28>0,H28>0,OR(IFERROR(INDEX('04A_국토부원자료'!$A:$T,ROW()+1,MATCH("해제사유발생일",'04A_국토부원자료'!$A$4:$T$4,0)),"")="",IFERROR(INDEX('04A_국토부원자료'!$A:$T,ROW()+1,MATCH("해제사유발생일",'04A_국토부원자료'!$A$4:$T$4,0)),"")="-"),IF('01_설정'!B10=1,N28=1,TRUE()),R28<='01_설정'!B5,S28<='01_설정'!B6,T28<='01_설정'!B7,U28<='01_설정'!B8),"Y","")) | W28: =IF(V28<>"Y","",MAX(0,(1-R28/'01_설정'!B5))*'01_설정'!B14+MAX(0,(1-S28/'01_설정'!B6))*'01_설정'!B15+MAX(0,(1-T28/'01_설정'!B7))*'01_설정'!B16+MAX(0,(1-U28/'01_설정'!B8))*'01_설정'!B17+O28*'01_설정'!B11+Q28*'01_설정'!B12+P28*'01_설정'!B13+IF(Z28="",0,Z28)) | X28: =IF(W28="","",1+COUNTIFS($W$4:$W$3003,">"&W28)+COUNTIFS($W$4:W28,W28)-1) | Y28: =IF(OR(I28="",'02_대상물건입력'!B19="",'02_대상물건입력'!B19<=0),"",ABS(I28-'02_대상물건입력'!B19)/'02_대상물건입력'!B19) | Z28: =IF(OR(Y28="",'01_설정'!B31="",'01_설정'!B31<=0,'01_설정'!B32="",'01_설정'!B32<=0),"",MAX(0,(1-Y28/'01_설정'!B32))*'01_설정'!B31)
A29: =IF(INDEX('04A_국토부원자료'!$A:$A,ROW()+1)="","",ROW()-3) | B29: =IFERROR(INDEX('04A_국토부원자료'!$A:$T,ROW()+1,MATCH("시군구",'04A_국토부원자료'!$A$4:$T$4,0)),"") | C29: =IF(B29="","",IFERROR(INDEX('04A_국토부원자료'!$A:$T,ROW()+1,MATCH("번지",'04A_국토부원자료'!$A$4:$T$4,0)),"")) | D29: =IF(B29="","",IF(Q29=1,'02_대상물건입력'!$B$8,IFERROR(INDEX('04A_국토부원자료'!$A:$T,ROW()+1,MATCH("단지명",'04A_국토부원자료'!$A$4:$T$4,0)),""))) | E29: =IFERROR(VALUE(SUBSTITUTE(INDEX('04A_국토부원자료'!$A:$T,ROW()+1,MATCH("전용면적(㎡)",'04A_국토부원자료'!$A$4:$T$4,0)),",","")),"") | F29: =IFERROR(IF(AND(INDEX('04A_국토부원자료'!$A:$T,ROW()+1,MATCH("계약년월",'04A_국토부원자료'!$A$4:$T$4,0))<>"",INDEX('04A_국토부원자료'!$A:$T,ROW()+1,MATCH("계약일",'04A_국토부원자료'!$A$4:$T$4,0))<>""),DATE(INT(VALUE(SUBSTITUTE(INDEX('04A_국토부원자료'!$A:$T,ROW()+1,MATCH("계약년월",'04A_국토부원자료'!$A$4:$T$4,0)),",",""))/100),MOD(VALUE(SUBSTITUTE(INDEX('04A_국토부원자료'!$A:$T,ROW()+1,MATCH("계약년월",'04A_국토부원자료'!$A$4:$T$4,0)),",","")),100),VALUE(SUBSTITUTE(INDEX('04A_국토부원자료'!$A:$T,ROW()+1,MATCH("계약일",'04A_국토부원자료'!$A$4:$T$4,0)),",",""))),""),"") | G29: =IFERROR(VALUE(SUBSTITUTE(INDEX('04A_국토부원자료'!$A:$T,ROW()+1,MATCH("거래금액(만원)",'04A_국토부원자료'!$A$4:$T$4,0)),",","")),"") | H29: =IF(G29="","",G29*10000) | I29: =IFERROR(IF(AND(H29>0,E29>0),H29/E29,""),"") | J29: =IFERROR(VALUE(SUBSTITUTE(INDEX('04A_국토부원자료'!$A:$T,ROW()+1,MATCH("층",'04A_국토부원자료'!$A$4:$T$4,0)),",","")),"") | K29: =IFERROR(VALUE(SUBSTITUTE(INDEX('04A_국토부원자료'!$A:$T,ROW()+1,MATCH("건축년도",'04A_국토부원자료'!$A$4:$T$4,0)),",","")),"") | L29: =IFERROR(INDEX('04A_국토부원자료'!$A:$T,ROW()+1,MATCH("도로명",'04A_국토부원자료'!$A$4:$T$4,0)),"") | M29: =IFERROR(INDEX('04A_국토부원자료'!$A:$T,ROW()+1,MATCH("거래유형",'04A_국토부원자료'!$A$4:$T$4,0)),"") | N29: =IF(B29="","",IF('02_대상물건입력'!B5="",1,IF(ISNUMBER(SEARCH('02_대상물건입력'!B5,B29)),1,0))) | O29: =IF(B29="","",IF('02_대상물건입력'!B6="",1,IF(ISNUMBER(SEARCH('02_대상물건입력'!B6,B29)),1,0))) | P29: =IF(L29="","",IF('02_대상물건입력'!B15="",0,IF(ISNUMBER(SEARCH('02_대상물건입력'!B15,L29)),1,0))) | Q29: =IF(OR(C29="",L29=""),0,IF(AND(TRIM(C29)=TRIM(RIGHT(SUBSTITUTE(TRIM('02_대상물건입력'!$B$7)," ",REPT(" ",99)),99)),IF('02_대상물건입력'!B15="",TRUE(),ISNUMBER(SEARCH('02_대상물건입력'!B15,L29)))),1,0)) | R29: =IFERROR(ABS(E29-'02_대상물건입력'!B11)/'02_대상물건입력'!B11,"") | S29: =IFERROR(ABS(J29-'02_대상물건입력'!B10),"") | T29: =IFERROR(ABS('01_설정'!B4-F29),"") | U29: =IFERROR(ABS(K29-YEAR('02_대상물건입력'!B14)),"") | V29: =IF(B29="","",IF(AND(E29>0,F29>0,H29>0,OR(IFERROR(INDEX('04A_국토부원자료'!$A:$T,ROW()+1,MATCH("해제사유발생일",'04A_국토부원자료'!$A$4:$T$4,0)),"")="",IFERROR(INDEX('04A_국토부원자료'!$A:$T,ROW()+1,MATCH("해제사유발생일",'04A_국토부원자료'!$A$4:$T$4,0)),"")="-"),IF('01_설정'!B10=1,N29=1,TRUE()),R29<='01_설정'!B5,S29<='01_설정'!B6,T29<='01_설정'!B7,U29<='01_설정'!B8),"Y","")) | W29: =IF(V29<>"Y","",MAX(0,(1-R29/'01_설정'!B5))*'01_설정'!B14+MAX(0,(1-S29/'01_설정'!B6))*'01_설정'!B15+MAX(0,(1-T29/'01_설정'!B7))*'01_설정'!B16+MAX(0,(1-U29/'01_설정'!B8))*'01_설정'!B17+O29*'01_설정'!B11+Q29*'01_설정'!B12+P29*'01_설정'!B13+IF(Z29="",0,Z29)) | X29: =IF(W29="","",1+COUNTIFS($W$4:$W$3003,">"&W29)+COUNTIFS($W$4:W29,W29)-1) | Y29: =IF(OR(I29="",'02_대상물건입력'!B19="",'02_대상물건입력'!B19<=0),"",ABS(I29-'02_대상물건입력'!B19)/'02_대상물건입력'!B19) | Z29: =IF(OR(Y29="",'01_설정'!B31="",'01_설정'!B31<=0,'01_설정'!B32="",'01_설정'!B32<=0),"",MAX(0,(1-Y29/'01_설정'!B32))*'01_설정'!B31)
A30: =IF(INDEX('04A_국토부원자료'!$A:$A,ROW()+1)="","",ROW()-3) | B30: =IFERROR(INDEX('04A_국토부원자료'!$A:$T,ROW()+1,MATCH("시군구",'04A_국토부원자료'!$A$4:$T$4,0)),"") | C30: =IF(B30="","",IFERROR(INDEX('04A_국토부원자료'!$A:$T,ROW()+1,MATCH("번지",'04A_국토부원자료'!$A$4:$T$4,0)),"")) | D30: =IF(B30="","",IF(Q30=1,'02_대상물건입력'!$B$8,IFERROR(INDEX('04A_국토부원자료'!$A:$T,ROW()+1,MATCH("단지명",'04A_국토부원자료'!$A$4:$T$4,0)),""))) | E30: =IFERROR(VALUE(SUBSTITUTE(INDEX('04A_국토부원자료'!$A:$T,ROW()+1,MATCH("전용면적(㎡)",'04A_국토부원자료'!$A$4:$T$4,0)),",","")),"") | F30: =IFERROR(IF(AND(INDEX('04A_국토부원자료'!$A:$T,ROW()+1,MATCH("계약년월",'04A_국토부원자료'!$A$4:$T$4,0))<>"",INDEX('04A_국토부원자료'!$A:$T,ROW()+1,MATCH("계약일",'04A_국토부원자료'!$A$4:$T$4,0))<>""),DATE(INT(VALUE(SUBSTITUTE(INDEX('04A_국토부원자료'!$A:$T,ROW()+1,MATCH("계약년월",'04A_국토부원자료'!$A$4:$T$4,0)),",",""))/100),MOD(VALUE(SUBSTITUTE(INDEX('04A_국토부원자료'!$A:$T,ROW()+1,MATCH("계약년월",'04A_국토부원자료'!$A$4:$T$4,0)),",","")),100),VALUE(SUBSTITUTE(INDEX('04A_국토부원자료'!$A:$T,ROW()+1,MATCH("계약일",'04A_국토부원자료'!$A$4:$T$4,0)),",",""))),""),"") | G30: =IFERROR(VALUE(SUBSTITUTE(INDEX('04A_국토부원자료'!$A:$T,ROW()+1,MATCH("거래금액(만원)",'04A_국토부원자료'!$A$4:$T$4,0)),",","")),"") | H30: =IF(G30="","",G30*10000) | I30: =IFERROR(IF(AND(H30>0,E30>0),H30/E30,""),"") | J30: =IFERROR(VALUE(SUBSTITUTE(INDEX('04A_국토부원자료'!$A:$T,ROW()+1,MATCH("층",'04A_국토부원자료'!$A$4:$T$4,0)),",","")),"") | K30: =IFERROR(VALUE(SUBSTITUTE(INDEX('04A_국토부원자료'!$A:$T,ROW()+1,MATCH("건축년도",'04A_국토부원자료'!$A$4:$T$4,0)),",","")),"") | L30: =IFERROR(INDEX('04A_국토부원자료'!$A:$T,ROW()+1,MATCH("도로명",'04A_국토부원자료'!$A$4:$T$4,0)),"") | M30: =IFERROR(INDEX('04A_국토부원자료'!$A:$T,ROW()+1,MATCH("거래유형",'04A_국토부원자료'!$A$4:$T$4,0)),"") | N30: =IF(B30="","",IF('02_대상물건입력'!B5="",1,IF(ISNUMBER(SEARCH('02_대상물건입력'!B5,B30)),1,0))) | O30: =IF(B30="","",IF('02_대상물건입력'!B6="",1,IF(ISNUMBER(SEARCH('02_대상물건입력'!B6,B30)),1,0))) | P30: =IF(L30="","",IF('02_대상물건입력'!B15="",0,IF(ISNUMBER(SEARCH('02_대상물건입력'!B15,L30)),1,0))) | Q30: =IF(OR(C30="",L30=""),0,IF(AND(TRIM(C30)=TRIM(RIGHT(SUBSTITUTE(TRIM('02_대상물건입력'!$B$7)," ",REPT(" ",99)),99)),IF('02_대상물건입력'!B15="",TRUE(),ISNUMBER(SEARCH('02_대상물건입력'!B15,L30)))),1,0)) | R30: =IFERROR(ABS(E30-'02_대상물건입력'!B11)/'02_대상물건입력'!B11,"") | S30: =IFERROR(ABS(J30-'02_대상물건입력'!B10),"") | T30: =IFERROR(ABS('01_설정'!B4-F30),"") | U30: =IFERROR(ABS(K30-YEAR('02_대상물건입력'!B14)),"") | V30: =IF(B30="","",IF(AND(E30>0,F30>0,H30>0,OR(IFERROR(INDEX('04A_국토부원자료'!$A:$T,ROW()+1,MATCH("해제사유발생일",'04A_국토부원자료'!$A$4:$T$4,0)),"")="",IFERROR(INDEX('04A_국토부원자료'!$A:$T,ROW()+1,MATCH("해제사유발생일",'04A_국토부원자료'!$A$4:$T$4,0)),"")="-"),IF('01_설정'!B10=1,N30=1,TRUE()),R30<='01_설정'!B5,S30<='01_설정'!B6,T30<='01_설정'!B7,U30<='01_설정'!B8),"Y","")) | W30: =IF(V30<>"Y","",MAX(0,(1-R30/'01_설정'!B5))*'01_설정'!B14+MAX(0,(1-S30/'01_설정'!B6))*'01_설정'!B15+MAX(0,(1-T30/'01_설정'!B7))*'01_설정'!B16+MAX(0,(1-U30/'01_설정'!B8))*'01_설정'!B17+O30*'01_설정'!B11+Q30*'01_설정'!B12+P30*'01_설정'!B13+IF(Z30="",0,Z30)) | X30: =IF(W30="","",1+COUNTIFS($W$4:$W$3003,">"&W30)+COUNTIFS($W$4:W30,W30)-1) | Y30: =IF(OR(I30="",'02_대상물건입력'!B19="",'02_대상물건입력'!B19<=0),"",ABS(I30-'02_대상물건입력'!B19)/'02_대상물건입력'!B19) | Z30: =IF(OR(Y30="",'01_설정'!B31="",'01_설정'!B31<=0,'01_설정'!B32="",'01_설정'!B32<=0),"",MAX(0,(1-Y30/'01_설정'!B32))*'01_설정'!B31)
A31: =IF(INDEX('04A_국토부원자료'!$A:$A,ROW()+1)="","",ROW()-3) | B31: =IFERROR(INDEX('04A_국토부원자료'!$A:$T,ROW()+1,MATCH("시군구",'04A_국토부원자료'!$A$4:$T$4,0)),"") | C31: =IF(B31="","",IFERROR(INDEX('04A_국토부원자료'!$A:$T,ROW()+1,MATCH("번지",'04A_국토부원자료'!$A$4:$T$4,0)),"")) | D31: =IF(B31="","",IF(Q31=1,'02_대상물건입력'!$B$8,IFERROR(INDEX('04A_국토부원자료'!$A:$T,ROW()+1,MATCH("단지명",'04A_국토부원자료'!$A$4:$T$4,0)),""))) | E31: =IFERROR(VALUE(SUBSTITUTE(INDEX('04A_국토부원자료'!$A:$T,ROW()+1,MATCH("전용면적(㎡)",'04A_국토부원자료'!$A$4:$T$4,0)),",","")),"") | F31: =IFERROR(IF(AND(INDEX('04A_국토부원자료'!$A:$T,ROW()+1,MATCH("계약년월",'04A_국토부원자료'!$A$4:$T$4,0))<>"",INDEX('04A_국토부원자료'!$A:$T,ROW()+1,MATCH("계약일",'04A_국토부원자료'!$A$4:$T$4,0))<>""),DATE(INT(VALUE(SUBSTITUTE(INDEX('04A_국토부원자료'!$A:$T,ROW()+1,MATCH("계약년월",'04A_국토부원자료'!$A$4:$T$4,0)),",",""))/100),MOD(VALUE(SUBSTITUTE(INDEX('04A_국토부원자료'!$A:$T,ROW()+1,MATCH("계약년월",'04A_국토부원자료'!$A$4:$T$4,0)),",","")),100),VALUE(SUBSTITUTE(INDEX('04A_국토부원자료'!$A:$T,ROW()+1,MATCH("계약일",'04A_국토부원자료'!$A$4:$T$4,0)),",",""))),""),"") | G31: =IFERROR(VALUE(SUBSTITUTE(INDEX('04A_국토부원자료'!$A:$T,ROW()+1,MATCH("거래금액(만원)",'04A_국토부원자료'!$A$4:$T$4,0)),",","")),"") | H31: =IF(G31="","",G31*10000) | I31: =IFERROR(IF(AND(H31>0,E31>0),H31/E31,""),"") | J31: =IFERROR(VALUE(SUBSTITUTE(INDEX('04A_국토부원자료'!$A:$T,ROW()+1,MATCH("층",'04A_국토부원자료'!$A$4:$T$4,0)),",","")),"") | K31: =IFERROR(VALUE(SUBSTITUTE(INDEX('04A_국토부원자료'!$A:$T,ROW()+1,MATCH("건축년도",'04A_국토부원자료'!$A$4:$T$4,0)),",","")),"") | L31: =IFERROR(INDEX('04A_국토부원자료'!$A:$T,ROW()+1,MATCH("도로명",'04A_국토부원자료'!$A$4:$T$4,0)),"") | M31: =IFERROR(INDEX('04A_국토부원자료'!$A:$T,ROW()+1,MATCH("거래유형",'04A_국토부원자료'!$A$4:$T$4,0)),"") | N31: =IF(B31="","",IF('02_대상물건입력'!B5="",1,IF(ISNUMBER(SEARCH('02_대상물건입력'!B5,B31)),1,0))) | O31: =IF(B31="","",IF('02_대상물건입력'!B6="",1,IF(ISNUMBER(SEARCH('02_대상물건입력'!B6,B31)),1,0))) | P31: =IF(L31="","",IF('02_대상물건입력'!B15="",0,IF(ISNUMBER(SEARCH('02_대상물건입력'!B15,L31)),1,0))) | Q31: =IF(OR(C31="",L31=""),0,IF(AND(TRIM(C31)=TRIM(RIGHT(SUBSTITUTE(TRIM('02_대상물건입력'!$B$7)," ",REPT(" ",99)),99)),IF('02_대상물건입력'!B15="",TRUE(),ISNUMBER(SEARCH('02_대상물건입력'!B15,L31)))),1,0)) | R31: =IFERROR(ABS(E31-'02_대상물건입력'!B11)/'02_대상물건입력'!B11,"") | S31: =IFERROR(ABS(J31-'02_대상물건입력'!B10),"") | T31: =IFERROR(ABS('01_설정'!B4-F31),"") | U31: =IFERROR(ABS(K31-YEAR('02_대상물건입력'!B14)),"") | V31: =IF(B31="","",IF(AND(E31>0,F31>0,H31>0,OR(IFERROR(INDEX('04A_국토부원자료'!$A:$T,ROW()+1,MATCH("해제사유발생일",'04A_국토부원자료'!$A$4:$T$4,0)),"")="",IFERROR(INDEX('04A_국토부원자료'!$A:$T,ROW()+1,MATCH("해제사유발생일",'04A_국토부원자료'!$A$4:$T$4,0)),"")="-"),IF('01_설정'!B10=1,N31=1,TRUE()),R31<='01_설정'!B5,S31<='01_설정'!B6,T31<='01_설정'!B7,U31<='01_설정'!B8),"Y","")) | W31: =IF(V31<>"Y","",MAX(0,(1-R31/'01_설정'!B5))*'01_설정'!B14+MAX(0,(1-S31/'01_설정'!B6))*'01_설정'!B15+MAX(0,(1-T31/'01_설정'!B7))*'01_설정'!B16+MAX(0,(1-U31/'01_설정'!B8))*'01_설정'!B17+O31*'01_설정'!B11+Q31*'01_설정'!B12+P31*'01_설정'!B13+IF(Z31="",0,Z31)) | X31: =IF(W31="","",1+COUNTIFS($W$4:$W$3003,">"&W31)+COUNTIFS($W$4:W31,W31)-1) | Y31: =IF(OR(I31="",'02_대상물건입력'!B19="",'02_대상물건입력'!B19<=0),"",ABS(I31-'02_대상물건입력'!B19)/'02_대상물건입력'!B19) | Z31: =IF(OR(Y31="",'01_설정'!B31="",'01_설정'!B31<=0,'01_설정'!B32="",'01_설정'!B32<=0),"",MAX(0,(1-Y31/'01_설정'!B32))*'01_설정'!B31)
A32: =IF(INDEX('04A_국토부원자료'!$A:$A,ROW()+1)="","",ROW()-3) | B32: =IFERROR(INDEX('04A_국토부원자료'!$A:$T,ROW()+1,MATCH("시군구",'04A_국토부원자료'!$A$4:$T$4,0)),"") | C32: =IF(B32="","",IFERROR(INDEX('04A_국토부원자료'!$A:$T,ROW()+1,MATCH("번지",'04A_국토부원자료'!$A$4:$T$4,0)),"")) | D32: =IF(B32="","",IF(Q32=1,'02_대상물건입력'!$B$8,IFERROR(INDEX('04A_국토부원자료'!$A:$T,ROW()+1,MATCH("단지명",'04A_국토부원자료'!$A$4:$T$4,0)),""))) | E32: =IFERROR(VALUE(SUBSTITUTE(INDEX('04A_국토부원자료'!$A:$T,ROW()+1,MATCH("전용면적(㎡)",'04A_국토부원자료'!$A$4:$T$4,0)),",","")),"") | F32: =IFERROR(IF(AND(INDEX('04A_국토부원자료'!$A:$T,ROW()+1,MATCH("계약년월",'04A_국토부원자료'!$A$4:$T$4,0))<>"",INDEX('04A_국토부원자료'!$A:$T,ROW()+1,MATCH("계약일",'04A_국토부원자료'!$A$4:$T$4,0))<>""),DATE(INT(VALUE(SUBSTITUTE(INDEX('04A_국토부원자료'!$A:$T,ROW()+1,MATCH("계약년월",'04A_국토부원자료'!$A$4:$T$4,0)),",",""))/100),MOD(VALUE(SUBSTITUTE(INDEX('04A_국토부원자료'!$A:$T,ROW()+1,MATCH("계약년월",'04A_국토부원자료'!$A$4:$T$4,0)),",","")),100),VALUE(SUBSTITUTE(INDEX('04A_국토부원자료'!$A:$T,ROW()+1,MATCH("계약일",'04A_국토부원자료'!$A$4:$T$4,0)),",",""))),""),"") | G32: =IFERROR(VALUE(SUBSTITUTE(INDEX('04A_국토부원자료'!$A:$T,ROW()+1,MATCH("거래금액(만원)",'04A_국토부원자료'!$A$4:$T$4,0)),",","")),"") | H32: =IF(G32="","",G32*10000) | I32: =IFERROR(IF(AND(H32>0,E32>0),H32/E32,""),"") | J32: =IFERROR(VALUE(SUBSTITUTE(INDEX('04A_국토부원자료'!$A:$T,ROW()+1,MATCH("층",'04A_국토부원자료'!$A$4:$T$4,0)),",","")),"") | K32: =IFERROR(VALUE(SUBSTITUTE(INDEX('04A_국토부원자료'!$A:$T,ROW()+1,MATCH("건축년도",'04A_국토부원자료'!$A$4:$T$4,0)),",","")),"") | L32: =IFERROR(INDEX('04A_국토부원자료'!$A:$T,ROW()+1,MATCH("도로명",'04A_국토부원자료'!$A$4:$T$4,0)),"") | M32: =IFERROR(INDEX('04A_국토부원자료'!$A:$T,ROW()+1,MATCH("거래유형",'04A_국토부원자료'!$A$4:$T$4,0)),"") | N32: =IF(B32="","",IF('02_대상물건입력'!B5="",1,IF(ISNUMBER(SEARCH('02_대상물건입력'!B5,B32)),1,0))) | O32: =IF(B32="","",IF('02_대상물건입력'!B6="",1,IF(ISNUMBER(SEARCH('02_대상물건입력'!B6,B32)),1,0))) | P32: =IF(L32="","",IF('02_대상물건입력'!B15="",0,IF(ISNUMBER(SEARCH('02_대상물건입력'!B15,L32)),1,0))) | Q32: =IF(OR(C32="",L32=""),0,IF(AND(TRIM(C32)=TRIM(RIGHT(SUBSTITUTE(TRIM('02_대상물건입력'!$B$7)," ",REPT(" ",99)),99)),IF('02_대상물건입력'!B15="",TRUE(),ISNUMBER(SEARCH('02_대상물건입력'!B15,L32)))),1,0)) | R32: =IFERROR(ABS(E32-'02_대상물건입력'!B11)/'02_대상물건입력'!B11,"") | S32: =IFERROR(ABS(J32-'02_대상물건입력'!B10),"") | T32: =IFERROR(ABS('01_설정'!B4-F32),"") | U32: =IFERROR(ABS(K32-YEAR('02_대상물건입력'!B14)),"") | V32: =IF(B32="","",IF(AND(E32>0,F32>0,H32>0,OR(IFERROR(INDEX('04A_국토부원자료'!$A:$T,ROW()+1,MATCH("해제사유발생일",'04A_국토부원자료'!$A$4:$T$4,0)),"")="",IFERROR(INDEX('04A_국토부원자료'!$A:$T,ROW()+1,MATCH("해제사유발생일",'04A_국토부원자료'!$A$4:$T$4,0)),"")="-"),IF('01_설정'!B10=1,N32=1,TRUE()),R32<='01_설정'!B5,S32<='01_설정'!B6,T32<='01_설정'!B7,U32<='01_설정'!B8),"Y","")) | W32: =IF(V32<>"Y","",MAX(0,(1-R32/'01_설정'!B5))*'01_설정'!B14+MAX(0,(1-S32/'01_설정'!B6))*'01_설정'!B15+MAX(0,(1-T32/'01_설정'!B7))*'01_설정'!B16+MAX(0,(1-U32/'01_설정'!B8))*'01_설정'!B17+O32*'01_설정'!B11+Q32*'01_설정'!B12+P32*'01_설정'!B13+IF(Z32="",0,Z32)) | X32: =IF(W32="","",1+COUNTIFS($W$4:$W$3003,">"&W32)+COUNTIFS($W$4:W32,W32)-1) | Y32: =IF(OR(I32="",'02_대상물건입력'!B19="",'02_대상물건입력'!B19<=0),"",ABS(I32-'02_대상물건입력'!B19)/'02_대상물건입력'!B19) | Z32: =IF(OR(Y32="",'01_설정'!B31="",'01_설정'!B31<=0,'01_설정'!B32="",'01_설정'!B32<=0),"",MAX(0,(1-Y32/'01_설정'!B32))*'01_설정'!B31)
A33: =IF(INDEX('04A_국토부원자료'!$A:$A,ROW()+1)="","",ROW()-3) | B33: =IFERROR(INDEX('04A_국토부원자료'!$A:$T,ROW()+1,MATCH("시군구",'04A_국토부원자료'!$A$4:$T$4,0)),"") | C33: =IF(B33="","",IFERROR(INDEX('04A_국토부원자료'!$A:$T,ROW()+1,MATCH("번지",'04A_국토부원자료'!$A$4:$T$4,0)),"")) | D33: =IF(B33="","",IF(Q33=1,'02_대상물건입력'!$B$8,IFERROR(INDEX('04A_국토부원자료'!$A:$T,ROW()+1,MATCH("단지명",'04A_국토부원자료'!$A$4:$T$4,0)),""))) | E33: =IFERROR(VALUE(SUBSTITUTE(INDEX('04A_국토부원자료'!$A:$T,ROW()+1,MATCH("전용면적(㎡)",'04A_국토부원자료'!$A$4:$T$4,0)),",","")),"") | F33: =IFERROR(IF(AND(INDEX('04A_국토부원자료'!$A:$T,ROW()+1,MATCH("계약년월",'04A_국토부원자료'!$A$4:$T$4,0))<>"",INDEX('04A_국토부원자료'!$A:$T,ROW()+1,MATCH("계약일",'04A_국토부원자료'!$A$4:$T$4,0))<>""),DATE(INT(VALUE(SUBSTITUTE(INDEX('04A_국토부원자료'!$A:$T,ROW()+1,MATCH("계약년월",'04A_국토부원자료'!$A$4:$T$4,0)),",",""))/100),MOD(VALUE(SUBSTITUTE(INDEX('04A_국토부원자료'!$A:$T,ROW()+1,MATCH("계약년월",'04A_국토부원자료'!$A$4:$T$4,0)),",","")),100),VALUE(SUBSTITUTE(INDEX('04A_국토부원자료'!$A:$T,ROW()+1,MATCH("계약일",'04A_국토부원자료'!$A$4:$T$4,0)),",",""))),""),"") | G33: =IFERROR(VALUE(SUBSTITUTE(INDEX('04A_국토부원자료'!$A:$T,ROW()+1,MATCH("거래금액(만원)",'04A_국토부원자료'!$A$4:$T$4,0)),",","")),"") | H33: =IF(G33="","",G33*10000) | I33: =IFERROR(IF(AND(H33>0,E33>0),H33/E33,""),"") | J33: =IFERROR(VALUE(SUBSTITUTE(INDEX('04A_국토부원자료'!$A:$T,ROW()+1,MATCH("층",'04A_국토부원자료'!$A$4:$T$4,0)),",","")),"") | K33: =IFERROR(VALUE(SUBSTITUTE(INDEX('04A_국토부원자료'!$A:$T,ROW()+1,MATCH("건축년도",'04A_국토부원자료'!$A$4:$T$4,0)),",","")),"") | L33: =IFERROR(INDEX('04A_국토부원자료'!$A:$T,ROW()+1,MATCH("도로명",'04A_국토부원자료'!$A$4:$T$4,0)),"") | M33: =IFERROR(INDEX('04A_국토부원자료'!$A:$T,ROW()+1,MATCH("거래유형",'04A_국토부원자료'!$A$4:$T$4,0)),"") | N33: =IF(B33="","",IF('02_대상물건입력'!B5="",1,IF(ISNUMBER(SEARCH('02_대상물건입력'!B5,B33)),1,0))) | O33: =IF(B33="","",IF('02_대상물건입력'!B6="",1,IF(ISNUMBER(SEARCH('02_대상물건입력'!B6,B33)),1,0))) | P33: =IF(L33="","",IF('02_대상물건입력'!B15="",0,IF(ISNUMBER(SEARCH('02_대상물건입력'!B15,L33)),1,0))) | Q33: =IF(OR(C33="",L33=""),0,IF(AND(TRIM(C33)=TRIM(RIGHT(SUBSTITUTE(TRIM('02_대상물건입력'!$B$7)," ",REPT(" ",99)),99)),IF('02_대상물건입력'!B15="",TRUE(),ISNUMBER(SEARCH('02_대상물건입력'!B15,L33)))),1,0)) | R33: =IFERROR(ABS(E33-'02_대상물건입력'!B11)/'02_대상물건입력'!B11,"") | S33: =IFERROR(ABS(J33-'02_대상물건입력'!B10),"") | T33: =IFERROR(ABS('01_설정'!B4-F33),"") | U33: =IFERROR(ABS(K33-YEAR('02_대상물건입력'!B14)),"") | V33: =IF(B33="","",IF(AND(E33>0,F33>0,H33>0,OR(IFERROR(INDEX('04A_국토부원자료'!$A:$T,ROW()+1,MATCH("해제사유발생일",'04A_국토부원자료'!$A$4:$T$4,0)),"")="",IFERROR(INDEX('04A_국토부원자료'!$A:$T,ROW()+1,MATCH("해제사유발생일",'04A_국토부원자료'!$A$4:$T$4,0)),"")="-"),IF('01_설정'!B10=1,N33=1,TRUE()),R33<='01_설정'!B5,S33<='01_설정'!B6,T33<='01_설정'!B7,U33<='01_설정'!B8),"Y","")) | W33: =IF(V33<>"Y","",MAX(0,(1-R33/'01_설정'!B5))*'01_설정'!B14+MAX(0,(1-S33/'01_설정'!B6))*'01_설정'!B15+MAX(0,(1-T33/'01_설정'!B7))*'01_설정'!B16+MAX(0,(1-U33/'01_설정'!B8))*'01_설정'!B17+O33*'01_설정'!B11+Q33*'01_설정'!B12+P33*'01_설정'!B13+IF(Z33="",0,Z33)) | X33: =IF(W33="","",1+COUNTIFS($W$4:$W$3003,">"&W33)+COUNTIFS($W$4:W33,W33)-1) | Y33: =IF(OR(I33="",'02_대상물건입력'!B19="",'02_대상물건입력'!B19<=0),"",ABS(I33-'02_대상물건입력'!B19)/'02_대상물건입력'!B19) | Z33: =IF(OR(Y33="",'01_설정'!B31="",'01_설정'!B31<=0,'01_설정'!B32="",'01_설정'!B32<=0),"",MAX(0,(1-Y33/'01_설정'!B32))*'01_설정'!B31)
A34: =IF(INDEX('04A_국토부원자료'!$A:$A,ROW()+1)="","",ROW()-3) | B34: =IFERROR(INDEX('04A_국토부원자료'!$A:$T,ROW()+1,MATCH("시군구",'04A_국토부원자료'!$A$4:$T$4,0)),"") | C34: =IF(B34="","",IFERROR(INDEX('04A_국토부원자료'!$A:$T,ROW()+1,MATCH("번지",'04A_국토부원자료'!$A$4:$T$4,0)),"")) | D34: =IF(B34="","",IF(Q34=1,'02_대상물건입력'!$B$8,IFERROR(INDEX('04A_국토부원자료'!$A:$T,ROW()+1,MATCH("단지명",'04A_국토부원자료'!$A$4:$T$4,0)),""))) | E34: =IFERROR(VALUE(SUBSTITUTE(INDEX('04A_국토부원자료'!$A:$T,ROW()+1,MATCH("전용면적(㎡)",'04A_국토부원자료'!$A$4:$T$4,0)),",","")),"") | F34: =IFERROR(IF(AND(INDEX('04A_국토부원자료'!$A:$T,ROW()+1,MATCH("계약년월",'04A_국토부원자료'!$A$4:$T$4,0))<>"",INDEX('04A_국토부원자료'!$A:$T,ROW()+1,MATCH("계약일",'04A_국토부원자료'!$A$4:$T$4,0))<>""),DATE(INT(VALUE(SUBSTITUTE(INDEX('04A_국토부원자료'!$A:$T,ROW()+1,MATCH("계약년월",'04A_국토부원자료'!$A$4:$T$4,0)),",",""))/100),MOD(VALUE(SUBSTITUTE(INDEX('04A_국토부원자료'!$A:$T,ROW()+1,MATCH("계약년월",'04A_국토부원자료'!$A$4:$T$4,0)),",","")),100),VALUE(SUBSTITUTE(INDEX('04A_국토부원자료'!$A:$T,ROW()+1,MATCH("계약일",'04A_국토부원자료'!$A$4:$T$4,0)),",",""))),""),"") | G34: =IFERROR(VALUE(SUBSTITUTE(INDEX('04A_국토부원자료'!$A:$T,ROW()+1,MATCH("거래금액(만원)",'04A_국토부원자료'!$A$4:$T$4,0)),",","")),"") | H34: =IF(G34="","",G34*10000) | I34: =IFERROR(IF(AND(H34>0,E34>0),H34/E34,""),"") | J34: =IFERROR(VALUE(SUBSTITUTE(INDEX('04A_국토부원자료'!$A:$T,ROW()+1,MATCH("층",'04A_국토부원자료'!$A$4:$T$4,0)),",","")),"") | K34: =IFERROR(VALUE(SUBSTITUTE(INDEX('04A_국토부원자료'!$A:$T,ROW()+1,MATCH("건축년도",'04A_국토부원자료'!$A$4:$T$4,0)),",","")),"") | L34: =IFERROR(INDEX('04A_국토부원자료'!$A:$T,ROW()+1,MATCH("도로명",'04A_국토부원자료'!$A$4:$T$4,0)),"") | M34: =IFERROR(INDEX('04A_국토부원자료'!$A:$T,ROW()+1,MATCH("거래유형",'04A_국토부원자료'!$A$4:$T$4,0)),"") | N34: =IF(B34="","",IF('02_대상물건입력'!B5="",1,IF(ISNUMBER(SEARCH('02_대상물건입력'!B5,B34)),1,0))) | O34: =IF(B34="","",IF('02_대상물건입력'!B6="",1,IF(ISNUMBER(SEARCH('02_대상물건입력'!B6,B34)),1,0))) | P34: =IF(L34="","",IF('02_대상물건입력'!B15="",0,IF(ISNUMBER(SEARCH('02_대상물건입력'!B15,L34)),1,0))) | Q34: =IF(OR(C34="",L34=""),0,IF(AND(TRIM(C34)=TRIM(RIGHT(SUBSTITUTE(TRIM('02_대상물건입력'!$B$7)," ",REPT(" ",99)),99)),IF('02_대상물건입력'!B15="",TRUE(),ISNUMBER(SEARCH('02_대상물건입력'!B15,L34)))),1,0)) | R34: =IFERROR(ABS(E34-'02_대상물건입력'!B11)/'02_대상물건입력'!B11,"") | S34: =IFERROR(ABS(J34-'02_대상물건입력'!B10),"") | T34: =IFERROR(ABS('01_설정'!B4-F34),"") | U34: =IFERROR(ABS(K34-YEAR('02_대상물건입력'!B14)),"") | V34: =IF(B34="","",IF(AND(E34>0,F34>0,H34>0,OR(IFERROR(INDEX('04A_국토부원자료'!$A:$T,ROW()+1,MATCH("해제사유발생일",'04A_국토부원자료'!$A$4:$T$4,0)),"")="",IFERROR(INDEX('04A_국토부원자료'!$A:$T,ROW()+1,MATCH("해제사유발생일",'04A_국토부원자료'!$A$4:$T$4,0)),"")="-"),IF('01_설정'!B10=1,N34=1,TRUE()),R34<='01_설정'!B5,S34<='01_설정'!B6,T34<='01_설정'!B7,U34<='01_설정'!B8),"Y","")) | W34: =IF(V34<>"Y","",MAX(0,(1-R34/'01_설정'!B5))*'01_설정'!B14+MAX(0,(1-S34/'01_설정'!B6))*'01_설정'!B15+MAX(0,(1-T34/'01_설정'!B7))*'01_설정'!B16+MAX(0,(1-U34/'01_설정'!B8))*'01_설정'!B17+O34*'01_설정'!B11+Q34*'01_설정'!B12+P34*'01_설정'!B13+IF(Z34="",0,Z34)) | X34: =IF(W34="","",1+COUNTIFS($W$4:$W$3003,">"&W34)+COUNTIFS($W$4:W34,W34)-1) | Y34: =IF(OR(I34="",'02_대상물건입력'!B19="",'02_대상물건입력'!B19<=0),"",ABS(I34-'02_대상물건입력'!B19)/'02_대상물건입력'!B19) | Z34: =IF(OR(Y34="",'01_설정'!B31="",'01_설정'!B31<=0,'01_설정'!B32="",'01_설정'!B32<=0),"",MAX(0,(1-Y34/'01_설정'!B32))*'01_설정'!B31)
A35: =IF(INDEX('04A_국토부원자료'!$A:$A,ROW()+1)="","",ROW()-3) | B35: =IFERROR(INDEX('04A_국토부원자료'!$A:$T,ROW()+1,MATCH("시군구",'04A_국토부원자료'!$A$4:$T$4,0)),"") | C35: =IF(B35="","",IFERROR(INDEX('04A_국토부원자료'!$A:$T,ROW()+1,MATCH("번지",'04A_국토부원자료'!$A$4:$T$4,0)),"")) | D35: =IF(B35="","",IF(Q35=1,'02_대상물건입력'!$B$8,IFERROR(INDEX('04A_국토부원자료'!$A:$T,ROW()+1,MATCH("단지명",'04A_국토부원자료'!$A$4:$T$4,0)),""))) | E35: =IFERROR(VALUE(SUBSTITUTE(INDEX('04A_국토부원자료'!$A:$T,ROW()+1,MATCH("전용면적(㎡)",'04A_국토부원자료'!$A$4:$T$4,0)),",","")),"") | F35: =IFERROR(IF(AND(INDEX('04A_국토부원자료'!$A:$T,ROW()+1,MATCH("계약년월",'04A_국토부원자료'!$A$4:$T$4,0))<>"",INDEX('04A_국토부원자료'!$A:$T,ROW()+1,MATCH("계약일",'04A_국토부원자료'!$A$4:$T$4,0))<>""),DATE(INT(VALUE(SUBSTITUTE(INDEX('04A_국토부원자료'!$A:$T,ROW()+1,MATCH("계약년월",'04A_국토부원자료'!$A$4:$T$4,0)),",",""))/100),MOD(VALUE(SUBSTITUTE(INDEX('04A_국토부원자료'!$A:$T,ROW()+1,MATCH("계약년월",'04A_국토부원자료'!$A$4:$T$4,0)),",","")),100),VALUE(SUBSTITUTE(INDEX('04A_국토부원자료'!$A:$T,ROW()+1,MATCH("계약일",'04A_국토부원자료'!$A$4:$T$4,0)),",",""))),""),"") | G35: =IFERROR(VALUE(SUBSTITUTE(INDEX('04A_국토부원자료'!$A:$T,ROW()+1,MATCH("거래금액(만원)",'04A_국토부원자료'!$A$4:$T$4,0)),",","")),"") | H35: =IF(G35="","",G35*10000) | I35: =IFERROR(IF(AND(H35>0,E35>0),H35/E35,""),"") | J35: =IFERROR(VALUE(SUBSTITUTE(INDEX('04A_국토부원자료'!$A:$T,ROW()+1,MATCH("층",'04A_국토부원자료'!$A$4:$T$4,0)),",","")),"") | K35: =IFERROR(VALUE(SUBSTITUTE(INDEX('04A_국토부원자료'!$A:$T,ROW()+1,MATCH("건축년도",'04A_국토부원자료'!$A$4:$T$4,0)),",","")),"") | L35: =IFERROR(INDEX('04A_국토부원자료'!$A:$T,ROW()+1,MATCH("도로명",'04A_국토부원자료'!$A$4:$T$4,0)),"") | M35: =IFERROR(INDEX('04A_국토부원자료'!$A:$T,ROW()+1,MATCH("거래유형",'04A_국토부원자료'!$A$4:$T$4,0)),"") | N35: =IF(B35="","",IF('02_대상물건입력'!B5="",1,IF(ISNUMBER(SEARCH('02_대상물건입력'!B5,B35)),1,0))) | O35: =IF(B35="","",IF('02_대상물건입력'!B6="",1,IF(ISNUMBER(SEARCH('02_대상물건입력'!B6,B35)),1,0))) | P35: =IF(L35="","",IF('02_대상물건입력'!B15="",0,IF(ISNUMBER(SEARCH('02_대상물건입력'!B15,L35)),1,0))) | Q35: =IF(OR(C35="",L35=""),0,IF(AND(TRIM(C35)=TRIM(RIGHT(SUBSTITUTE(TRIM('02_대상물건입력'!$B$7)," ",REPT(" ",99)),99)),IF('02_대상물건입력'!B15="",TRUE(),ISNUMBER(SEARCH('02_대상물건입력'!B15,L35)))),1,0)) | R35: =IFERROR(ABS(E35-'02_대상물건입력'!B11)/'02_대상물건입력'!B11,"") | S35: =IFERROR(ABS(J35-'02_대상물건입력'!B10),"") | T35: =IFERROR(ABS('01_설정'!B4-F35),"") | U35: =IFERROR(ABS(K35-YEAR('02_대상물건입력'!B14)),"") | V35: =IF(B35="","",IF(AND(E35>0,F35>0,H35>0,OR(IFERROR(INDEX('04A_국토부원자료'!$A:$T,ROW()+1,MATCH("해제사유발생일",'04A_국토부원자료'!$A$4:$T$4,0)),"")="",IFERROR(INDEX('04A_국토부원자료'!$A:$T,ROW()+1,MATCH("해제사유발생일",'04A_국토부원자료'!$A$4:$T$4,0)),"")="-"),IF('01_설정'!B10=1,N35=1,TRUE()),R35<='01_설정'!B5,S35<='01_설정'!B6,T35<='01_설정'!B7,U35<='01_설정'!B8),"Y","")) | W35: =IF(V35<>"Y","",MAX(0,(1-R35/'01_설정'!B5))*'01_설정'!B14+MAX(0,(1-S35/'01_설정'!B6))*'01_설정'!B15+MAX(0,(1-T35/'01_설정'!B7))*'01_설정'!B16+MAX(0,(1-U35/'01_설정'!B8))*'01_설정'!B17+O35*'01_설정'!B11+Q35*'01_설정'!B12+P35*'01_설정'!B13+IF(Z35="",0,Z35)) | X35: =IF(W35="","",1+COUNTIFS($W$4:$W$3003,">"&W35)+COUNTIFS($W$4:W35,W35)-1) | Y35: =IF(OR(I35="",'02_대상물건입력'!B19="",'02_대상물건입력'!B19<=0),"",ABS(I35-'02_대상물건입력'!B19)/'02_대상물건입력'!B19) | Z35: =IF(OR(Y35="",'01_설정'!B31="",'01_설정'!B31<=0,'01_설정'!B32="",'01_설정'!B32<=0),"",MAX(0,(1-Y35/'01_설정'!B32))*'01_설정'!B31)
A36: =IF(INDEX('04A_국토부원자료'!$A:$A,ROW()+1)="","",ROW()-3) | B36: =IFERROR(INDEX('04A_국토부원자료'!$A:$T,ROW()+1,MATCH("시군구",'04A_국토부원자료'!$A$4:$T$4,0)),"") | C36: =IF(B36="","",IFERROR(INDEX('04A_국토부원자료'!$A:$T,ROW()+1,MATCH("번지",'04A_국토부원자료'!$A$4:$T$4,0)),"")) | D36: =IF(B36="","",IF(Q36=1,'02_대상물건입력'!$B$8,IFERROR(INDEX('04A_국토부원자료'!$A:$T,ROW()+1,MATCH("단지명",'04A_국토부원자료'!$A$4:$T$4,0)),""))) | E36: =IFERROR(VALUE(SUBSTITUTE(INDEX('04A_국토부원자료'!$A:$T,ROW()+1,MATCH("전용면적(㎡)",'04A_국토부원자료'!$A$4:$T$4,0)),",","")),"") | F36: =IFERROR(IF(AND(INDEX('04A_국토부원자료'!$A:$T,ROW()+1,MATCH("계약년월",'04A_국토부원자료'!$A$4:$T$4,0))<>"",INDEX('04A_국토부원자료'!$A:$T,ROW()+1,MATCH("계약일",'04A_국토부원자료'!$A$4:$T$4,0))<>""),DATE(INT(VALUE(SUBSTITUTE(INDEX('04A_국토부원자료'!$A:$T,ROW()+1,MATCH("계약년월",'04A_국토부원자료'!$A$4:$T$4,0)),",",""))/100),MOD(VALUE(SUBSTITUTE(INDEX('04A_국토부원자료'!$A:$T,ROW()+1,MATCH("계약년월",'04A_국토부원자료'!$A$4:$T$4,0)),",","")),100),VALUE(SUBSTITUTE(INDEX('04A_국토부원자료'!$A:$T,ROW()+1,MATCH("계약일",'04A_국토부원자료'!$A$4:$T$4,0)),",",""))),""),"") | G36: =IFERROR(VALUE(SUBSTITUTE(INDEX('04A_국토부원자료'!$A:$T,ROW()+1,MATCH("거래금액(만원)",'04A_국토부원자료'!$A$4:$T$4,0)),",","")),"") | H36: =IF(G36="","",G36*10000) | I36: =IFERROR(IF(AND(H36>0,E36>0),H36/E36,""),"") | J36: =IFERROR(VALUE(SUBSTITUTE(INDEX('04A_국토부원자료'!$A:$T,ROW()+1,MATCH("층",'04A_국토부원자료'!$A$4:$T$4,0)),",","")),"") | K36: =IFERROR(VALUE(SUBSTITUTE(INDEX('04A_국토부원자료'!$A:$T,ROW()+1,MATCH("건축년도",'04A_국토부원자료'!$A$4:$T$4,0)),",","")),"") | L36: =IFERROR(INDEX('04A_국토부원자료'!$A:$T,ROW()+1,MATCH("도로명",'04A_국토부원자료'!$A$4:$T$4,0)),"") | M36: =IFERROR(INDEX('04A_국토부원자료'!$A:$T,ROW()+1,MATCH("거래유형",'04A_국토부원자료'!$A$4:$T$4,0)),"") | N36: =IF(B36="","",IF('02_대상물건입력'!B5="",1,IF(ISNUMBER(SEARCH('02_대상물건입력'!B5,B36)),1,0))) | O36: =IF(B36="","",IF('02_대상물건입력'!B6="",1,IF(ISNUMBER(SEARCH('02_대상물건입력'!B6,B36)),1,0))) | P36: =IF(L36="","",IF('02_대상물건입력'!B15="",0,IF(ISNUMBER(SEARCH('02_대상물건입력'!B15,L36)),1,0))) | Q36: =IF(OR(C36="",L36=""),0,IF(AND(TRIM(C36)=TRIM(RIGHT(SUBSTITUTE(TRIM('02_대상물건입력'!$B$7)," ",REPT(" ",99)),99)),IF('02_대상물건입력'!B15="",TRUE(),ISNUMBER(SEARCH('02_대상물건입력'!B15,L36)))),1,0)) | R36: =IFERROR(ABS(E36-'02_대상물건입력'!B11)/'02_대상물건입력'!B11,"") | S36: =IFERROR(ABS(J36-'02_대상물건입력'!B10),"") | T36: =IFERROR(ABS('01_설정'!B4-F36),"") | U36: =IFERROR(ABS(K36-YEAR('02_대상물건입력'!B14)),"") | V36: =IF(B36="","",IF(AND(E36>0,F36>0,H36>0,OR(IFERROR(INDEX('04A_국토부원자료'!$A:$T,ROW()+1,MATCH("해제사유발생일",'04A_국토부원자료'!$A$4:$T$4,0)),"")="",IFERROR(INDEX('04A_국토부원자료'!$A:$T,ROW()+1,MATCH("해제사유발생일",'04A_국토부원자료'!$A$4:$T$4,0)),"")="-"),IF('01_설정'!B10=1,N36=1,TRUE()),R36<='01_설정'!B5,S36<='01_설정'!B6,T36<='01_설정'!B7,U36<='01_설정'!B8),"Y","")) | W36: =IF(V36<>"Y","",MAX(0,(1-R36/'01_설정'!B5))*'01_설정'!B14+MAX(0,(1-S36/'01_설정'!B6))*'01_설정'!B15+MAX(0,(1-T36/'01_설정'!B7))*'01_설정'!B16+MAX(0,(1-U36/'01_설정'!B8))*'01_설정'!B17+O36*'01_설정'!B11+Q36*'01_설정'!B12+P36*'01_설정'!B13+IF(Z36="",0,Z36)) | X36: =IF(W36="","",1+COUNTIFS($W$4:$W$3003,">"&W36)+COUNTIFS($W$4:W36,W36)-1) | Y36: =IF(OR(I36="",'02_대상물건입력'!B19="",'02_대상물건입력'!B19<=0),"",ABS(I36-'02_대상물건입력'!B19)/'02_대상물건입력'!B19) | Z36: =IF(OR(Y36="",'01_설정'!B31="",'01_설정'!B31<=0,'01_설정'!B32="",'01_설정'!B32<=0),"",MAX(0,(1-Y36/'01_설정'!B32))*'01_설정'!B31)
A37: =IF(INDEX('04A_국토부원자료'!$A:$A,ROW()+1)="","",ROW()-3) | B37: =IFERROR(INDEX('04A_국토부원자료'!$A:$T,ROW()+1,MATCH("시군구",'04A_국토부원자료'!$A$4:$T$4,0)),"") | C37: =IF(B37="","",IFERROR(INDEX('04A_국토부원자료'!$A:$T,ROW()+1,MATCH("번지",'04A_국토부원자료'!$A$4:$T$4,0)),"")) | D37: =IF(B37="","",IF(Q37=1,'02_대상물건입력'!$B$8,IFERROR(INDEX('04A_국토부원자료'!$A:$T,ROW()+1,MATCH("단지명",'04A_국토부원자료'!$A$4:$T$4,0)),""))) | E37: =IFERROR(VALUE(SUBSTITUTE(INDEX('04A_국토부원자료'!$A:$T,ROW()+1,MATCH("전용면적(㎡)",'04A_국토부원자료'!$A$4:$T$4,0)),",","")),"") | F37: =IFERROR(IF(AND(INDEX('04A_국토부원자료'!$A:$T,ROW()+1,MATCH("계약년월",'04A_국토부원자료'!$A$4:$T$4,0))<>"",INDEX('04A_국토부원자료'!$A:$T,ROW()+1,MATCH("계약일",'04A_국토부원자료'!$A$4:$T$4,0))<>""),DATE(INT(VALUE(SUBSTITUTE(INDEX('04A_국토부원자료'!$A:$T,ROW()+1,MATCH("계약년월",'04A_국토부원자료'!$A$4:$T$4,0)),",",""))/100),MOD(VALUE(SUBSTITUTE(INDEX('04A_국토부원자료'!$A:$T,ROW()+1,MATCH("계약년월",'04A_국토부원자료'!$A$4:$T$4,0)),",","")),100),VALUE(SUBSTITUTE(INDEX('04A_국토부원자료'!$A:$T,ROW()+1,MATCH("계약일",'04A_국토부원자료'!$A$4:$T$4,0)),",",""))),""),"") | G37: =IFERROR(VALUE(SUBSTITUTE(INDEX('04A_국토부원자료'!$A:$T,ROW()+1,MATCH("거래금액(만원)",'04A_국토부원자료'!$A$4:$T$4,0)),",","")),"") | H37: =IF(G37="","",G37*10000) | I37: =IFERROR(IF(AND(H37>0,E37>0),H37/E37,""),"") | J37: =IFERROR(VALUE(SUBSTITUTE(INDEX('04A_국토부원자료'!$A:$T,ROW()+1,MATCH("층",'04A_국토부원자료'!$A$4:$T$4,0)),",","")),"") | K37: =IFERROR(VALUE(SUBSTITUTE(INDEX('04A_국토부원자료'!$A:$T,ROW()+1,MATCH("건축년도",'04A_국토부원자료'!$A$4:$T$4,0)),",","")),"") | L37: =IFERROR(INDEX('04A_국토부원자료'!$A:$T,ROW()+1,MATCH("도로명",'04A_국토부원자료'!$A$4:$T$4,0)),"") | M37: =IFERROR(INDEX('04A_국토부원자료'!$A:$T,ROW()+1,MATCH("거래유형",'04A_국토부원자료'!$A$4:$T$4,0)),"") | N37: =IF(B37="","",IF('02_대상물건입력'!B5="",1,IF(ISNUMBER(SEARCH('02_대상물건입력'!B5,B37)),1,0))) | O37: =IF(B37="","",IF('02_대상물건입력'!B6="",1,IF(ISNUMBER(SEARCH('02_대상물건입력'!B6,B37)),1,0))) | P37: =IF(L37="","",IF('02_대상물건입력'!B15="",0,IF(ISNUMBER(SEARCH('02_대상물건입력'!B15,L37)),1,0))) | Q37: =IF(OR(C37="",L37=""),0,IF(AND(TRIM(C37)=TRIM(RIGHT(SUBSTITUTE(TRIM('02_대상물건입력'!$B$7)," ",REPT(" ",99)),99)),IF('02_대상물건입력'!B15="",TRUE(),ISNUMBER(SEARCH('02_대상물건입력'!B15,L37)))),1,0)) | R37: =IFERROR(ABS(E37-'02_대상물건입력'!B11)/'02_대상물건입력'!B11,"") | S37: =IFERROR(ABS(J37-'02_대상물건입력'!B10),"") | T37: =IFERROR(ABS('01_설정'!B4-F37),"") | U37: =IFERROR(ABS(K37-YEAR('02_대상물건입력'!B14)),"") | V37: =IF(B37="","",IF(AND(E37>0,F37>0,H37>0,OR(IFERROR(INDEX('04A_국토부원자료'!$A:$T,ROW()+1,MATCH("해제사유발생일",'04A_국토부원자료'!$A$4:$T$4,0)),"")="",IFERROR(INDEX('04A_국토부원자료'!$A:$T,ROW()+1,MATCH("해제사유발생일",'04A_국토부원자료'!$A$4:$T$4,0)),"")="-"),IF('01_설정'!B10=1,N37=1,TRUE()),R37<='01_설정'!B5,S37<='01_설정'!B6,T37<='01_설정'!B7,U37<='01_설정'!B8),"Y","")) | W37: =IF(V37<>"Y","",MAX(0,(1-R37/'01_설정'!B5))*'01_설정'!B14+MAX(0,(1-S37/'01_설정'!B6))*'01_설정'!B15+MAX(0,(1-T37/'01_설정'!B7))*'01_설정'!B16+MAX(0,(1-U37/'01_설정'!B8))*'01_설정'!B17+O37*'01_설정'!B11+Q37*'01_설정'!B12+P37*'01_설정'!B13+IF(Z37="",0,Z37)) | X37: =IF(W37="","",1+COUNTIFS($W$4:$W$3003,">"&W37)+COUNTIFS($W$4:W37,W37)-1) | Y37: =IF(OR(I37="",'02_대상물건입력'!B19="",'02_대상물건입력'!B19<=0),"",ABS(I37-'02_대상물건입력'!B19)/'02_대상물건입력'!B19) | Z37: =IF(OR(Y37="",'01_설정'!B31="",'01_설정'!B31<=0,'01_설정'!B32="",'01_설정'!B32<=0),"",MAX(0,(1-Y37/'01_설정'!B32))*'01_설정'!B31)
A38: =IF(INDEX('04A_국토부원자료'!$A:$A,ROW()+1)="","",ROW()-3) | B38: =IFERROR(INDEX('04A_국토부원자료'!$A:$T,ROW()+1,MATCH("시군구",'04A_국토부원자료'!$A$4:$T$4,0)),"") | C38: =IF(B38="","",IFERROR(INDEX('04A_국토부원자료'!$A:$T,ROW()+1,MATCH("번지",'04A_국토부원자료'!$A$4:$T$4,0)),"")) | D38: =IF(B38="","",IF(Q38=1,'02_대상물건입력'!$B$8,IFERROR(INDEX('04A_국토부원자료'!$A:$T,ROW()+1,MATCH("단지명",'04A_국토부원자료'!$A$4:$T$4,0)),""))) | E38: =IFERROR(VALUE(SUBSTITUTE(INDEX('04A_국토부원자료'!$A:$T,ROW()+1,MATCH("전용면적(㎡)",'04A_국토부원자료'!$A$4:$T$4,0)),",","")),"") | F38: =IFERROR(IF(AND(INDEX('04A_국토부원자료'!$A:$T,ROW()+1,MATCH("계약년월",'04A_국토부원자료'!$A$4:$T$4,0))<>"",INDEX('04A_국토부원자료'!$A:$T,ROW()+1,MATCH("계약일",'04A_국토부원자료'!$A$4:$T$4,0))<>""),DATE(INT(VALUE(SUBSTITUTE(INDEX('04A_국토부원자료'!$A:$T,ROW()+1,MATCH("계약년월",'04A_국토부원자료'!$A$4:$T$4,0)),",",""))/100),MOD(VALUE(SUBSTITUTE(INDEX('04A_국토부원자료'!$A:$T,ROW()+1,MATCH("계약년월",'04A_국토부원자료'!$A$4:$T$4,0)),",","")),100),VALUE(SUBSTITUTE(INDEX('04A_국토부원자료'!$A:$T,ROW()+1,MATCH("계약일",'04A_국토부원자료'!$A$4:$T$4,0)),",",""))),""),"") | G38: =IFERROR(VALUE(SUBSTITUTE(INDEX('04A_국토부원자료'!$A:$T,ROW()+1,MATCH("거래금액(만원)",'04A_국토부원자료'!$A$4:$T$4,0)),",","")),"") | H38: =IF(G38="","",G38*10000) | I38: =IFERROR(IF(AND(H38>0,E38>0),H38/E38,""),"") | J38: =IFERROR(VALUE(SUBSTITUTE(INDEX('04A_국토부원자료'!$A:$T,ROW()+1,MATCH("층",'04A_국토부원자료'!$A$4:$T$4,0)),",","")),"") | K38: =IFERROR(VALUE(SUBSTITUTE(INDEX('04A_국토부원자료'!$A:$T,ROW()+1,MATCH("건축년도",'04A_국토부원자료'!$A$4:$T$4,0)),",","")),"") | L38: =IFERROR(INDEX('04A_국토부원자료'!$A:$T,ROW()+1,MATCH("도로명",'04A_국토부원자료'!$A$4:$T$4,0)),"") | M38: =IFERROR(INDEX('04A_국토부원자료'!$A:$T,ROW()+1,MATCH("거래유형",'04A_국토부원자료'!$A$4:$T$4,0)),"") | N38: =IF(B38="","",IF('02_대상물건입력'!B5="",1,IF(ISNUMBER(SEARCH('02_대상물건입력'!B5,B38)),1,0))) | O38: =IF(B38="","",IF('02_대상물건입력'!B6="",1,IF(ISNUMBER(SEARCH('02_대상물건입력'!B6,B38)),1,0))) | P38: =IF(L38="","",IF('02_대상물건입력'!B15="",0,IF(ISNUMBER(SEARCH('02_대상물건입력'!B15,L38)),1,0))) | Q38: =IF(OR(C38="",L38=""),0,IF(AND(TRIM(C38)=TRIM(RIGHT(SUBSTITUTE(TRIM('02_대상물건입력'!$B$7)," ",REPT(" ",99)),99)),IF('02_대상물건입력'!B15="",TRUE(),ISNUMBER(SEARCH('02_대상물건입력'!B15,L38)))),1,0)) | R38: =IFERROR(ABS(E38-'02_대상물건입력'!B11)/'02_대상물건입력'!B11,"") | S38: =IFERROR(ABS(J38-'02_대상물건입력'!B10),"") | T38: =IFERROR(ABS('01_설정'!B4-F38),"") | U38: =IFERROR(ABS(K38-YEAR('02_대상물건입력'!B14)),"") | V38: =IF(B38="","",IF(AND(E38>0,F38>0,H38>0,OR(IFERROR(INDEX('04A_국토부원자료'!$A:$T,ROW()+1,MATCH("해제사유발생일",'04A_국토부원자료'!$A$4:$T$4,0)),"")="",IFERROR(INDEX('04A_국토부원자료'!$A:$T,ROW()+1,MATCH("해제사유발생일",'04A_국토부원자료'!$A$4:$T$4,0)),"")="-"),IF('01_설정'!B10=1,N38=1,TRUE()),R38<='01_설정'!B5,S38<='01_설정'!B6,T38<='01_설정'!B7,U38<='01_설정'!B8),"Y","")) | W38: =IF(V38<>"Y","",MAX(0,(1-R38/'01_설정'!B5))*'01_설정'!B14+MAX(0,(1-S38/'01_설정'!B6))*'01_설정'!B15+MAX(0,(1-T38/'01_설정'!B7))*'01_설정'!B16+MAX(0,(1-U38/'01_설정'!B8))*'01_설정'!B17+O38*'01_설정'!B11+Q38*'01_설정'!B12+P38*'01_설정'!B13+IF(Z38="",0,Z38)) | X38: =IF(W38="","",1+COUNTIFS($W$4:$W$3003,">"&W38)+COUNTIFS($W$4:W38,W38)-1) | Y38: =IF(OR(I38="",'02_대상물건입력'!B19="",'02_대상물건입력'!B19<=0),"",ABS(I38-'02_대상물건입력'!B19)/'02_대상물건입력'!B19) | Z38: =IF(OR(Y38="",'01_설정'!B31="",'01_설정'!B31<=0,'01_설정'!B32="",'01_설정'!B32<=0),"",MAX(0,(1-Y38/'01_설정'!B32))*'01_설정'!B31)
A39: =IF(INDEX('04A_국토부원자료'!$A:$A,ROW()+1)="","",ROW()-3) | B39: =IFERROR(INDEX('04A_국토부원자료'!$A:$T,ROW()+1,MATCH("시군구",'04A_국토부원자료'!$A$4:$T$4,0)),"") | C39: =IF(B39="","",IFERROR(INDEX('04A_국토부원자료'!$A:$T,ROW()+1,MATCH("번지",'04A_국토부원자료'!$A$4:$T$4,0)),"")) | D39: =IF(B39="","",IF(Q39=1,'02_대상물건입력'!$B$8,IFERROR(INDEX('04A_국토부원자료'!$A:$T,ROW()+1,MATCH("단지명",'04A_국토부원자료'!$A$4:$T$4,0)),""))) | E39: =IFERROR(VALUE(SUBSTITUTE(INDEX('04A_국토부원자료'!$A:$T,ROW()+1,MATCH("전용면적(㎡)",'04A_국토부원자료'!$A$4:$T$4,0)),",","")),"") | F39: =IFERROR(IF(AND(INDEX('04A_국토부원자료'!$A:$T,ROW()+1,MATCH("계약년월",'04A_국토부원자료'!$A$4:$T$4,0))<>"",INDEX('04A_국토부원자료'!$A:$T,ROW()+1,MATCH("계약일",'04A_국토부원자료'!$A$4:$T$4,0))<>""),DATE(INT(VALUE(SUBSTITUTE(INDEX('04A_국토부원자료'!$A:$T,ROW()+1,MATCH("계약년월",'04A_국토부원자료'!$A$4:$T$4,0)),",",""))/100),MOD(VALUE(SUBSTITUTE(INDEX('04A_국토부원자료'!$A:$T,ROW()+1,MATCH("계약년월",'04A_국토부원자료'!$A$4:$T$4,0)),",","")),100),VALUE(SUBSTITUTE(INDEX('04A_국토부원자료'!$A:$T,ROW()+1,MATCH("계약일",'04A_국토부원자료'!$A$4:$T$4,0)),",",""))),""),"") | G39: =IFERROR(VALUE(SUBSTITUTE(INDEX('04A_국토부원자료'!$A:$T,ROW()+1,MATCH("거래금액(만원)",'04A_국토부원자료'!$A$4:$T$4,0)),",","")),"") | H39: =IF(G39="","",G39*10000) | I39: =IFERROR(IF(AND(H39>0,E39>0),H39/E39,""),"") | J39: =IFERROR(VALUE(SUBSTITUTE(INDEX('04A_국토부원자료'!$A:$T,ROW()+1,MATCH("층",'04A_국토부원자료'!$A$4:$T$4,0)),",","")),"") | K39: =IFERROR(VALUE(SUBSTITUTE(INDEX('04A_국토부원자료'!$A:$T,ROW()+1,MATCH("건축년도",'04A_국토부원자료'!$A$4:$T$4,0)),",","")),"") | L39: =IFERROR(INDEX('04A_국토부원자료'!$A:$T,ROW()+1,MATCH("도로명",'04A_국토부원자료'!$A$4:$T$4,0)),"") | M39: =IFERROR(INDEX('04A_국토부원자료'!$A:$T,ROW()+1,MATCH("거래유형",'04A_국토부원자료'!$A$4:$T$4,0)),"") | N39: =IF(B39="","",IF('02_대상물건입력'!B5="",1,IF(ISNUMBER(SEARCH('02_대상물건입력'!B5,B39)),1,0))) | O39: =IF(B39="","",IF('02_대상물건입력'!B6="",1,IF(ISNUMBER(SEARCH('02_대상물건입력'!B6,B39)),1,0))) | P39: =IF(L39="","",IF('02_대상물건입력'!B15="",0,IF(ISNUMBER(SEARCH('02_대상물건입력'!B15,L39)),1,0))) | Q39: =IF(OR(C39="",L39=""),0,IF(AND(TRIM(C39)=TRIM(RIGHT(SUBSTITUTE(TRIM('02_대상물건입력'!$B$7)," ",REPT(" ",99)),99)),IF('02_대상물건입력'!B15="",TRUE(),ISNUMBER(SEARCH('02_대상물건입력'!B15,L39)))),1,0)) | R39: =IFERROR(ABS(E39-'02_대상물건입력'!B11)/'02_대상물건입력'!B11,"") | S39: =IFERROR(ABS(J39-'02_대상물건입력'!B10),"") | T39: =IFERROR(ABS('01_설정'!B4-F39),"") | U39: =IFERROR(ABS(K39-YEAR('02_대상물건입력'!B14)),"") | V39: =IF(B39="","",IF(AND(E39>0,F39>0,H39>0,OR(IFERROR(INDEX('04A_국토부원자료'!$A:$T,ROW()+1,MATCH("해제사유발생일",'04A_국토부원자료'!$A$4:$T$4,0)),"")="",IFERROR(INDEX('04A_국토부원자료'!$A:$T,ROW()+1,MATCH("해제사유발생일",'04A_국토부원자료'!$A$4:$T$4,0)),"")="-"),IF('01_설정'!B10=1,N39=1,TRUE()),R39<='01_설정'!B5,S39<='01_설정'!B6,T39<='01_설정'!B7,U39<='01_설정'!B8),"Y","")) | W39: =IF(V39<>"Y","",MAX(0,(1-R39/'01_설정'!B5))*'01_설정'!B14+MAX(0,(1-S39/'01_설정'!B6))*'01_설정'!B15+MAX(0,(1-T39/'01_설정'!B7))*'01_설정'!B16+MAX(0,(1-U39/'01_설정'!B8))*'01_설정'!B17+O39*'01_설정'!B11+Q39*'01_설정'!B12+P39*'01_설정'!B13+IF(Z39="",0,Z39)) | X39: =IF(W39="","",1+COUNTIFS($W$4:$W$3003,">"&W39)+COUNTIFS($W$4:W39,W39)-1) | Y39: =IF(OR(I39="",'02_대상물건입력'!B19="",'02_대상물건입력'!B19<=0),"",ABS(I39-'02_대상물건입력'!B19)/'02_대상물건입력'!B19) | Z39: =IF(OR(Y39="",'01_설정'!B31="",'01_설정'!B31<=0,'01_설정'!B32="",'01_설정'!B32<=0),"",MAX(0,(1-Y39/'01_설정'!B32))*'01_설정'!B31)
A40: =IF(INDEX('04A_국토부원자료'!$A:$A,ROW()+1)="","",ROW()-3) | B40: =IFERROR(INDEX('04A_국토부원자료'!$A:$T,ROW()+1,MATCH("시군구",'04A_국토부원자료'!$A$4:$T$4,0)),"") | C40: =IF(B40="","",IFERROR(INDEX('04A_국토부원자료'!$A:$T,ROW()+1,MATCH("번지",'04A_국토부원자료'!$A$4:$T$4,0)),"")) | D40: =IF(B40="","",IF(Q40=1,'02_대상물건입력'!$B$8,IFERROR(INDEX('04A_국토부원자료'!$A:$T,ROW()+1,MATCH("단지명",'04A_국토부원자료'!$A$4:$T$4,0)),""))) | E40: =IFERROR(VALUE(SUBSTITUTE(INDEX('04A_국토부원자료'!$A:$T,ROW()+1,MATCH("전용면적(㎡)",'04A_국토부원자료'!$A$4:$T$4,0)),",","")),"") | F40: =IFERROR(IF(AND(INDEX('04A_국토부원자료'!$A:$T,ROW()+1,MATCH("계약년월",'04A_국토부원자료'!$A$4:$T$4,0))<>"",INDEX('04A_국토부원자료'!$A:$T,ROW()+1,MATCH("계약일",'04A_국토부원자료'!$A$4:$T$4,0))<>""),DATE(INT(VALUE(SUBSTITUTE(INDEX('04A_국토부원자료'!$A:$T,ROW()+1,MATCH("계약년월",'04A_국토부원자료'!$A$4:$T$4,0)),",",""))/100),MOD(VALUE(SUBSTITUTE(INDEX('04A_국토부원자료'!$A:$T,ROW()+1,MATCH("계약년월",'04A_국토부원자료'!$A$4:$T$4,0)),",","")),100),VALUE(SUBSTITUTE(INDEX('04A_국토부원자료'!$A:$T,ROW()+1,MATCH("계약일",'04A_국토부원자료'!$A$4:$T$4,0)),",",""))),""),"") | G40: =IFERROR(VALUE(SUBSTITUTE(INDEX('04A_국토부원자료'!$A:$T,ROW()+1,MATCH("거래금액(만원)",'04A_국토부원자료'!$A$4:$T$4,0)),",","")),"") | H40: =IF(G40="","",G40*10000) | I40: =IFERROR(IF(AND(H40>0,E40>0),H40/E40,""),"") | J40: =IFERROR(VALUE(SUBSTITUTE(INDEX('04A_국토부원자료'!$A:$T,ROW()+1,MATCH("층",'04A_국토부원자료'!$A$4:$T$4,0)),",","")),"") | K40: =IFERROR(VALUE(SUBSTITUTE(INDEX('04A_국토부원자료'!$A:$T,ROW()+1,MATCH("건축년도",'04A_국토부원자료'!$A$4:$T$4,0)),",","")),"") | L40: =IFERROR(INDEX('04A_국토부원자료'!$A:$T,ROW()+1,MATCH("도로명",'04A_국토부원자료'!$A$4:$T$4,0)),"") | M40: =IFERROR(INDEX('04A_국토부원자료'!$A:$T,ROW()+1,MATCH("거래유형",'04A_국토부원자료'!$A$4:$T$4,0)),"") | N40: =IF(B40="","",IF('02_대상물건입력'!B5="",1,IF(ISNUMBER(SEARCH('02_대상물건입력'!B5,B40)),1,0))) | O40: =IF(B40="","",IF('02_대상물건입력'!B6="",1,IF(ISNUMBER(SEARCH('02_대상물건입력'!B6,B40)),1,0))) | P40: =IF(L40="","",IF('02_대상물건입력'!B15="",0,IF(ISNUMBER(SEARCH('02_대상물건입력'!B15,L40)),1,0))) | Q40: =IF(OR(C40="",L40=""),0,IF(AND(TRIM(C40)=TRIM(RIGHT(SUBSTITUTE(TRIM('02_대상물건입력'!$B$7)," ",REPT(" ",99)),99)),IF('02_대상물건입력'!B15="",TRUE(),ISNUMBER(SEARCH('02_대상물건입력'!B15,L40)))),1,0)) | R40: =IFERROR(ABS(E40-'02_대상물건입력'!B11)/'02_대상물건입력'!B11,"") | S40: =IFERROR(ABS(J40-'02_대상물건입력'!B10),"") | T40: =IFERROR(ABS('01_설정'!B4-F40),"") | U40: =IFERROR(ABS(K40-YEAR('02_대상물건입력'!B14)),"") | V40: =IF(B40="","",IF(AND(E40>0,F40>0,H40>0,OR(IFERROR(INDEX('04A_국토부원자료'!$A:$T,ROW()+1,MATCH("해제사유발생일",'04A_국토부원자료'!$A$4:$T$4,0)),"")="",IFERROR(INDEX('04A_국토부원자료'!$A:$T,ROW()+1,MATCH("해제사유발생일",'04A_국토부원자료'!$A$4:$T$4,0)),"")="-"),IF('01_설정'!B10=1,N40=1,TRUE()),R40<='01_설정'!B5,S40<='01_설정'!B6,T40<='01_설정'!B7,U40<='01_설정'!B8),"Y","")) | W40: =IF(V40<>"Y","",MAX(0,(1-R40/'01_설정'!B5))*'01_설정'!B14+MAX(0,(1-S40/'01_설정'!B6))*'01_설정'!B15+MAX(0,(1-T40/'01_설정'!B7))*'01_설정'!B16+MAX(0,(1-U40/'01_설정'!B8))*'01_설정'!B17+O40*'01_설정'!B11+Q40*'01_설정'!B12+P40*'01_설정'!B13+IF(Z40="",0,Z40)) | X40: =IF(W40="","",1+COUNTIFS($W$4:$W$3003,">"&W40)+COUNTIFS($W$4:W40,W40)-1) | Y40: =IF(OR(I40="",'02_대상물건입력'!B19="",'02_대상물건입력'!B19<=0),"",ABS(I40-'02_대상물건입력'!B19)/'02_대상물건입력'!B19) | Z40: =IF(OR(Y40="",'01_설정'!B31="",'01_설정'!B31<=0,'01_설정'!B32="",'01_설정'!B32<=0),"",MAX(0,(1-Y40/'01_설정'!B32))*'01_설정'!B31)
A41: =IF(INDEX('04A_국토부원자료'!$A:$A,ROW()+1)="","",ROW()-3) | B41: =IFERROR(INDEX('04A_국토부원자료'!$A:$T,ROW()+1,MATCH("시군구",'04A_국토부원자료'!$A$4:$T$4,0)),"") | C41: =IF(B41="","",IFERROR(INDEX('04A_국토부원자료'!$A:$T,ROW()+1,MATCH("번지",'04A_국토부원자료'!$A$4:$T$4,0)),"")) | D41: =IF(B41="","",IF(Q41=1,'02_대상물건입력'!$B$8,IFERROR(INDEX('04A_국토부원자료'!$A:$T,ROW()+1,MATCH("단지명",'04A_국토부원자료'!$A$4:$T$4,0)),""))) | E41: =IFERROR(VALUE(SUBSTITUTE(INDEX('04A_국토부원자료'!$A:$T,ROW()+1,MATCH("전용면적(㎡)",'04A_국토부원자료'!$A$4:$T$4,0)),",","")),"") | F41: =IFERROR(IF(AND(INDEX('04A_국토부원자료'!$A:$T,ROW()+1,MATCH("계약년월",'04A_국토부원자료'!$A$4:$T$4,0))<>"",INDEX('04A_국토부원자료'!$A:$T,ROW()+1,MATCH("계약일",'04A_국토부원자료'!$A$4:$T$4,0))<>""),DATE(INT(VALUE(SUBSTITUTE(INDEX('04A_국토부원자료'!$A:$T,ROW()+1,MATCH("계약년월",'04A_국토부원자료'!$A$4:$T$4,0)),",",""))/100),MOD(VALUE(SUBSTITUTE(INDEX('04A_국토부원자료'!$A:$T,ROW()+1,MATCH("계약년월",'04A_국토부원자료'!$A$4:$T$4,0)),",","")),100),VALUE(SUBSTITUTE(INDEX('04A_국토부원자료'!$A:$T,ROW()+1,MATCH("계약일",'04A_국토부원자료'!$A$4:$T$4,0)),",",""))),""),"") | G41: =IFERROR(VALUE(SUBSTITUTE(INDEX('04A_국토부원자료'!$A:$T,ROW()+1,MATCH("거래금액(만원)",'04A_국토부원자료'!$A$4:$T$4,0)),",","")),"") | H41: =IF(G41="","",G41*10000) | I41: =IFERROR(IF(AND(H41>0,E41>0),H41/E41,""),"") | J41: =IFERROR(VALUE(SUBSTITUTE(INDEX('04A_국토부원자료'!$A:$T,ROW()+1,MATCH("층",'04A_국토부원자료'!$A$4:$T$4,0)),",","")),"") | K41: =IFERROR(VALUE(SUBSTITUTE(INDEX('04A_국토부원자료'!$A:$T,ROW()+1,MATCH("건축년도",'04A_국토부원자료'!$A$4:$T$4,0)),",","")),"") | L41: =IFERROR(INDEX('04A_국토부원자료'!$A:$T,ROW()+1,MATCH("도로명",'04A_국토부원자료'!$A$4:$T$4,0)),"") | M41: =IFERROR(INDEX('04A_국토부원자료'!$A:$T,ROW()+1,MATCH("거래유형",'04A_국토부원자료'!$A$4:$T$4,0)),"") | N41: =IF(B41="","",IF('02_대상물건입력'!B5="",1,IF(ISNUMBER(SEARCH('02_대상물건입력'!B5,B41)),1,0))) | O41: =IF(B41="","",IF('02_대상물건입력'!B6="",1,IF(ISNUMBER(SEARCH('02_대상물건입력'!B6,B41)),1,0))) | P41: =IF(L41="","",IF('02_대상물건입력'!B15="",0,IF(ISNUMBER(SEARCH('02_대상물건입력'!B15,L41)),1,0))) | Q41: =IF(OR(C41="",L41=""),0,IF(AND(TRIM(C41)=TRIM(RIGHT(SUBSTITUTE(TRIM('02_대상물건입력'!$B$7)," ",REPT(" ",99)),99)),IF('02_대상물건입력'!B15="",TRUE(),ISNUMBER(SEARCH('02_대상물건입력'!B15,L41)))),1,0)) | R41: =IFERROR(ABS(E41-'02_대상물건입력'!B11)/'02_대상물건입력'!B11,"") | S41: =IFERROR(ABS(J41-'02_대상물건입력'!B10),"") | T41: =IFERROR(ABS('01_설정'!B4-F41),"") | U41: =IFERROR(ABS(K41-YEAR('02_대상물건입력'!B14)),"") | V41: =IF(B41="","",IF(AND(E41>0,F41>0,H41>0,OR(IFERROR(INDEX('04A_국토부원자료'!$A:$T,ROW()+1,MATCH("해제사유발생일",'04A_국토부원자료'!$A$4:$T$4,0)),"")="",IFERROR(INDEX('04A_국토부원자료'!$A:$T,ROW()+1,MATCH("해제사유발생일",'04A_국토부원자료'!$A$4:$T$4,0)),"")="-"),IF('01_설정'!B10=1,N41=1,TRUE()),R41<='01_설정'!B5,S41<='01_설정'!B6,T41<='01_설정'!B7,U41<='01_설정'!B8),"Y","")) | W41: =IF(V41<>"Y","",MAX(0,(1-R41/'01_설정'!B5))*'01_설정'!B14+MAX(0,(1-S41/'01_설정'!B6))*'01_설정'!B15+MAX(0,(1-T41/'01_설정'!B7))*'01_설정'!B16+MAX(0,(1-U41/'01_설정'!B8))*'01_설정'!B17+O41*'01_설정'!B11+Q41*'01_설정'!B12+P41*'01_설정'!B13+IF(Z41="",0,Z41)) | X41: =IF(W41="","",1+COUNTIFS($W$4:$W$3003,">"&W41)+COUNTIFS($W$4:W41,W41)-1) | Y41: =IF(OR(I41="",'02_대상물건입력'!B19="",'02_대상물건입력'!B19<=0),"",ABS(I41-'02_대상물건입력'!B19)/'02_대상물건입력'!B19) | Z41: =IF(OR(Y41="",'01_설정'!B31="",'01_설정'!B31<=0,'01_설정'!B32="",'01_설정'!B32<=0),"",MAX(0,(1-Y41/'01_설정'!B32))*'01_설정'!B31)
A42: =IF(INDEX('04A_국토부원자료'!$A:$A,ROW()+1)="","",ROW()-3) | B42: =IFERROR(INDEX('04A_국토부원자료'!$A:$T,ROW()+1,MATCH("시군구",'04A_국토부원자료'!$A$4:$T$4,0)),"") | C42: =IF(B42="","",IFERROR(INDEX('04A_국토부원자료'!$A:$T,ROW()+1,MATCH("번지",'04A_국토부원자료'!$A$4:$T$4,0)),"")) | D42: =IF(B42="","",IF(Q42=1,'02_대상물건입력'!$B$8,IFERROR(INDEX('04A_국토부원자료'!$A:$T,ROW()+1,MATCH("단지명",'04A_국토부원자료'!$A$4:$T$4,0)),""))) | E42: =IFERROR(VALUE(SUBSTITUTE(INDEX('04A_국토부원자료'!$A:$T,ROW()+1,MATCH("전용면적(㎡)",'04A_국토부원자료'!$A$4:$T$4,0)),",","")),"") | F42: =IFERROR(IF(AND(INDEX('04A_국토부원자료'!$A:$T,ROW()+1,MATCH("계약년월",'04A_국토부원자료'!$A$4:$T$4,0))<>"",INDEX('04A_국토부원자료'!$A:$T,ROW()+1,MATCH("계약일",'04A_국토부원자료'!$A$4:$T$4,0))<>""),DATE(INT(VALUE(SUBSTITUTE(INDEX('04A_국토부원자료'!$A:$T,ROW()+1,MATCH("계약년월",'04A_국토부원자료'!$A$4:$T$4,0)),",",""))/100),MOD(VALUE(SUBSTITUTE(INDEX('04A_국토부원자료'!$A:$T,ROW()+1,MATCH("계약년월",'04A_국토부원자료'!$A$4:$T$4,0)),",","")),100),VALUE(SUBSTITUTE(INDEX('04A_국토부원자료'!$A:$T,ROW()+1,MATCH("계약일",'04A_국토부원자료'!$A$4:$T$4,0)),",",""))),""),"") | G42: =IFERROR(VALUE(SUBSTITUTE(INDEX('04A_국토부원자료'!$A:$T,ROW()+1,MATCH("거래금액(만원)",'04A_국토부원자료'!$A$4:$T$4,0)),",","")),"") | H42: =IF(G42="","",G42*10000) | I42: =IFERROR(IF(AND(H42>0,E42>0),H42/E42,""),"") | J42: =IFERROR(VALUE(SUBSTITUTE(INDEX('04A_국토부원자료'!$A:$T,ROW()+1,MATCH("층",'04A_국토부원자료'!$A$4:$T$4,0)),",","")),"") | K42: =IFERROR(VALUE(SUBSTITUTE(INDEX('04A_국토부원자료'!$A:$T,ROW()+1,MATCH("건축년도",'04A_국토부원자료'!$A$4:$T$4,0)),",","")),"") | L42: =IFERROR(INDEX('04A_국토부원자료'!$A:$T,ROW()+1,MATCH("도로명",'04A_국토부원자료'!$A$4:$T$4,0)),"") | M42: =IFERROR(INDEX('04A_국토부원자료'!$A:$T,ROW()+1,MATCH("거래유형",'04A_국토부원자료'!$A$4:$T$4,0)),"") | N42: =IF(B42="","",IF('02_대상물건입력'!B5="",1,IF(ISNUMBER(SEARCH('02_대상물건입력'!B5,B42)),1,0))) | O42: =IF(B42="","",IF('02_대상물건입력'!B6="",1,IF(ISNUMBER(SEARCH('02_대상물건입력'!B6,B42)),1,0))) | P42: =IF(L42="","",IF('02_대상물건입력'!B15="",0,IF(ISNUMBER(SEARCH('02_대상물건입력'!B15,L42)),1,0))) | Q42: =IF(OR(C42="",L42=""),0,IF(AND(TRIM(C42)=TRIM(RIGHT(SUBSTITUTE(TRIM('02_대상물건입력'!$B$7)," ",REPT(" ",99)),99)),IF('02_대상물건입력'!B15="",TRUE(),ISNUMBER(SEARCH('02_대상물건입력'!B15,L42)))),1,0)) | R42: =IFERROR(ABS(E42-'02_대상물건입력'!B11)/'02_대상물건입력'!B11,"") | S42: =IFERROR(ABS(J42-'02_대상물건입력'!B10),"") | T42: =IFERROR(ABS('01_설정'!B4-F42),"") | U42: =IFERROR(ABS(K42-YEAR('02_대상물건입력'!B14)),"") | V42: =IF(B42="","",IF(AND(E42>0,F42>0,H42>0,OR(IFERROR(INDEX('04A_국토부원자료'!$A:$T,ROW()+1,MATCH("해제사유발생일",'04A_국토부원자료'!$A$4:$T$4,0)),"")="",IFERROR(INDEX('04A_국토부원자료'!$A:$T,ROW()+1,MATCH("해제사유발생일",'04A_국토부원자료'!$A$4:$T$4,0)),"")="-"),IF('01_설정'!B10=1,N42=1,TRUE()),R42<='01_설정'!B5,S42<='01_설정'!B6,T42<='01_설정'!B7,U42<='01_설정'!B8),"Y","")) | W42: =IF(V42<>"Y","",MAX(0,(1-R42/'01_설정'!B5))*'01_설정'!B14+MAX(0,(1-S42/'01_설정'!B6))*'01_설정'!B15+MAX(0,(1-T42/'01_설정'!B7))*'01_설정'!B16+MAX(0,(1-U42/'01_설정'!B8))*'01_설정'!B17+O42*'01_설정'!B11+Q42*'01_설정'!B12+P42*'01_설정'!B13+IF(Z42="",0,Z42)) | X42: =IF(W42="","",1+COUNTIFS($W$4:$W$3003,">"&W42)+COUNTIFS($W$4:W42,W42)-1) | Y42: =IF(OR(I42="",'02_대상물건입력'!B19="",'02_대상물건입력'!B19<=0),"",ABS(I42-'02_대상물건입력'!B19)/'02_대상물건입력'!B19) | Z42: =IF(OR(Y42="",'01_설정'!B31="",'01_설정'!B31<=0,'01_설정'!B32="",'01_설정'!B32<=0),"",MAX(0,(1-Y42/'01_설정'!B32))*'01_설정'!B31)
A43: =IF(INDEX('04A_국토부원자료'!$A:$A,ROW()+1)="","",ROW()-3) | B43: =IFERROR(INDEX('04A_국토부원자료'!$A:$T,ROW()+1,MATCH("시군구",'04A_국토부원자료'!$A$4:$T$4,0)),"") | C43: =IF(B43="","",IFERROR(INDEX('04A_국토부원자료'!$A:$T,ROW()+1,MATCH("번지",'04A_국토부원자료'!$A$4:$T$4,0)),"")) | D43: =IF(B43="","",IF(Q43=1,'02_대상물건입력'!$B$8,IFERROR(INDEX('04A_국토부원자료'!$A:$T,ROW()+1,MATCH("단지명",'04A_국토부원자료'!$A$4:$T$4,0)),""))) | E43: =IFERROR(VALUE(SUBSTITUTE(INDEX('04A_국토부원자료'!$A:$T,ROW()+1,MATCH("전용면적(㎡)",'04A_국토부원자료'!$A$4:$T$4,0)),",","")),"") | F43: =IFERROR(IF(AND(INDEX('04A_국토부원자료'!$A:$T,ROW()+1,MATCH("계약년월",'04A_국토부원자료'!$A$4:$T$4,0))<>"",INDEX('04A_국토부원자료'!$A:$T,ROW()+1,MATCH("계약일",'04A_국토부원자료'!$A$4:$T$4,0))<>""),DATE(INT(VALUE(SUBSTITUTE(INDEX('04A_국토부원자료'!$A:$T,ROW()+1,MATCH("계약년월",'04A_국토부원자료'!$A$4:$T$4,0)),",",""))/100),MOD(VALUE(SUBSTITUTE(INDEX('04A_국토부원자료'!$A:$T,ROW()+1,MATCH("계약년월",'04A_국토부원자료'!$A$4:$T$4,0)),",","")),100),VALUE(SUBSTITUTE(INDEX('04A_국토부원자료'!$A:$T,ROW()+1,MATCH("계약일",'04A_국토부원자료'!$A$4:$T$4,0)),",",""))),""),"") | G43: =IFERROR(VALUE(SUBSTITUTE(INDEX('04A_국토부원자료'!$A:$T,ROW()+1,MATCH("거래금액(만원)",'04A_국토부원자료'!$A$4:$T$4,0)),",","")),"") | H43: =IF(G43="","",G43*10000) | I43: =IFERROR(IF(AND(H43>0,E43>0),H43/E43,""),"") | J43: =IFERROR(VALUE(SUBSTITUTE(INDEX('04A_국토부원자료'!$A:$T,ROW()+1,MATCH("층",'04A_국토부원자료'!$A$4:$T$4,0)),",","")),"") | K43: =IFERROR(VALUE(SUBSTITUTE(INDEX('04A_국토부원자료'!$A:$T,ROW()+1,MATCH("건축년도",'04A_국토부원자료'!$A$4:$T$4,0)),",","")),"") | L43: =IFERROR(INDEX('04A_국토부원자료'!$A:$T,ROW()+1,MATCH("도로명",'04A_국토부원자료'!$A$4:$T$4,0)),"") | M43: =IFERROR(INDEX('04A_국토부원자료'!$A:$T,ROW()+1,MATCH("거래유형",'04A_국토부원자료'!$A$4:$T$4,0)),"") | N43: =IF(B43="","",IF('02_대상물건입력'!B5="",1,IF(ISNUMBER(SEARCH('02_대상물건입력'!B5,B43)),1,0))) | O43: =IF(B43="","",IF('02_대상물건입력'!B6="",1,IF(ISNUMBER(SEARCH('02_대상물건입력'!B6,B43)),1,0))) | P43: =IF(L43="","",IF('02_대상물건입력'!B15="",0,IF(ISNUMBER(SEARCH('02_대상물건입력'!B15,L43)),1,0))) | Q43: =IF(OR(C43="",L43=""),0,IF(AND(TRIM(C43)=TRIM(RIGHT(SUBSTITUTE(TRIM('02_대상물건입력'!$B$7)," ",REPT(" ",99)),99)),IF('02_대상물건입력'!B15="",TRUE(),ISNUMBER(SEARCH('02_대상물건입력'!B15,L43)))),1,0)) | R43: =IFERROR(ABS(E43-'02_대상물건입력'!B11)/'02_대상물건입력'!B11,"") | S43: =IFERROR(ABS(J43-'02_대상물건입력'!B10),"") | T43: =IFERROR(ABS('01_설정'!B4-F43),"") | U43: =IFERROR(ABS(K43-YEAR('02_대상물건입력'!B14)),"") | V43: =IF(B43="","",IF(AND(E43>0,F43>0,H43>0,OR(IFERROR(INDEX('04A_국토부원자료'!$A:$T,ROW()+1,MATCH("해제사유발생일",'04A_국토부원자료'!$A$4:$T$4,0)),"")="",IFERROR(INDEX('04A_국토부원자료'!$A:$T,ROW()+1,MATCH("해제사유발생일",'04A_국토부원자료'!$A$4:$T$4,0)),"")="-"),IF('01_설정'!B10=1,N43=1,TRUE()),R43<='01_설정'!B5,S43<='01_설정'!B6,T43<='01_설정'!B7,U43<='01_설정'!B8),"Y","")) | W43: =IF(V43<>"Y","",MAX(0,(1-R43/'01_설정'!B5))*'01_설정'!B14+MAX(0,(1-S43/'01_설정'!B6))*'01_설정'!B15+MAX(0,(1-T43/'01_설정'!B7))*'01_설정'!B16+MAX(0,(1-U43/'01_설정'!B8))*'01_설정'!B17+O43*'01_설정'!B11+Q43*'01_설정'!B12+P43*'01_설정'!B13+IF(Z43="",0,Z43)) | X43: =IF(W43="","",1+COUNTIFS($W$4:$W$3003,">"&W43)+COUNTIFS($W$4:W43,W43)-1) | Y43: =IF(OR(I43="",'02_대상물건입력'!B19="",'02_대상물건입력'!B19<=0),"",ABS(I43-'02_대상물건입력'!B19)/'02_대상물건입력'!B19) | Z43: =IF(OR(Y43="",'01_설정'!B31="",'01_설정'!B31<=0,'01_설정'!B32="",'01_설정'!B32<=0),"",MAX(0,(1-Y43/'01_설정'!B32))*'01_설정'!B31)
A44: =IF(INDEX('04A_국토부원자료'!$A:$A,ROW()+1)="","",ROW()-3) | B44: =IFERROR(INDEX('04A_국토부원자료'!$A:$T,ROW()+1,MATCH("시군구",'04A_국토부원자료'!$A$4:$T$4,0)),"") | C44: =IF(B44="","",IFERROR(INDEX('04A_국토부원자료'!$A:$T,ROW()+1,MATCH("번지",'04A_국토부원자료'!$A$4:$T$4,0)),"")) | D44: =IF(B44="","",IF(Q44=1,'02_대상물건입력'!$B$8,IFERROR(INDEX('04A_국토부원자료'!$A:$T,ROW()+1,MATCH("단지명",'04A_국토부원자료'!$A$4:$T$4,0)),""))) | E44: =IFERROR(VALUE(SUBSTITUTE(INDEX('04A_국토부원자료'!$A:$T,ROW()+1,MATCH("전용면적(㎡)",'04A_국토부원자료'!$A$4:$T$4,0)),",","")),"") | F44: =IFERROR(IF(AND(INDEX('04A_국토부원자료'!$A:$T,ROW()+1,MATCH("계약년월",'04A_국토부원자료'!$A$4:$T$4,0))<>"",INDEX('04A_국토부원자료'!$A:$T,ROW()+1,MATCH("계약일",'04A_국토부원자료'!$A$4:$T$4,0))<>""),DATE(INT(VALUE(SUBSTITUTE(INDEX('04A_국토부원자료'!$A:$T,ROW()+1,MATCH("계약년월",'04A_국토부원자료'!$A$4:$T$4,0)),",",""))/100),MOD(VALUE(SUBSTITUTE(INDEX('04A_국토부원자료'!$A:$T,ROW()+1,MATCH("계약년월",'04A_국토부원자료'!$A$4:$T$4,0)),",","")),100),VALUE(SUBSTITUTE(INDEX('04A_국토부원자료'!$A:$T,ROW()+1,MATCH("계약일",'04A_국토부원자료'!$A$4:$T$4,0)),",",""))),""),"") | G44: =IFERROR(VALUE(SUBSTITUTE(INDEX('04A_국토부원자료'!$A:$T,ROW()+1,MATCH("거래금액(만원)",'04A_국토부원자료'!$A$4:$T$4,0)),",","")),"") | H44: =IF(G44="","",G44*10000) | I44: =IFERROR(IF(AND(H44>0,E44>0),H44/E44,""),"") | J44: =IFERROR(VALUE(SUBSTITUTE(INDEX('04A_국토부원자료'!$A:$T,ROW()+1,MATCH("층",'04A_국토부원자료'!$A$4:$T$4,0)),",","")),"") | K44: =IFERROR(VALUE(SUBSTITUTE(INDEX('04A_국토부원자료'!$A:$T,ROW()+1,MATCH("건축년도",'04A_국토부원자료'!$A$4:$T$4,0)),",","")),"") | L44: =IFERROR(INDEX('04A_국토부원자료'!$A:$T,ROW()+1,MATCH("도로명",'04A_국토부원자료'!$A$4:$T$4,0)),"") | M44: =IFERROR(INDEX('04A_국토부원자료'!$A:$T,ROW()+1,MATCH("거래유형",'04A_국토부원자료'!$A$4:$T$4,0)),"") | N44: =IF(B44="","",IF('02_대상물건입력'!B5="",1,IF(ISNUMBER(SEARCH('02_대상물건입력'!B5,B44)),1,0))) | O44: =IF(B44="","",IF('02_대상물건입력'!B6="",1,IF(ISNUMBER(SEARCH('02_대상물건입력'!B6,B44)),1,0))) | P44: =IF(L44="","",IF('02_대상물건입력'!B15="",0,IF(ISNUMBER(SEARCH('02_대상물건입력'!B15,L44)),1,0))) | Q44: =IF(OR(C44="",L44=""),0,IF(AND(TRIM(C44)=TRIM(RIGHT(SUBSTITUTE(TRIM('02_대상물건입력'!$B$7)," ",REPT(" ",99)),99)),IF('02_대상물건입력'!B15="",TRUE(),ISNUMBER(SEARCH('02_대상물건입력'!B15,L44)))),1,0)) | R44: =IFERROR(ABS(E44-'02_대상물건입력'!B11)/'02_대상물건입력'!B11,"") | S44: =IFERROR(ABS(J44-'02_대상물건입력'!B10),"") | T44: =IFERROR(ABS('01_설정'!B4-F44),"") | U44: =IFERROR(ABS(K44-YEAR('02_대상물건입력'!B14)),"") | V44: =IF(B44="","",IF(AND(E44>0,F44>0,H44>0,OR(IFERROR(INDEX('04A_국토부원자료'!$A:$T,ROW()+1,MATCH("해제사유발생일",'04A_국토부원자료'!$A$4:$T$4,0)),"")="",IFERROR(INDEX('04A_국토부원자료'!$A:$T,ROW()+1,MATCH("해제사유발생일",'04A_국토부원자료'!$A$4:$T$4,0)),"")="-"),IF('01_설정'!B10=1,N44=1,TRUE()),R44<='01_설정'!B5,S44<='01_설정'!B6,T44<='01_설정'!B7,U44<='01_설정'!B8),"Y","")) | W44: =IF(V44<>"Y","",MAX(0,(1-R44/'01_설정'!B5))*'01_설정'!B14+MAX(0,(1-S44/'01_설정'!B6))*'01_설정'!B15+MAX(0,(1-T44/'01_설정'!B7))*'01_설정'!B16+MAX(0,(1-U44/'01_설정'!B8))*'01_설정'!B17+O44*'01_설정'!B11+Q44*'01_설정'!B12+P44*'01_설정'!B13+IF(Z44="",0,Z44)) | X44: =IF(W44="","",1+COUNTIFS($W$4:$W$3003,">"&W44)+COUNTIFS($W$4:W44,W44)-1) | Y44: =IF(OR(I44="",'02_대상물건입력'!B19="",'02_대상물건입력'!B19<=0),"",ABS(I44-'02_대상물건입력'!B19)/'02_대상물건입력'!B19) | Z44: =IF(OR(Y44="",'01_설정'!B31="",'01_설정'!B31<=0,'01_설정'!B32="",'01_설정'!B32<=0),"",MAX(0,(1-Y44/'01_설정'!B32))*'01_설정'!B31)
A45: =IF(INDEX('04A_국토부원자료'!$A:$A,ROW()+1)="","",ROW()-3) | B45: =IFERROR(INDEX('04A_국토부원자료'!$A:$T,ROW()+1,MATCH("시군구",'04A_국토부원자료'!$A$4:$T$4,0)),"") | C45: =IF(B45="","",IFERROR(INDEX('04A_국토부원자료'!$A:$T,ROW()+1,MATCH("번지",'04A_국토부원자료'!$A$4:$T$4,0)),"")) | D45: =IF(B45="","",IF(Q45=1,'02_대상물건입력'!$B$8,IFERROR(INDEX('04A_국토부원자료'!$A:$T,ROW()+1,MATCH("단지명",'04A_국토부원자료'!$A$4:$T$4,0)),""))) | E45: =IFERROR(VALUE(SUBSTITUTE(INDEX('04A_국토부원자료'!$A:$T,ROW()+1,MATCH("전용면적(㎡)",'04A_국토부원자료'!$A$4:$T$4,0)),",","")),"") | F45: =IFERROR(IF(AND(INDEX('04A_국토부원자료'!$A:$T,ROW()+1,MATCH("계약년월",'04A_국토부원자료'!$A$4:$T$4,0))<>"",INDEX('04A_국토부원자료'!$A:$T,ROW()+1,MATCH("계약일",'04A_국토부원자료'!$A$4:$T$4,0))<>""),DATE(INT(VALUE(SUBSTITUTE(INDEX('04A_국토부원자료'!$A:$T,ROW()+1,MATCH("계약년월",'04A_국토부원자료'!$A$4:$T$4,0)),",",""))/100),MOD(VALUE(SUBSTITUTE(INDEX('04A_국토부원자료'!$A:$T,ROW()+1,MATCH("계약년월",'04A_국토부원자료'!$A$4:$T$4,0)),",","")),100),VALUE(SUBSTITUTE(INDEX('04A_국토부원자료'!$A:$T,ROW()+1,MATCH("계약일",'04A_국토부원자료'!$A$4:$T$4,0)),",",""))),""),"") | G45: =IFERROR(VALUE(SUBSTITUTE(INDEX('04A_국토부원자료'!$A:$T,ROW()+1,MATCH("거래금액(만원)",'04A_국토부원자료'!$A$4:$T$4,0)),",","")),"") | H45: =IF(G45="","",G45*10000) | I45: =IFERROR(IF(AND(H45>0,E45>0),H45/E45,""),"") | J45: =IFERROR(VALUE(SUBSTITUTE(INDEX('04A_국토부원자료'!$A:$T,ROW()+1,MATCH("층",'04A_국토부원자료'!$A$4:$T$4,0)),",","")),"") | K45: =IFERROR(VALUE(SUBSTITUTE(INDEX('04A_국토부원자료'!$A:$T,ROW()+1,MATCH("건축년도",'04A_국토부원자료'!$A$4:$T$4,0)),",","")),"") | L45: =IFERROR(INDEX('04A_국토부원자료'!$A:$T,ROW()+1,MATCH("도로명",'04A_국토부원자료'!$A$4:$T$4,0)),"") | M45: =IFERROR(INDEX('04A_국토부원자료'!$A:$T,ROW()+1,MATCH("거래유형",'04A_국토부원자료'!$A$4:$T$4,0)),"") | N45: =IF(B45="","",IF('02_대상물건입력'!B5="",1,IF(ISNUMBER(SEARCH('02_대상물건입력'!B5,B45)),1,0))) | O45: =IF(B45="","",IF('02_대상물건입력'!B6="",1,IF(ISNUMBER(SEARCH('02_대상물건입력'!B6,B45)),1,0))) | P45: =IF(L45="","",IF('02_대상물건입력'!B15="",0,IF(ISNUMBER(SEARCH('02_대상물건입력'!B15,L45)),1,0))) | Q45: =IF(OR(C45="",L45=""),0,IF(AND(TRIM(C45)=TRIM(RIGHT(SUBSTITUTE(TRIM('02_대상물건입력'!$B$7)," ",REPT(" ",99)),99)),IF('02_대상물건입력'!B15="",TRUE(),ISNUMBER(SEARCH('02_대상물건입력'!B15,L45)))),1,0)) | R45: =IFERROR(ABS(E45-'02_대상물건입력'!B11)/'02_대상물건입력'!B11,"") | S45: =IFERROR(ABS(J45-'02_대상물건입력'!B10),"") | T45: =IFERROR(ABS('01_설정'!B4-F45),"") | U45: =IFERROR(ABS(K45-YEAR('02_대상물건입력'!B14)),"") | V45: =IF(B45="","",IF(AND(E45>0,F45>0,H45>0,OR(IFERROR(INDEX('04A_국토부원자료'!$A:$T,ROW()+1,MATCH("해제사유발생일",'04A_국토부원자료'!$A$4:$T$4,0)),"")="",IFERROR(INDEX('04A_국토부원자료'!$A:$T,ROW()+1,MATCH("해제사유발생일",'04A_국토부원자료'!$A$4:$T$4,0)),"")="-"),IF('01_설정'!B10=1,N45=1,TRUE()),R45<='01_설정'!B5,S45<='01_설정'!B6,T45<='01_설정'!B7,U45<='01_설정'!B8),"Y","")) | W45: =IF(V45<>"Y","",MAX(0,(1-R45/'01_설정'!B5))*'01_설정'!B14+MAX(0,(1-S45/'01_설정'!B6))*'01_설정'!B15+MAX(0,(1-T45/'01_설정'!B7))*'01_설정'!B16+MAX(0,(1-U45/'01_설정'!B8))*'01_설정'!B17+O45*'01_설정'!B11+Q45*'01_설정'!B12+P45*'01_설정'!B13+IF(Z45="",0,Z45)) | X45: =IF(W45="","",1+COUNTIFS($W$4:$W$3003,">"&W45)+COUNTIFS($W$4:W45,W45)-1) | Y45: =IF(OR(I45="",'02_대상물건입력'!B19="",'02_대상물건입력'!B19<=0),"",ABS(I45-'02_대상물건입력'!B19)/'02_대상물건입력'!B19) | Z45: =IF(OR(Y45="",'01_설정'!B31="",'01_설정'!B31<=0,'01_설정'!B32="",'01_설정'!B32<=0),"",MAX(0,(1-Y45/'01_설정'!B32))*'01_설정'!B31)
A46: =IF(INDEX('04A_국토부원자료'!$A:$A,ROW()+1)="","",ROW()-3) | B46: =IFERROR(INDEX('04A_국토부원자료'!$A:$T,ROW()+1,MATCH("시군구",'04A_국토부원자료'!$A$4:$T$4,0)),"") | C46: =IF(B46="","",IFERROR(INDEX('04A_국토부원자료'!$A:$T,ROW()+1,MATCH("번지",'04A_국토부원자료'!$A$4:$T$4,0)),"")) | D46: =IF(B46="","",IF(Q46=1,'02_대상물건입력'!$B$8,IFERROR(INDEX('04A_국토부원자료'!$A:$T,ROW()+1,MATCH("단지명",'04A_국토부원자료'!$A$4:$T$4,0)),""))) | E46: =IFERROR(VALUE(SUBSTITUTE(INDEX('04A_국토부원자료'!$A:$T,ROW()+1,MATCH("전용면적(㎡)",'04A_국토부원자료'!$A$4:$T$4,0)),",","")),"") | F46: =IFERROR(IF(AND(INDEX('04A_국토부원자료'!$A:$T,ROW()+1,MATCH("계약년월",'04A_국토부원자료'!$A$4:$T$4,0))<>"",INDEX('04A_국토부원자료'!$A:$T,ROW()+1,MATCH("계약일",'04A_국토부원자료'!$A$4:$T$4,0))<>""),DATE(INT(VALUE(SUBSTITUTE(INDEX('04A_국토부원자료'!$A:$T,ROW()+1,MATCH("계약년월",'04A_국토부원자료'!$A$4:$T$4,0)),",",""))/100),MOD(VALUE(SUBSTITUTE(INDEX('04A_국토부원자료'!$A:$T,ROW()+1,MATCH("계약년월",'04A_국토부원자료'!$A$4:$T$4,0)),",","")),100),VALUE(SUBSTITUTE(INDEX('04A_국토부원자료'!$A:$T,ROW()+1,MATCH("계약일",'04A_국토부원자료'!$A$4:$T$4,0)),",",""))),""),"") | G46: =IFERROR(VALUE(SUBSTITUTE(INDEX('04A_국토부원자료'!$A:$T,ROW()+1,MATCH("거래금액(만원)",'04A_국토부원자료'!$A$4:$T$4,0)),",","")),"") | H46: =IF(G46="","",G46*10000) | I46: =IFERROR(IF(AND(H46>0,E46>0),H46/E46,""),"") | J46: =IFERROR(VALUE(SUBSTITUTE(INDEX('04A_국토부원자료'!$A:$T,ROW()+1,MATCH("층",'04A_국토부원자료'!$A$4:$T$4,0)),",","")),"") | K46: =IFERROR(VALUE(SUBSTITUTE(INDEX('04A_국토부원자료'!$A:$T,ROW()+1,MATCH("건축년도",'04A_국토부원자료'!$A$4:$T$4,0)),",","")),"") | L46: =IFERROR(INDEX('04A_국토부원자료'!$A:$T,ROW()+1,MATCH("도로명",'04A_국토부원자료'!$A$4:$T$4,0)),"") | M46: =IFERROR(INDEX('04A_국토부원자료'!$A:$T,ROW()+1,MATCH("거래유형",'04A_국토부원자료'!$A$4:$T$4,0)),"") | N46: =IF(B46="","",IF('02_대상물건입력'!B5="",1,IF(ISNUMBER(SEARCH('02_대상물건입력'!B5,B46)),1,0))) | O46: =IF(B46="","",IF('02_대상물건입력'!B6="",1,IF(ISNUMBER(SEARCH('02_대상물건입력'!B6,B46)),1,0))) | P46: =IF(L46="","",IF('02_대상물건입력'!B15="",0,IF(ISNUMBER(SEARCH('02_대상물건입력'!B15,L46)),1,0))) | Q46: =IF(OR(C46="",L46=""),0,IF(AND(TRIM(C46)=TRIM(RIGHT(SUBSTITUTE(TRIM('02_대상물건입력'!$B$7)," ",REPT(" ",99)),99)),IF('02_대상물건입력'!B15="",TRUE(),ISNUMBER(SEARCH('02_대상물건입력'!B15,L46)))),1,0)) | R46: =IFERROR(ABS(E46-'02_대상물건입력'!B11)/'02_대상물건입력'!B11,"") | S46: =IFERROR(ABS(J46-'02_대상물건입력'!B10),"") | T46: =IFERROR(ABS('01_설정'!B4-F46),"") | U46: =IFERROR(ABS(K46-YEAR('02_대상물건입력'!B14)),"") | V46: =IF(B46="","",IF(AND(E46>0,F46>0,H46>0,OR(IFERROR(INDEX('04A_국토부원자료'!$A:$T,ROW()+1,MATCH("해제사유발생일",'04A_국토부원자료'!$A$4:$T$4,0)),"")="",IFERROR(INDEX('04A_국토부원자료'!$A:$T,ROW()+1,MATCH("해제사유발생일",'04A_국토부원자료'!$A$4:$T$4,0)),"")="-"),IF('01_설정'!B10=1,N46=1,TRUE()),R46<='01_설정'!B5,S46<='01_설정'!B6,T46<='01_설정'!B7,U46<='01_설정'!B8),"Y","")) | W46: =IF(V46<>"Y","",MAX(0,(1-R46/'01_설정'!B5))*'01_설정'!B14+MAX(0,(1-S46/'01_설정'!B6))*'01_설정'!B15+MAX(0,(1-T46/'01_설정'!B7))*'01_설정'!B16+MAX(0,(1-U46/'01_설정'!B8))*'01_설정'!B17+O46*'01_설정'!B11+Q46*'01_설정'!B12+P46*'01_설정'!B13+IF(Z46="",0,Z46)) | X46: =IF(W46="","",1+COUNTIFS($W$4:$W$3003,">"&W46)+COUNTIFS($W$4:W46,W46)-1) | Y46: =IF(OR(I46="",'02_대상물건입력'!B19="",'02_대상물건입력'!B19<=0),"",ABS(I46-'02_대상물건입력'!B19)/'02_대상물건입력'!B19) | Z46: =IF(OR(Y46="",'01_설정'!B31="",'01_설정'!B31<=0,'01_설정'!B32="",'01_설정'!B32<=0),"",MAX(0,(1-Y46/'01_설정'!B32))*'01_설정'!B31)
A47: =IF(INDEX('04A_국토부원자료'!$A:$A,ROW()+1)="","",ROW()-3) | B47: =IFERROR(INDEX('04A_국토부원자료'!$A:$T,ROW()+1,MATCH("시군구",'04A_국토부원자료'!$A$4:$T$4,0)),"") | C47: =IF(B47="","",IFERROR(INDEX('04A_국토부원자료'!$A:$T,ROW()+1,MATCH("번지",'04A_국토부원자료'!$A$4:$T$4,0)),"")) | D47: =IF(B47="","",IF(Q47=1,'02_대상물건입력'!$B$8,IFERROR(INDEX('04A_국토부원자료'!$A:$T,ROW()+1,MATCH("단지명",'04A_국토부원자료'!$A$4:$T$4,0)),""))) | E47: =IFERROR(VALUE(SUBSTITUTE(INDEX('04A_국토부원자료'!$A:$T,ROW()+1,MATCH("전용면적(㎡)",'04A_국토부원자료'!$A$4:$T$4,0)),",","")),"") | F47: =IFERROR(IF(AND(INDEX('04A_국토부원자료'!$A:$T,ROW()+1,MATCH("계약년월",'04A_국토부원자료'!$A$4:$T$4,0))<>"",INDEX('04A_국토부원자료'!$A:$T,ROW()+1,MATCH("계약일",'04A_국토부원자료'!$A$4:$T$4,0))<>""),DATE(INT(VALUE(SUBSTITUTE(INDEX('04A_국토부원자료'!$A:$T,ROW()+1,MATCH("계약년월",'04A_국토부원자료'!$A$4:$T$4,0)),",",""))/100),MOD(VALUE(SUBSTITUTE(INDEX('04A_국토부원자료'!$A:$T,ROW()+1,MATCH("계약년월",'04A_국토부원자료'!$A$4:$T$4,0)),",","")),100),VALUE(SUBSTITUTE(INDEX('04A_국토부원자료'!$A:$T,ROW()+1,MATCH("계약일",'04A_국토부원자료'!$A$4:$T$4,0)),",",""))),""),"") | G47: =IFERROR(VALUE(SUBSTITUTE(INDEX('04A_국토부원자료'!$A:$T,ROW()+1,MATCH("거래금액(만원)",'04A_국토부원자료'!$A$4:$T$4,0)),",","")),"") | H47: =IF(G47="","",G47*10000) | I47: =IFERROR(IF(AND(H47>0,E47>0),H47/E47,""),"") | J47: =IFERROR(VALUE(SUBSTITUTE(INDEX('04A_국토부원자료'!$A:$T,ROW()+1,MATCH("층",'04A_국토부원자료'!$A$4:$T$4,0)),",","")),"") | K47: =IFERROR(VALUE(SUBSTITUTE(INDEX('04A_국토부원자료'!$A:$T,ROW()+1,MATCH("건축년도",'04A_국토부원자료'!$A$4:$T$4,0)),",","")),"") | L47: =IFERROR(INDEX('04A_국토부원자료'!$A:$T,ROW()+1,MATCH("도로명",'04A_국토부원자료'!$A$4:$T$4,0)),"") | M47: =IFERROR(INDEX('04A_국토부원자료'!$A:$T,ROW()+1,MATCH("거래유형",'04A_국토부원자료'!$A$4:$T$4,0)),"") | N47: =IF(B47="","",IF('02_대상물건입력'!B5="",1,IF(ISNUMBER(SEARCH('02_대상물건입력'!B5,B47)),1,0))) | O47: =IF(B47="","",IF('02_대상물건입력'!B6="",1,IF(ISNUMBER(SEARCH('02_대상물건입력'!B6,B47)),1,0))) | P47: =IF(L47="","",IF('02_대상물건입력'!B15="",0,IF(ISNUMBER(SEARCH('02_대상물건입력'!B15,L47)),1,0))) | Q47: =IF(OR(C47="",L47=""),0,IF(AND(TRIM(C47)=TRIM(RIGHT(SUBSTITUTE(TRIM('02_대상물건입력'!$B$7)," ",REPT(" ",99)),99)),IF('02_대상물건입력'!B15="",TRUE(),ISNUMBER(SEARCH('02_대상물건입력'!B15,L47)))),1,0)) | R47: =IFERROR(ABS(E47-'02_대상물건입력'!B11)/'02_대상물건입력'!B11,"") | S47: =IFERROR(ABS(J47-'02_대상물건입력'!B10),"") | T47: =IFERROR(ABS('01_설정'!B4-F47),"") | U47: =IFERROR(ABS(K47-YEAR('02_대상물건입력'!B14)),"") | V47: =IF(B47="","",IF(AND(E47>0,F47>0,H47>0,OR(IFERROR(INDEX('04A_국토부원자료'!$A:$T,ROW()+1,MATCH("해제사유발생일",'04A_국토부원자료'!$A$4:$T$4,0)),"")="",IFERROR(INDEX('04A_국토부원자료'!$A:$T,ROW()+1,MATCH("해제사유발생일",'04A_국토부원자료'!$A$4:$T$4,0)),"")="-"),IF('01_설정'!B10=1,N47=1,TRUE()),R47<='01_설정'!B5,S47<='01_설정'!B6,T47<='01_설정'!B7,U47<='01_설정'!B8),"Y","")) | W47: =IF(V47<>"Y","",MAX(0,(1-R47/'01_설정'!B5))*'01_설정'!B14+MAX(0,(1-S47/'01_설정'!B6))*'01_설정'!B15+MAX(0,(1-T47/'01_설정'!B7))*'01_설정'!B16+MAX(0,(1-U47/'01_설정'!B8))*'01_설정'!B17+O47*'01_설정'!B11+Q47*'01_설정'!B12+P47*'01_설정'!B13+IF(Z47="",0,Z47)) | X47: =IF(W47="","",1+COUNTIFS($W$4:$W$3003,">"&W47)+COUNTIFS($W$4:W47,W47)-1) | Y47: =IF(OR(I47="",'02_대상물건입력'!B19="",'02_대상물건입력'!B19<=0),"",ABS(I47-'02_대상물건입력'!B19)/'02_대상물건입력'!B19) | Z47: =IF(OR(Y47="",'01_설정'!B31="",'01_설정'!B31<=0,'01_설정'!B32="",'01_설정'!B32<=0),"",MAX(0,(1-Y47/'01_설정'!B32))*'01_설정'!B31)
A48: =IF(INDEX('04A_국토부원자료'!$A:$A,ROW()+1)="","",ROW()-3) | B48: =IFERROR(INDEX('04A_국토부원자료'!$A:$T,ROW()+1,MATCH("시군구",'04A_국토부원자료'!$A$4:$T$4,0)),"") | C48: =IF(B48="","",IFERROR(INDEX('04A_국토부원자료'!$A:$T,ROW()+1,MATCH("번지",'04A_국토부원자료'!$A$4:$T$4,0)),"")) | D48: =IF(B48="","",IF(Q48=1,'02_대상물건입력'!$B$8,IFERROR(INDEX('04A_국토부원자료'!$A:$T,ROW()+1,MATCH("단지명",'04A_국토부원자료'!$A$4:$T$4,0)),""))) | E48: =IFERROR(VALUE(SUBSTITUTE(INDEX('04A_국토부원자료'!$A:$T,ROW()+1,MATCH("전용면적(㎡)",'04A_국토부원자료'!$A$4:$T$4,0)),",","")),"") | F48: =IFERROR(IF(AND(INDEX('04A_국토부원자료'!$A:$T,ROW()+1,MATCH("계약년월",'04A_국토부원자료'!$A$4:$T$4,0))<>"",INDEX('04A_국토부원자료'!$A:$T,ROW()+1,MATCH("계약일",'04A_국토부원자료'!$A$4:$T$4,0))<>""),DATE(INT(VALUE(SUBSTITUTE(INDEX('04A_국토부원자료'!$A:$T,ROW()+1,MATCH("계약년월",'04A_국토부원자료'!$A$4:$T$4,0)),",",""))/100),MOD(VALUE(SUBSTITUTE(INDEX('04A_국토부원자료'!$A:$T,ROW()+1,MATCH("계약년월",'04A_국토부원자료'!$A$4:$T$4,0)),",","")),100),VALUE(SUBSTITUTE(INDEX('04A_국토부원자료'!$A:$T,ROW()+1,MATCH("계약일",'04A_국토부원자료'!$A$4:$T$4,0)),",",""))),""),"") | G48: =IFERROR(VALUE(SUBSTITUTE(INDEX('04A_국토부원자료'!$A:$T,ROW()+1,MATCH("거래금액(만원)",'04A_국토부원자료'!$A$4:$T$4,0)),",","")),"") | H48: =IF(G48="","",G48*10000) | I48: =IFERROR(IF(AND(H48>0,E48>0),H48/E48,""),"") | J48: =IFERROR(VALUE(SUBSTITUTE(INDEX('04A_국토부원자료'!$A:$T,ROW()+1,MATCH("층",'04A_국토부원자료'!$A$4:$T$4,0)),",","")),"") | K48: =IFERROR(VALUE(SUBSTITUTE(INDEX('04A_국토부원자료'!$A:$T,ROW()+1,MATCH("건축년도",'04A_국토부원자료'!$A$4:$T$4,0)),",","")),"") | L48: =IFERROR(INDEX('04A_국토부원자료'!$A:$T,ROW()+1,MATCH("도로명",'04A_국토부원자료'!$A$4:$T$4,0)),"") | M48: =IFERROR(INDEX('04A_국토부원자료'!$A:$T,ROW()+1,MATCH("거래유형",'04A_국토부원자료'!$A$4:$T$4,0)),"") | N48: =IF(B48="","",IF('02_대상물건입력'!B5="",1,IF(ISNUMBER(SEARCH('02_대상물건입력'!B5,B48)),1,0))) | O48: =IF(B48="","",IF('02_대상물건입력'!B6="",1,IF(ISNUMBER(SEARCH('02_대상물건입력'!B6,B48)),1,0))) | P48: =IF(L48="","",IF('02_대상물건입력'!B15="",0,IF(ISNUMBER(SEARCH('02_대상물건입력'!B15,L48)),1,0))) | Q48: =IF(OR(C48="",L48=""),0,IF(AND(TRIM(C48)=TRIM(RIGHT(SUBSTITUTE(TRIM('02_대상물건입력'!$B$7)," ",REPT(" ",99)),99)),IF('02_대상물건입력'!B15="",TRUE(),ISNUMBER(SEARCH('02_대상물건입력'!B15,L48)))),1,0)) | R48: =IFERROR(ABS(E48-'02_대상물건입력'!B11)/'02_대상물건입력'!B11,"") | S48: =IFERROR(ABS(J48-'02_대상물건입력'!B10),"") | T48: =IFERROR(ABS('01_설정'!B4-F48),"") | U48: =IFERROR(ABS(K48-YEAR('02_대상물건입력'!B14)),"") | V48: =IF(B48="","",IF(AND(E48>0,F48>0,H48>0,OR(IFERROR(INDEX('04A_국토부원자료'!$A:$T,ROW()+1,MATCH("해제사유발생일",'04A_국토부원자료'!$A$4:$T$4,0)),"")="",IFERROR(INDEX('04A_국토부원자료'!$A:$T,ROW()+1,MATCH("해제사유발생일",'04A_국토부원자료'!$A$4:$T$4,0)),"")="-"),IF('01_설정'!B10=1,N48=1,TRUE()),R48<='01_설정'!B5,S48<='01_설정'!B6,T48<='01_설정'!B7,U48<='01_설정'!B8),"Y","")) | W48: =IF(V48<>"Y","",MAX(0,(1-R48/'01_설정'!B5))*'01_설정'!B14+MAX(0,(1-S48/'01_설정'!B6))*'01_설정'!B15+MAX(0,(1-T48/'01_설정'!B7))*'01_설정'!B16+MAX(0,(1-U48/'01_설정'!B8))*'01_설정'!B17+O48*'01_설정'!B11+Q48*'01_설정'!B12+P48*'01_설정'!B13+IF(Z48="",0,Z48)) | X48: =IF(W48="","",1+COUNTIFS($W$4:$W$3003,">"&W48)+COUNTIFS($W$4:W48,W48)-1) | Y48: =IF(OR(I48="",'02_대상물건입력'!B19="",'02_대상물건입력'!B19<=0),"",ABS(I48-'02_대상물건입력'!B19)/'02_대상물건입력'!B19) | Z48: =IF(OR(Y48="",'01_설정'!B31="",'01_설정'!B31<=0,'01_설정'!B32="",'01_설정'!B32<=0),"",MAX(0,(1-Y48/'01_설정'!B32))*'01_설정'!B31)
A49: =IF(INDEX('04A_국토부원자료'!$A:$A,ROW()+1)="","",ROW()-3) | B49: =IFERROR(INDEX('04A_국토부원자료'!$A:$T,ROW()+1,MATCH("시군구",'04A_국토부원자료'!$A$4:$T$4,0)),"") | C49: =IF(B49="","",IFERROR(INDEX('04A_국토부원자료'!$A:$T,ROW()+1,MATCH("번지",'04A_국토부원자료'!$A$4:$T$4,0)),"")) | D49: =IF(B49="","",IF(Q49=1,'02_대상물건입력'!$B$8,IFERROR(INDEX('04A_국토부원자료'!$A:$T,ROW()+1,MATCH("단지명",'04A_국토부원자료'!$A$4:$T$4,0)),""))) | E49: =IFERROR(VALUE(SUBSTITUTE(INDEX('04A_국토부원자료'!$A:$T,ROW()+1,MATCH("전용면적(㎡)",'04A_국토부원자료'!$A$4:$T$4,0)),",","")),"") | F49: =IFERROR(IF(AND(INDEX('04A_국토부원자료'!$A:$T,ROW()+1,MATCH("계약년월",'04A_국토부원자료'!$A$4:$T$4,0))<>"",INDEX('04A_국토부원자료'!$A:$T,ROW()+1,MATCH("계약일",'04A_국토부원자료'!$A$4:$T$4,0))<>""),DATE(INT(VALUE(SUBSTITUTE(INDEX('04A_국토부원자료'!$A:$T,ROW()+1,MATCH("계약년월",'04A_국토부원자료'!$A$4:$T$4,0)),",",""))/100),MOD(VALUE(SUBSTITUTE(INDEX('04A_국토부원자료'!$A:$T,ROW()+1,MATCH("계약년월",'04A_국토부원자료'!$A$4:$T$4,0)),",","")),100),VALUE(SUBSTITUTE(INDEX('04A_국토부원자료'!$A:$T,ROW()+1,MATCH("계약일",'04A_국토부원자료'!$A$4:$T$4,0)),",",""))),""),"") | G49: =IFERROR(VALUE(SUBSTITUTE(INDEX('04A_국토부원자료'!$A:$T,ROW()+1,MATCH("거래금액(만원)",'04A_국토부원자료'!$A$4:$T$4,0)),",","")),"") | H49: =IF(G49="","",G49*10000) | I49: =IFERROR(IF(AND(H49>0,E49>0),H49/E49,""),"") | J49: =IFERROR(VALUE(SUBSTITUTE(INDEX('04A_국토부원자료'!$A:$T,ROW()+1,MATCH("층",'04A_국토부원자료'!$A$4:$T$4,0)),",","")),"") | K49: =IFERROR(VALUE(SUBSTITUTE(INDEX('04A_국토부원자료'!$A:$T,ROW()+1,MATCH("건축년도",'04A_국토부원자료'!$A$4:$T$4,0)),",","")),"") | L49: =IFERROR(INDEX('04A_국토부원자료'!$A:$T,ROW()+1,MATCH("도로명",'04A_국토부원자료'!$A$4:$T$4,0)),"") | M49: =IFERROR(INDEX('04A_국토부원자료'!$A:$T,ROW()+1,MATCH("거래유형",'04A_국토부원자료'!$A$4:$T$4,0)),"") | N49: =IF(B49="","",IF('02_대상물건입력'!B5="",1,IF(ISNUMBER(SEARCH('02_대상물건입력'!B5,B49)),1,0))) | O49: =IF(B49="","",IF('02_대상물건입력'!B6="",1,IF(ISNUMBER(SEARCH('02_대상물건입력'!B6,B49)),1,0))) | P49: =IF(L49="","",IF('02_대상물건입력'!B15="",0,IF(ISNUMBER(SEARCH('02_대상물건입력'!B15,L49)),1,0))) | Q49: =IF(OR(C49="",L49=""),0,IF(AND(TRIM(C49)=TRIM(RIGHT(SUBSTITUTE(TRIM('02_대상물건입력'!$B$7)," ",REPT(" ",99)),99)),IF('02_대상물건입력'!B15="",TRUE(),ISNUMBER(SEARCH('02_대상물건입력'!B15,L49)))),1,0)) | R49: =IFERROR(ABS(E49-'02_대상물건입력'!B11)/'02_대상물건입력'!B11,"") | S49: =IFERROR(ABS(J49-'02_대상물건입력'!B10),"") | T49: =IFERROR(ABS('01_설정'!B4-F49),"") | U49: =IFERROR(ABS(K49-YEAR('02_대상물건입력'!B14)),"") | V49: =IF(B49="","",IF(AND(E49>0,F49>0,H49>0,OR(IFERROR(INDEX('04A_국토부원자료'!$A:$T,ROW()+1,MATCH("해제사유발생일",'04A_국토부원자료'!$A$4:$T$4,0)),"")="",IFERROR(INDEX('04A_국토부원자료'!$A:$T,ROW()+1,MATCH("해제사유발생일",'04A_국토부원자료'!$A$4:$T$4,0)),"")="-"),IF('01_설정'!B10=1,N49=1,TRUE()),R49<='01_설정'!B5,S49<='01_설정'!B6,T49<='01_설정'!B7,U49<='01_설정'!B8),"Y","")) | W49: =IF(V49<>"Y","",MAX(0,(1-R49/'01_설정'!B5))*'01_설정'!B14+MAX(0,(1-S49/'01_설정'!B6))*'01_설정'!B15+MAX(0,(1-T49/'01_설정'!B7))*'01_설정'!B16+MAX(0,(1-U49/'01_설정'!B8))*'01_설정'!B17+O49*'01_설정'!B11+Q49*'01_설정'!B12+P49*'01_설정'!B13+IF(Z49="",0,Z49)) | X49: =IF(W49="","",1+COUNTIFS($W$4:$W$3003,">"&W49)+COUNTIFS($W$4:W49,W49)-1) | Y49: =IF(OR(I49="",'02_대상물건입력'!B19="",'02_대상물건입력'!B19<=0),"",ABS(I49-'02_대상물건입력'!B19)/'02_대상물건입력'!B19) | Z49: =IF(OR(Y49="",'01_설정'!B31="",'01_설정'!B31<=0,'01_설정'!B32="",'01_설정'!B32<=0),"",MAX(0,(1-Y49/'01_설정'!B32))*'01_설정'!B31)
A50: =IF(INDEX('04A_국토부원자료'!$A:$A,ROW()+1)="","",ROW()-3) | B50: =IFERROR(INDEX('04A_국토부원자료'!$A:$T,ROW()+1,MATCH("시군구",'04A_국토부원자료'!$A$4:$T$4,0)),"") | C50: =IF(B50="","",IFERROR(INDEX('04A_국토부원자료'!$A:$T,ROW()+1,MATCH("번지",'04A_국토부원자료'!$A$4:$T$4,0)),"")) | D50: =IF(B50="","",IF(Q50=1,'02_대상물건입력'!$B$8,IFERROR(INDEX('04A_국토부원자료'!$A:$T,ROW()+1,MATCH("단지명",'04A_국토부원자료'!$A$4:$T$4,0)),""))) | E50: =IFERROR(VALUE(SUBSTITUTE(INDEX('04A_국토부원자료'!$A:$T,ROW()+1,MATCH("전용면적(㎡)",'04A_국토부원자료'!$A$4:$T$4,0)),",","")),"") | F50: =IFERROR(IF(AND(INDEX('04A_국토부원자료'!$A:$T,ROW()+1,MATCH("계약년월",'04A_국토부원자료'!$A$4:$T$4,0))<>"",INDEX('04A_국토부원자료'!$A:$T,ROW()+1,MATCH("계약일",'04A_국토부원자료'!$A$4:$T$4,0))<>""),DATE(INT(VALUE(SUBSTITUTE(INDEX('04A_국토부원자료'!$A:$T,ROW()+1,MATCH("계약년월",'04A_국토부원자료'!$A$4:$T$4,0)),",",""))/100),MOD(VALUE(SUBSTITUTE(INDEX('04A_국토부원자료'!$A:$T,ROW()+1,MATCH("계약년월",'04A_국토부원자료'!$A$4:$T$4,0)),",","")),100),VALUE(SUBSTITUTE(INDEX('04A_국토부원자료'!$A:$T,ROW()+1,MATCH("계약일",'04A_국토부원자료'!$A$4:$T$4,0)),",",""))),""),"") | G50: =IFERROR(VALUE(SUBSTITUTE(INDEX('04A_국토부원자료'!$A:$T,ROW()+1,MATCH("거래금액(만원)",'04A_국토부원자료'!$A$4:$T$4,0)),",","")),"") | H50: =IF(G50="","",G50*10000) | I50: =IFERROR(IF(AND(H50>0,E50>0),H50/E50,""),"") | J50: =IFERROR(VALUE(SUBSTITUTE(INDEX('04A_국토부원자료'!$A:$T,ROW()+1,MATCH("층",'04A_국토부원자료'!$A$4:$T$4,0)),",","")),"") | K50: =IFERROR(VALUE(SUBSTITUTE(INDEX('04A_국토부원자료'!$A:$T,ROW()+1,MATCH("건축년도",'04A_국토부원자료'!$A$4:$T$4,0)),",","")),"") | L50: =IFERROR(INDEX('04A_국토부원자료'!$A:$T,ROW()+1,MATCH("도로명",'04A_국토부원자료'!$A$4:$T$4,0)),"") | M50: =IFERROR(INDEX('04A_국토부원자료'!$A:$T,ROW()+1,MATCH("거래유형",'04A_국토부원자료'!$A$4:$T$4,0)),"") | N50: =IF(B50="","",IF('02_대상물건입력'!B5="",1,IF(ISNUMBER(SEARCH('02_대상물건입력'!B5,B50)),1,0))) | O50: =IF(B50="","",IF('02_대상물건입력'!B6="",1,IF(ISNUMBER(SEARCH('02_대상물건입력'!B6,B50)),1,0))) | P50: =IF(L50="","",IF('02_대상물건입력'!B15="",0,IF(ISNUMBER(SEARCH('02_대상물건입력'!B15,L50)),1,0))) | Q50: =IF(OR(C50="",L50=""),0,IF(AND(TRIM(C50)=TRIM(RIGHT(SUBSTITUTE(TRIM('02_대상물건입력'!$B$7)," ",REPT(" ",99)),99)),IF('02_대상물건입력'!B15="",TRUE(),ISNUMBER(SEARCH('02_대상물건입력'!B15,L50)))),1,0)) | R50: =IFERROR(ABS(E50-'02_대상물건입력'!B11)/'02_대상물건입력'!B11,"") | S50: =IFERROR(ABS(J50-'02_대상물건입력'!B10),"") | T50: =IFERROR(ABS('01_설정'!B4-F50),"") | U50: =IFERROR(ABS(K50-YEAR('02_대상물건입력'!B14)),"") | V50: =IF(B50="","",IF(AND(E50>0,F50>0,H50>0,OR(IFERROR(INDEX('04A_국토부원자료'!$A:$T,ROW()+1,MATCH("해제사유발생일",'04A_국토부원자료'!$A$4:$T$4,0)),"")="",IFERROR(INDEX('04A_국토부원자료'!$A:$T,ROW()+1,MATCH("해제사유발생일",'04A_국토부원자료'!$A$4:$T$4,0)),"")="-"),IF('01_설정'!B10=1,N50=1,TRUE()),R50<='01_설정'!B5,S50<='01_설정'!B6,T50<='01_설정'!B7,U50<='01_설정'!B8),"Y","")) | W50: =IF(V50<>"Y","",MAX(0,(1-R50/'01_설정'!B5))*'01_설정'!B14+MAX(0,(1-S50/'01_설정'!B6))*'01_설정'!B15+MAX(0,(1-T50/'01_설정'!B7))*'01_설정'!B16+MAX(0,(1-U50/'01_설정'!B8))*'01_설정'!B17+O50*'01_설정'!B11+Q50*'01_설정'!B12+P50*'01_설정'!B13+IF(Z50="",0,Z50)) | X50: =IF(W50="","",1+COUNTIFS($W$4:$W$3003,">"&W50)+COUNTIFS($W$4:W50,W50)-1) | Y50: =IF(OR(I50="",'02_대상물건입력'!B19="",'02_대상물건입력'!B19<=0),"",ABS(I50-'02_대상물건입력'!B19)/'02_대상물건입력'!B19) | Z50: =IF(OR(Y50="",'01_설정'!B31="",'01_설정'!B31<=0,'01_설정'!B32="",'01_설정'!B32<=0),"",MAX(0,(1-Y50/'01_설정'!B32))*'01_설정'!B31)
A51: =IF(INDEX('04A_국토부원자료'!$A:$A,ROW()+1)="","",ROW()-3) | B51: =IFERROR(INDEX('04A_국토부원자료'!$A:$T,ROW()+1,MATCH("시군구",'04A_국토부원자료'!$A$4:$T$4,0)),"") | C51: =IF(B51="","",IFERROR(INDEX('04A_국토부원자료'!$A:$T,ROW()+1,MATCH("번지",'04A_국토부원자료'!$A$4:$T$4,0)),"")) | D51: =IF(B51="","",IF(Q51=1,'02_대상물건입력'!$B$8,IFERROR(INDEX('04A_국토부원자료'!$A:$T,ROW()+1,MATCH("단지명",'04A_국토부원자료'!$A$4:$T$4,0)),""))) | E51: =IFERROR(VALUE(SUBSTITUTE(INDEX('04A_국토부원자료'!$A:$T,ROW()+1,MATCH("전용면적(㎡)",'04A_국토부원자료'!$A$4:$T$4,0)),",","")),"") | F51: =IFERROR(IF(AND(INDEX('04A_국토부원자료'!$A:$T,ROW()+1,MATCH("계약년월",'04A_국토부원자료'!$A$4:$T$4,0))<>"",INDEX('04A_국토부원자료'!$A:$T,ROW()+1,MATCH("계약일",'04A_국토부원자료'!$A$4:$T$4,0))<>""),DATE(INT(VALUE(SUBSTITUTE(INDEX('04A_국토부원자료'!$A:$T,ROW()+1,MATCH("계약년월",'04A_국토부원자료'!$A$4:$T$4,0)),",",""))/100),MOD(VALUE(SUBSTITUTE(INDEX('04A_국토부원자료'!$A:$T,ROW()+1,MATCH("계약년월",'04A_국토부원자료'!$A$4:$T$4,0)),",","")),100),VALUE(SUBSTITUTE(INDEX('04A_국토부원자료'!$A:$T,ROW()+1,MATCH("계약일",'04A_국토부원자료'!$A$4:$T$4,0)),",",""))),""),"") | G51: =IFERROR(VALUE(SUBSTITUTE(INDEX('04A_국토부원자료'!$A:$T,ROW()+1,MATCH("거래금액(만원)",'04A_국토부원자료'!$A$4:$T$4,0)),",","")),"") | H51: =IF(G51="","",G51*10000) | I51: =IFERROR(IF(AND(H51>0,E51>0),H51/E51,""),"") | J51: =IFERROR(VALUE(SUBSTITUTE(INDEX('04A_국토부원자료'!$A:$T,ROW()+1,MATCH("층",'04A_국토부원자료'!$A$4:$T$4,0)),",","")),"") | K51: =IFERROR(VALUE(SUBSTITUTE(INDEX('04A_국토부원자료'!$A:$T,ROW()+1,MATCH("건축년도",'04A_국토부원자료'!$A$4:$T$4,0)),",","")),"") | L51: =IFERROR(INDEX('04A_국토부원자료'!$A:$T,ROW()+1,MATCH("도로명",'04A_국토부원자료'!$A$4:$T$4,0)),"") | M51: =IFERROR(INDEX('04A_국토부원자료'!$A:$T,ROW()+1,MATCH("거래유형",'04A_국토부원자료'!$A$4:$T$4,0)),"") | N51: =IF(B51="","",IF('02_대상물건입력'!B5="",1,IF(ISNUMBER(SEARCH('02_대상물건입력'!B5,B51)),1,0))) | O51: =IF(B51="","",IF('02_대상물건입력'!B6="",1,IF(ISNUMBER(SEARCH('02_대상물건입력'!B6,B51)),1,0))) | P51: =IF(L51="","",IF('02_대상물건입력'!B15="",0,IF(ISNUMBER(SEARCH('02_대상물건입력'!B15,L51)),1,0))) | Q51: =IF(OR(C51="",L51=""),0,IF(AND(TRIM(C51)=TRIM(RIGHT(SUBSTITUTE(TRIM('02_대상물건입력'!$B$7)," ",REPT(" ",99)),99)),IF('02_대상물건입력'!B15="",TRUE(),ISNUMBER(SEARCH('02_대상물건입력'!B15,L51)))),1,0)) | R51: =IFERROR(ABS(E51-'02_대상물건입력'!B11)/'02_대상물건입력'!B11,"") | S51: =IFERROR(ABS(J51-'02_대상물건입력'!B10),"") | T51: =IFERROR(ABS('01_설정'!B4-F51),"") | U51: =IFERROR(ABS(K51-YEAR('02_대상물건입력'!B14)),"") | V51: =IF(B51="","",IF(AND(E51>0,F51>0,H51>0,OR(IFERROR(INDEX('04A_국토부원자료'!$A:$T,ROW()+1,MATCH("해제사유발생일",'04A_국토부원자료'!$A$4:$T$4,0)),"")="",IFERROR(INDEX('04A_국토부원자료'!$A:$T,ROW()+1,MATCH("해제사유발생일",'04A_국토부원자료'!$A$4:$T$4,0)),"")="-"),IF('01_설정'!B10=1,N51=1,TRUE()),R51<='01_설정'!B5,S51<='01_설정'!B6,T51<='01_설정'!B7,U51<='01_설정'!B8),"Y","")) | W51: =IF(V51<>"Y","",MAX(0,(1-R51/'01_설정'!B5))*'01_설정'!B14+MAX(0,(1-S51/'01_설정'!B6))*'01_설정'!B15+MAX(0,(1-T51/'01_설정'!B7))*'01_설정'!B16+MAX(0,(1-U51/'01_설정'!B8))*'01_설정'!B17+O51*'01_설정'!B11+Q51*'01_설정'!B12+P51*'01_설정'!B13+IF(Z51="",0,Z51)) | X51: =IF(W51="","",1+COUNTIFS($W$4:$W$3003,">"&W51)+COUNTIFS($W$4:W51,W51)-1) | Y51: =IF(OR(I51="",'02_대상물건입력'!B19="",'02_대상물건입력'!B19<=0),"",ABS(I51-'02_대상물건입력'!B19)/'02_대상물건입력'!B19) | Z51: =IF(OR(Y51="",'01_설정'!B31="",'01_설정'!B31<=0,'01_설정'!B32="",'01_설정'!B32<=0),"",MAX(0,(1-Y51/'01_설정'!B32))*'01_설정'!B31)
A52: =IF(INDEX('04A_국토부원자료'!$A:$A,ROW()+1)="","",ROW()-3) | B52: =IFERROR(INDEX('04A_국토부원자료'!$A:$T,ROW()+1,MATCH("시군구",'04A_국토부원자료'!$A$4:$T$4,0)),"") | C52: =IF(B52="","",IFERROR(INDEX('04A_국토부원자료'!$A:$T,ROW()+1,MATCH("번지",'04A_국토부원자료'!$A$4:$T$4,0)),"")) | D52: =IF(B52="","",IF(Q52=1,'02_대상물건입력'!$B$8,IFERROR(INDEX('04A_국토부원자료'!$A:$T,ROW()+1,MATCH("단지명",'04A_국토부원자료'!$A$4:$T$4,0)),""))) | E52: =IFERROR(VALUE(SUBSTITUTE(INDEX('04A_국토부원자료'!$A:$T,ROW()+1,MATCH("전용면적(㎡)",'04A_국토부원자료'!$A$4:$T$4,0)),",","")),"") | F52: =IFERROR(IF(AND(INDEX('04A_국토부원자료'!$A:$T,ROW()+1,MATCH("계약년월",'04A_국토부원자료'!$A$4:$T$4,0))<>"",INDEX('04A_국토부원자료'!$A:$T,ROW()+1,MATCH("계약일",'04A_국토부원자료'!$A$4:$T$4,0))<>""),DATE(INT(VALUE(SUBSTITUTE(INDEX('04A_국토부원자료'!$A:$T,ROW()+1,MATCH("계약년월",'04A_국토부원자료'!$A$4:$T$4,0)),",",""))/100),MOD(VALUE(SUBSTITUTE(INDEX('04A_국토부원자료'!$A:$T,ROW()+1,MATCH("계약년월",'04A_국토부원자료'!$A$4:$T$4,0)),",","")),100),VALUE(SUBSTITUTE(INDEX('04A_국토부원자료'!$A:$T,ROW()+1,MATCH("계약일",'04A_국토부원자료'!$A$4:$T$4,0)),",",""))),""),"") | G52: =IFERROR(VALUE(SUBSTITUTE(INDEX('04A_국토부원자료'!$A:$T,ROW()+1,MATCH("거래금액(만원)",'04A_국토부원자료'!$A$4:$T$4,0)),",","")),"") | H52: =IF(G52="","",G52*10000) | I52: =IFERROR(IF(AND(H52>0,E52>0),H52/E52,""),"") | J52: =IFERROR(VALUE(SUBSTITUTE(INDEX('04A_국토부원자료'!$A:$T,ROW()+1,MATCH("층",'04A_국토부원자료'!$A$4:$T$4,0)),",","")),"") | K52: =IFERROR(VALUE(SUBSTITUTE(INDEX('04A_국토부원자료'!$A:$T,ROW()+1,MATCH("건축년도",'04A_국토부원자료'!$A$4:$T$4,0)),",","")),"") | L52: =IFERROR(INDEX('04A_국토부원자료'!$A:$T,ROW()+1,MATCH("도로명",'04A_국토부원자료'!$A$4:$T$4,0)),"") | M52: =IFERROR(INDEX('04A_국토부원자료'!$A:$T,ROW()+1,MATCH("거래유형",'04A_국토부원자료'!$A$4:$T$4,0)),"") | N52: =IF(B52="","",IF('02_대상물건입력'!B5="",1,IF(ISNUMBER(SEARCH('02_대상물건입력'!B5,B52)),1,0))) | O52: =IF(B52="","",IF('02_대상물건입력'!B6="",1,IF(ISNUMBER(SEARCH('02_대상물건입력'!B6,B52)),1,0))) | P52: =IF(L52="","",IF('02_대상물건입력'!B15="",0,IF(ISNUMBER(SEARCH('02_대상물건입력'!B15,L52)),1,0))) | Q52: =IF(OR(C52="",L52=""),0,IF(AND(TRIM(C52)=TRIM(RIGHT(SUBSTITUTE(TRIM('02_대상물건입력'!$B$7)," ",REPT(" ",99)),99)),IF('02_대상물건입력'!B15="",TRUE(),ISNUMBER(SEARCH('02_대상물건입력'!B15,L52)))),1,0)) | R52: =IFERROR(ABS(E52-'02_대상물건입력'!B11)/'02_대상물건입력'!B11,"") | S52: =IFERROR(ABS(J52-'02_대상물건입력'!B10),"") | T52: =IFERROR(ABS('01_설정'!B4-F52),"") | U52: =IFERROR(ABS(K52-YEAR('02_대상물건입력'!B14)),"") | V52: =IF(B52="","",IF(AND(E52>0,F52>0,H52>0,OR(IFERROR(INDEX('04A_국토부원자료'!$A:$T,ROW()+1,MATCH("해제사유발생일",'04A_국토부원자료'!$A$4:$T$4,0)),"")="",IFERROR(INDEX('04A_국토부원자료'!$A:$T,ROW()+1,MATCH("해제사유발생일",'04A_국토부원자료'!$A$4:$T$4,0)),"")="-"),IF('01_설정'!B10=1,N52=1,TRUE()),R52<='01_설정'!B5,S52<='01_설정'!B6,T52<='01_설정'!B7,U52<='01_설정'!B8),"Y","")) | W52: =IF(V52<>"Y","",MAX(0,(1-R52/'01_설정'!B5))*'01_설정'!B14+MAX(0,(1-S52/'01_설정'!B6))*'01_설정'!B15+MAX(0,(1-T52/'01_설정'!B7))*'01_설정'!B16+MAX(0,(1-U52/'01_설정'!B8))*'01_설정'!B17+O52*'01_설정'!B11+Q52*'01_설정'!B12+P52*'01_설정'!B13+IF(Z52="",0,Z52)) | X52: =IF(W52="","",1+COUNTIFS($W$4:$W$3003,">"&W52)+COUNTIFS($W$4:W52,W52)-1) | Y52: =IF(OR(I52="",'02_대상물건입력'!B19="",'02_대상물건입력'!B19<=0),"",ABS(I52-'02_대상물건입력'!B19)/'02_대상물건입력'!B19) | Z52: =IF(OR(Y52="",'01_설정'!B31="",'01_설정'!B31<=0,'01_설정'!B32="",'01_설정'!B32<=0),"",MAX(0,(1-Y52/'01_설정'!B32))*'01_설정'!B31)
A53: =IF(INDEX('04A_국토부원자료'!$A:$A,ROW()+1)="","",ROW()-3) | B53: =IFERROR(INDEX('04A_국토부원자료'!$A:$T,ROW()+1,MATCH("시군구",'04A_국토부원자료'!$A$4:$T$4,0)),"") | C53: =IF(B53="","",IFERROR(INDEX('04A_국토부원자료'!$A:$T,ROW()+1,MATCH("번지",'04A_국토부원자료'!$A$4:$T$4,0)),"")) | D53: =IF(B53="","",IF(Q53=1,'02_대상물건입력'!$B$8,IFERROR(INDEX('04A_국토부원자료'!$A:$T,ROW()+1,MATCH("단지명",'04A_국토부원자료'!$A$4:$T$4,0)),""))) | E53: =IFERROR(VALUE(SUBSTITUTE(INDEX('04A_국토부원자료'!$A:$T,ROW()+1,MATCH("전용면적(㎡)",'04A_국토부원자료'!$A$4:$T$4,0)),",","")),"") | F53: =IFERROR(IF(AND(INDEX('04A_국토부원자료'!$A:$T,ROW()+1,MATCH("계약년월",'04A_국토부원자료'!$A$4:$T$4,0))<>"",INDEX('04A_국토부원자료'!$A:$T,ROW()+1,MATCH("계약일",'04A_국토부원자료'!$A$4:$T$4,0))<>""),DATE(INT(VALUE(SUBSTITUTE(INDEX('04A_국토부원자료'!$A:$T,ROW()+1,MATCH("계약년월",'04A_국토부원자료'!$A$4:$T$4,0)),",",""))/100),MOD(VALUE(SUBSTITUTE(INDEX('04A_국토부원자료'!$A:$T,ROW()+1,MATCH("계약년월",'04A_국토부원자료'!$A$4:$T$4,0)),",","")),100),VALUE(SUBSTITUTE(INDEX('04A_국토부원자료'!$A:$T,ROW()+1,MATCH("계약일",'04A_국토부원자료'!$A$4:$T$4,0)),",",""))),""),"") | G53: =IFERROR(VALUE(SUBSTITUTE(INDEX('04A_국토부원자료'!$A:$T,ROW()+1,MATCH("거래금액(만원)",'04A_국토부원자료'!$A$4:$T$4,0)),",","")),"") | H53: =IF(G53="","",G53*10000) | I53: =IFERROR(IF(AND(H53>0,E53>0),H53/E53,""),"") | J53: =IFERROR(VALUE(SUBSTITUTE(INDEX('04A_국토부원자료'!$A:$T,ROW()+1,MATCH("층",'04A_국토부원자료'!$A$4:$T$4,0)),",","")),"") | K53: =IFERROR(VALUE(SUBSTITUTE(INDEX('04A_국토부원자료'!$A:$T,ROW()+1,MATCH("건축년도",'04A_국토부원자료'!$A$4:$T$4,0)),",","")),"") | L53: =IFERROR(INDEX('04A_국토부원자료'!$A:$T,ROW()+1,MATCH("도로명",'04A_국토부원자료'!$A$4:$T$4,0)),"") | M53: =IFERROR(INDEX('04A_국토부원자료'!$A:$T,ROW()+1,MATCH("거래유형",'04A_국토부원자료'!$A$4:$T$4,0)),"") | N53: =IF(B53="","",IF('02_대상물건입력'!B5="",1,IF(ISNUMBER(SEARCH('02_대상물건입력'!B5,B53)),1,0))) | O53: =IF(B53="","",IF('02_대상물건입력'!B6="",1,IF(ISNUMBER(SEARCH('02_대상물건입력'!B6,B53)),1,0))) | P53: =IF(L53="","",IF('02_대상물건입력'!B15="",0,IF(ISNUMBER(SEARCH('02_대상물건입력'!B15,L53)),1,0))) | Q53: =IF(OR(C53="",L53=""),0,IF(AND(TRIM(C53)=TRIM(RIGHT(SUBSTITUTE(TRIM('02_대상물건입력'!$B$7)," ",REPT(" ",99)),99)),IF('02_대상물건입력'!B15="",TRUE(),ISNUMBER(SEARCH('02_대상물건입력'!B15,L53)))),1,0)) | R53: =IFERROR(ABS(E53-'02_대상물건입력'!B11)/'02_대상물건입력'!B11,"") | S53: =IFERROR(ABS(J53-'02_대상물건입력'!B10),"") | T53: =IFERROR(ABS('01_설정'!B4-F53),"") | U53: =IFERROR(ABS(K53-YEAR('02_대상물건입력'!B14)),"") | V53: =IF(B53="","",IF(AND(E53>0,F53>0,H53>0,OR(IFERROR(INDEX('04A_국토부원자료'!$A:$T,ROW()+1,MATCH("해제사유발생일",'04A_국토부원자료'!$A$4:$T$4,0)),"")="",IFERROR(INDEX('04A_국토부원자료'!$A:$T,ROW()+1,MATCH("해제사유발생일",'04A_국토부원자료'!$A$4:$T$4,0)),"")="-"),IF('01_설정'!B10=1,N53=1,TRUE()),R53<='01_설정'!B5,S53<='01_설정'!B6,T53<='01_설정'!B7,U53<='01_설정'!B8),"Y","")) | W53: =IF(V53<>"Y","",MAX(0,(1-R53/'01_설정'!B5))*'01_설정'!B14+MAX(0,(1-S53/'01_설정'!B6))*'01_설정'!B15+MAX(0,(1-T53/'01_설정'!B7))*'01_설정'!B16+MAX(0,(1-U53/'01_설정'!B8))*'01_설정'!B17+O53*'01_설정'!B11+Q53*'01_설정'!B12+P53*'01_설정'!B13+IF(Z53="",0,Z53)) | X53: =IF(W53="","",1+COUNTIFS($W$4:$W$3003,">"&W53)+COUNTIFS($W$4:W53,W53)-1) | Y53: =IF(OR(I53="",'02_대상물건입력'!B19="",'02_대상물건입력'!B19<=0),"",ABS(I53-'02_대상물건입력'!B19)/'02_대상물건입력'!B19) | Z53: =IF(OR(Y53="",'01_설정'!B31="",'01_설정'!B31<=0,'01_설정'!B32="",'01_설정'!B32<=0),"",MAX(0,(1-Y53/'01_설정'!B32))*'01_설정'!B31)
A54: =IF(INDEX('04A_국토부원자료'!$A:$A,ROW()+1)="","",ROW()-3) | B54: =IFERROR(INDEX('04A_국토부원자료'!$A:$T,ROW()+1,MATCH("시군구",'04A_국토부원자료'!$A$4:$T$4,0)),"") | C54: =IF(B54="","",IFERROR(INDEX('04A_국토부원자료'!$A:$T,ROW()+1,MATCH("번지",'04A_국토부원자료'!$A$4:$T$4,0)),"")) | D54: =IF(B54="","",IF(Q54=1,'02_대상물건입력'!$B$8,IFERROR(INDEX('04A_국토부원자료'!$A:$T,ROW()+1,MATCH("단지명",'04A_국토부원자료'!$A$4:$T$4,0)),""))) | E54: =IFERROR(VALUE(SUBSTITUTE(INDEX('04A_국토부원자료'!$A:$T,ROW()+1,MATCH("전용면적(㎡)",'04A_국토부원자료'!$A$4:$T$4,0)),",","")),"") | F54: =IFERROR(IF(AND(INDEX('04A_국토부원자료'!$A:$T,ROW()+1,MATCH("계약년월",'04A_국토부원자료'!$A$4:$T$4,0))<>"",INDEX('04A_국토부원자료'!$A:$T,ROW()+1,MATCH("계약일",'04A_국토부원자료'!$A$4:$T$4,0))<>""),DATE(INT(VALUE(SUBSTITUTE(INDEX('04A_국토부원자료'!$A:$T,ROW()+1,MATCH("계약년월",'04A_국토부원자료'!$A$4:$T$4,0)),",",""))/100),MOD(VALUE(SUBSTITUTE(INDEX('04A_국토부원자료'!$A:$T,ROW()+1,MATCH("계약년월",'04A_국토부원자료'!$A$4:$T$4,0)),",","")),100),VALUE(SUBSTITUTE(INDEX('04A_국토부원자료'!$A:$T,ROW()+1,MATCH("계약일",'04A_국토부원자료'!$A$4:$T$4,0)),",",""))),""),"") | G54: =IFERROR(VALUE(SUBSTITUTE(INDEX('04A_국토부원자료'!$A:$T,ROW()+1,MATCH("거래금액(만원)",'04A_국토부원자료'!$A$4:$T$4,0)),",","")),"") | H54: =IF(G54="","",G54*10000) | I54: =IFERROR(IF(AND(H54>0,E54>0),H54/E54,""),"") | J54: =IFERROR(VALUE(SUBSTITUTE(INDEX('04A_국토부원자료'!$A:$T,ROW()+1,MATCH("층",'04A_국토부원자료'!$A$4:$T$4,0)),",","")),"") | K54: =IFERROR(VALUE(SUBSTITUTE(INDEX('04A_국토부원자료'!$A:$T,ROW()+1,MATCH("건축년도",'04A_국토부원자료'!$A$4:$T$4,0)),",","")),"") | L54: =IFERROR(INDEX('04A_국토부원자료'!$A:$T,ROW()+1,MATCH("도로명",'04A_국토부원자료'!$A$4:$T$4,0)),"") | M54: =IFERROR(INDEX('04A_국토부원자료'!$A:$T,ROW()+1,MATCH("거래유형",'04A_국토부원자료'!$A$4:$T$4,0)),"") | N54: =IF(B54="","",IF('02_대상물건입력'!B5="",1,IF(ISNUMBER(SEARCH('02_대상물건입력'!B5,B54)),1,0))) | O54: =IF(B54="","",IF('02_대상물건입력'!B6="",1,IF(ISNUMBER(SEARCH('02_대상물건입력'!B6,B54)),1,0))) | P54: =IF(L54="","",IF('02_대상물건입력'!B15="",0,IF(ISNUMBER(SEARCH('02_대상물건입력'!B15,L54)),1,0))) | Q54: =IF(OR(C54="",L54=""),0,IF(AND(TRIM(C54)=TRIM(RIGHT(SUBSTITUTE(TRIM('02_대상물건입력'!$B$7)," ",REPT(" ",99)),99)),IF('02_대상물건입력'!B15="",TRUE(),ISNUMBER(SEARCH('02_대상물건입력'!B15,L54)))),1,0)) | R54: =IFERROR(ABS(E54-'02_대상물건입력'!B11)/'02_대상물건입력'!B11,"") | S54: =IFERROR(ABS(J54-'02_대상물건입력'!B10),"") | T54: =IFERROR(ABS('01_설정'!B4-F54),"") | U54: =IFERROR(ABS(K54-YEAR('02_대상물건입력'!B14)),"") | V54: =IF(B54="","",IF(AND(E54>0,F54>0,H54>0,OR(IFERROR(INDEX('04A_국토부원자료'!$A:$T,ROW()+1,MATCH("해제사유발생일",'04A_국토부원자료'!$A$4:$T$4,0)),"")="",IFERROR(INDEX('04A_국토부원자료'!$A:$T,ROW()+1,MATCH("해제사유발생일",'04A_국토부원자료'!$A$4:$T$4,0)),"")="-"),IF('01_설정'!B10=1,N54=1,TRUE()),R54<='01_설정'!B5,S54<='01_설정'!B6,T54<='01_설정'!B7,U54<='01_설정'!B8),"Y","")) | W54: =IF(V54<>"Y","",MAX(0,(1-R54/'01_설정'!B5))*'01_설정'!B14+MAX(0,(1-S54/'01_설정'!B6))*'01_설정'!B15+MAX(0,(1-T54/'01_설정'!B7))*'01_설정'!B16+MAX(0,(1-U54/'01_설정'!B8))*'01_설정'!B17+O54*'01_설정'!B11+Q54*'01_설정'!B12+P54*'01_설정'!B13+IF(Z54="",0,Z54)) | X54: =IF(W54="","",1+COUNTIFS($W$4:$W$3003,">"&W54)+COUNTIFS($W$4:W54,W54)-1) | Y54: =IF(OR(I54="",'02_대상물건입력'!B19="",'02_대상물건입력'!B19<=0),"",ABS(I54-'02_대상물건입력'!B19)/'02_대상물건입력'!B19) | Z54: =IF(OR(Y54="",'01_설정'!B31="",'01_설정'!B31<=0,'01_설정'!B32="",'01_설정'!B32<=0),"",MAX(0,(1-Y54/'01_설정'!B32))*'01_설정'!B31)
A55: =IF(INDEX('04A_국토부원자료'!$A:$A,ROW()+1)="","",ROW()-3) | B55: =IFERROR(INDEX('04A_국토부원자료'!$A:$T,ROW()+1,MATCH("시군구",'04A_국토부원자료'!$A$4:$T$4,0)),"") | C55: =IF(B55="","",IFERROR(INDEX('04A_국토부원자료'!$A:$T,ROW()+1,MATCH("번지",'04A_국토부원자료'!$A$4:$T$4,0)),"")) | D55: =IF(B55="","",IF(Q55=1,'02_대상물건입력'!$B$8,IFERROR(INDEX('04A_국토부원자료'!$A:$T,ROW()+1,MATCH("단지명",'04A_국토부원자료'!$A$4:$T$4,0)),""))) | E55: =IFERROR(VALUE(SUBSTITUTE(INDEX('04A_국토부원자료'!$A:$T,ROW()+1,MATCH("전용면적(㎡)",'04A_국토부원자료'!$A$4:$T$4,0)),",","")),"") | F55: =IFERROR(IF(AND(INDEX('04A_국토부원자료'!$A:$T,ROW()+1,MATCH("계약년월",'04A_국토부원자료'!$A$4:$T$4,0))<>"",INDEX('04A_국토부원자료'!$A:$T,ROW()+1,MATCH("계약일",'04A_국토부원자료'!$A$4:$T$4,0))<>""),DATE(INT(VALUE(SUBSTITUTE(INDEX('04A_국토부원자료'!$A:$T,ROW()+1,MATCH("계약년월",'04A_국토부원자료'!$A$4:$T$4,0)),",",""))/100),MOD(VALUE(SUBSTITUTE(INDEX('04A_국토부원자료'!$A:$T,ROW()+1,MATCH("계약년월",'04A_국토부원자료'!$A$4:$T$4,0)),",","")),100),VALUE(SUBSTITUTE(INDEX('04A_국토부원자료'!$A:$T,ROW()+1,MATCH("계약일",'04A_국토부원자료'!$A$4:$T$4,0)),",",""))),""),"") | G55: =IFERROR(VALUE(SUBSTITUTE(INDEX('04A_국토부원자료'!$A:$T,ROW()+1,MATCH("거래금액(만원)",'04A_국토부원자료'!$A$4:$T$4,0)),",","")),"") | H55: =IF(G55="","",G55*10000) | I55: =IFERROR(IF(AND(H55>0,E55>0),H55/E55,""),"") | J55: =IFERROR(VALUE(SUBSTITUTE(INDEX('04A_국토부원자료'!$A:$T,ROW()+1,MATCH("층",'04A_국토부원자료'!$A$4:$T$4,0)),",","")),"") | K55: =IFERROR(VALUE(SUBSTITUTE(INDEX('04A_국토부원자료'!$A:$T,ROW()+1,MATCH("건축년도",'04A_국토부원자료'!$A$4:$T$4,0)),",","")),"") | L55: =IFERROR(INDEX('04A_국토부원자료'!$A:$T,ROW()+1,MATCH("도로명",'04A_국토부원자료'!$A$4:$T$4,0)),"") | M55: =IFERROR(INDEX('04A_국토부원자료'!$A:$T,ROW()+1,MATCH("거래유형",'04A_국토부원자료'!$A$4:$T$4,0)),"") | N55: =IF(B55="","",IF('02_대상물건입력'!B5="",1,IF(ISNUMBER(SEARCH('02_대상물건입력'!B5,B55)),1,0))) | O55: =IF(B55="","",IF('02_대상물건입력'!B6="",1,IF(ISNUMBER(SEARCH('02_대상물건입력'!B6,B55)),1,0))) | P55: =IF(L55="","",IF('02_대상물건입력'!B15="",0,IF(ISNUMBER(SEARCH('02_대상물건입력'!B15,L55)),1,0))) | Q55: =IF(OR(C55="",L55=""),0,IF(AND(TRIM(C55)=TRIM(RIGHT(SUBSTITUTE(TRIM('02_대상물건입력'!$B$7)," ",REPT(" ",99)),99)),IF('02_대상물건입력'!B15="",TRUE(),ISNUMBER(SEARCH('02_대상물건입력'!B15,L55)))),1,0)) | R55: =IFERROR(ABS(E55-'02_대상물건입력'!B11)/'02_대상물건입력'!B11,"") | S55: =IFERROR(ABS(J55-'02_대상물건입력'!B10),"") | T55: =IFERROR(ABS('01_설정'!B4-F55),"") | U55: =IFERROR(ABS(K55-YEAR('02_대상물건입력'!B14)),"") | V55: =IF(B55="","",IF(AND(E55>0,F55>0,H55>0,OR(IFERROR(INDEX('04A_국토부원자료'!$A:$T,ROW()+1,MATCH("해제사유발생일",'04A_국토부원자료'!$A$4:$T$4,0)),"")="",IFERROR(INDEX('04A_국토부원자료'!$A:$T,ROW()+1,MATCH("해제사유발생일",'04A_국토부원자료'!$A$4:$T$4,0)),"")="-"),IF('01_설정'!B10=1,N55=1,TRUE()),R55<='01_설정'!B5,S55<='01_설정'!B6,T55<='01_설정'!B7,U55<='01_설정'!B8),"Y","")) | W55: =IF(V55<>"Y","",MAX(0,(1-R55/'01_설정'!B5))*'01_설정'!B14+MAX(0,(1-S55/'01_설정'!B6))*'01_설정'!B15+MAX(0,(1-T55/'01_설정'!B7))*'01_설정'!B16+MAX(0,(1-U55/'01_설정'!B8))*'01_설정'!B17+O55*'01_설정'!B11+Q55*'01_설정'!B12+P55*'01_설정'!B13+IF(Z55="",0,Z55)) | X55: =IF(W55="","",1+COUNTIFS($W$4:$W$3003,">"&W55)+COUNTIFS($W$4:W55,W55)-1) | Y55: =IF(OR(I55="",'02_대상물건입력'!B19="",'02_대상물건입력'!B19<=0),"",ABS(I55-'02_대상물건입력'!B19)/'02_대상물건입력'!B19) | Z55: =IF(OR(Y55="",'01_설정'!B31="",'01_설정'!B31<=0,'01_설정'!B32="",'01_설정'!B32<=0),"",MAX(0,(1-Y55/'01_설정'!B32))*'01_설정'!B31)
A56: =IF(INDEX('04A_국토부원자료'!$A:$A,ROW()+1)="","",ROW()-3) | B56: =IFERROR(INDEX('04A_국토부원자료'!$A:$T,ROW()+1,MATCH("시군구",'04A_국토부원자료'!$A$4:$T$4,0)),"") | C56: =IF(B56="","",IFERROR(INDEX('04A_국토부원자료'!$A:$T,ROW()+1,MATCH("번지",'04A_국토부원자료'!$A$4:$T$4,0)),"")) | D56: =IF(B56="","",IF(Q56=1,'02_대상물건입력'!$B$8,IFERROR(INDEX('04A_국토부원자료'!$A:$T,ROW()+1,MATCH("단지명",'04A_국토부원자료'!$A$4:$T$4,0)),""))) | E56: =IFERROR(VALUE(SUBSTITUTE(INDEX('04A_국토부원자료'!$A:$T,ROW()+1,MATCH("전용면적(㎡)",'04A_국토부원자료'!$A$4:$T$4,0)),",","")),"") | F56: =IFERROR(IF(AND(INDEX('04A_국토부원자료'!$A:$T,ROW()+1,MATCH("계약년월",'04A_국토부원자료'!$A$4:$T$4,0))<>"",INDEX('04A_국토부원자료'!$A:$T,ROW()+1,MATCH("계약일",'04A_국토부원자료'!$A$4:$T$4,0))<>""),DATE(INT(VALUE(SUBSTITUTE(INDEX('04A_국토부원자료'!$A:$T,ROW()+1,MATCH("계약년월",'04A_국토부원자료'!$A$4:$T$4,0)),",",""))/100),MOD(VALUE(SUBSTITUTE(INDEX('04A_국토부원자료'!$A:$T,ROW()+1,MATCH("계약년월",'04A_국토부원자료'!$A$4:$T$4,0)),",","")),100),VALUE(SUBSTITUTE(INDEX('04A_국토부원자료'!$A:$T,ROW()+1,MATCH("계약일",'04A_국토부원자료'!$A$4:$T$4,0)),",",""))),""),"") | G56: =IFERROR(VALUE(SUBSTITUTE(INDEX('04A_국토부원자료'!$A:$T,ROW()+1,MATCH("거래금액(만원)",'04A_국토부원자료'!$A$4:$T$4,0)),",","")),"") | H56: =IF(G56="","",G56*10000) | I56: =IFERROR(IF(AND(H56>0,E56>0),H56/E56,""),"") | J56: =IFERROR(VALUE(SUBSTITUTE(INDEX('04A_국토부원자료'!$A:$T,ROW()+1,MATCH("층",'04A_국토부원자료'!$A$4:$T$4,0)),",","")),"") | K56: =IFERROR(VALUE(SUBSTITUTE(INDEX('04A_국토부원자료'!$A:$T,ROW()+1,MATCH("건축년도",'04A_국토부원자료'!$A$4:$T$4,0)),",","")),"") | L56: =IFERROR(INDEX('04A_국토부원자료'!$A:$T,ROW()+1,MATCH("도로명",'04A_국토부원자료'!$A$4:$T$4,0)),"") | M56: =IFERROR(INDEX('04A_국토부원자료'!$A:$T,ROW()+1,MATCH("거래유형",'04A_국토부원자료'!$A$4:$T$4,0)),"") | N56: =IF(B56="","",IF('02_대상물건입력'!B5="",1,IF(ISNUMBER(SEARCH('02_대상물건입력'!B5,B56)),1,0))) | O56: =IF(B56="","",IF('02_대상물건입력'!B6="",1,IF(ISNUMBER(SEARCH('02_대상물건입력'!B6,B56)),1,0))) | P56: =IF(L56="","",IF('02_대상물건입력'!B15="",0,IF(ISNUMBER(SEARCH('02_대상물건입력'!B15,L56)),1,0))) | Q56: =IF(OR(C56="",L56=""),0,IF(AND(TRIM(C56)=TRIM(RIGHT(SUBSTITUTE(TRIM('02_대상물건입력'!$B$7)," ",REPT(" ",99)),99)),IF('02_대상물건입력'!B15="",TRUE(),ISNUMBER(SEARCH('02_대상물건입력'!B15,L56)))),1,0)) | R56: =IFERROR(ABS(E56-'02_대상물건입력'!B11)/'02_대상물건입력'!B11,"") | S56: =IFERROR(ABS(J56-'02_대상물건입력'!B10),"") | T56: =IFERROR(ABS('01_설정'!B4-F56),"") | U56: =IFERROR(ABS(K56-YEAR('02_대상물건입력'!B14)),"") | V56: =IF(B56="","",IF(AND(E56>0,F56>0,H56>0,OR(IFERROR(INDEX('04A_국토부원자료'!$A:$T,ROW()+1,MATCH("해제사유발생일",'04A_국토부원자료'!$A$4:$T$4,0)),"")="",IFERROR(INDEX('04A_국토부원자료'!$A:$T,ROW()+1,MATCH("해제사유발생일",'04A_국토부원자료'!$A$4:$T$4,0)),"")="-"),IF('01_설정'!B10=1,N56=1,TRUE()),R56<='01_설정'!B5,S56<='01_설정'!B6,T56<='01_설정'!B7,U56<='01_설정'!B8),"Y","")) | W56: =IF(V56<>"Y","",MAX(0,(1-R56/'01_설정'!B5))*'01_설정'!B14+MAX(0,(1-S56/'01_설정'!B6))*'01_설정'!B15+MAX(0,(1-T56/'01_설정'!B7))*'01_설정'!B16+MAX(0,(1-U56/'01_설정'!B8))*'01_설정'!B17+O56*'01_설정'!B11+Q56*'01_설정'!B12+P56*'01_설정'!B13+IF(Z56="",0,Z56)) | X56: =IF(W56="","",1+COUNTIFS($W$4:$W$3003,">"&W56)+COUNTIFS($W$4:W56,W56)-1) | Y56: =IF(OR(I56="",'02_대상물건입력'!B19="",'02_대상물건입력'!B19<=0),"",ABS(I56-'02_대상물건입력'!B19)/'02_대상물건입력'!B19) | Z56: =IF(OR(Y56="",'01_설정'!B31="",'01_설정'!B31<=0,'01_설정'!B32="",'01_설정'!B32<=0),"",MAX(0,(1-Y56/'01_설정'!B32))*'01_설정'!B31)
A57: =IF(INDEX('04A_국토부원자료'!$A:$A,ROW()+1)="","",ROW()-3) | B57: =IFERROR(INDEX('04A_국토부원자료'!$A:$T,ROW()+1,MATCH("시군구",'04A_국토부원자료'!$A$4:$T$4,0)),"") | C57: =IF(B57="","",IFERROR(INDEX('04A_국토부원자료'!$A:$T,ROW()+1,MATCH("번지",'04A_국토부원자료'!$A$4:$T$4,0)),"")) | D57: =IF(B57="","",IF(Q57=1,'02_대상물건입력'!$B$8,IFERROR(INDEX('04A_국토부원자료'!$A:$T,ROW()+1,MATCH("단지명",'04A_국토부원자료'!$A$4:$T$4,0)),""))) | E57: =IFERROR(VALUE(SUBSTITUTE(INDEX('04A_국토부원자료'!$A:$T,ROW()+1,MATCH("전용면적(㎡)",'04A_국토부원자료'!$A$4:$T$4,0)),",","")),"") | F57: =IFERROR(IF(AND(INDEX('04A_국토부원자료'!$A:$T,ROW()+1,MATCH("계약년월",'04A_국토부원자료'!$A$4:$T$4,0))<>"",INDEX('04A_국토부원자료'!$A:$T,ROW()+1,MATCH("계약일",'04A_국토부원자료'!$A$4:$T$4,0))<>""),DATE(INT(VALUE(SUBSTITUTE(INDEX('04A_국토부원자료'!$A:$T,ROW()+1,MATCH("계약년월",'04A_국토부원자료'!$A$4:$T$4,0)),",",""))/100),MOD(VALUE(SUBSTITUTE(INDEX('04A_국토부원자료'!$A:$T,ROW()+1,MATCH("계약년월",'04A_국토부원자료'!$A$4:$T$4,0)),",","")),100),VALUE(SUBSTITUTE(INDEX('04A_국토부원자료'!$A:$T,ROW()+1,MATCH("계약일",'04A_국토부원자료'!$A$4:$T$4,0)),",",""))),""),"") | G57: =IFERROR(VALUE(SUBSTITUTE(INDEX('04A_국토부원자료'!$A:$T,ROW()+1,MATCH("거래금액(만원)",'04A_국토부원자료'!$A$4:$T$4,0)),",","")),"") | H57: =IF(G57="","",G57*10000) | I57: =IFERROR(IF(AND(H57>0,E57>0),H57/E57,""),"") | J57: =IFERROR(VALUE(SUBSTITUTE(INDEX('04A_국토부원자료'!$A:$T,ROW()+1,MATCH("층",'04A_국토부원자료'!$A$4:$T$4,0)),",","")),"") | K57: =IFERROR(VALUE(SUBSTITUTE(INDEX('04A_국토부원자료'!$A:$T,ROW()+1,MATCH("건축년도",'04A_국토부원자료'!$A$4:$T$4,0)),",","")),"") | L57: =IFERROR(INDEX('04A_국토부원자료'!$A:$T,ROW()+1,MATCH("도로명",'04A_국토부원자료'!$A$4:$T$4,0)),"") | M57: =IFERROR(INDEX('04A_국토부원자료'!$A:$T,ROW()+1,MATCH("거래유형",'04A_국토부원자료'!$A$4:$T$4,0)),"") | N57: =IF(B57="","",IF('02_대상물건입력'!B5="",1,IF(ISNUMBER(SEARCH('02_대상물건입력'!B5,B57)),1,0))) | O57: =IF(B57="","",IF('02_대상물건입력'!B6="",1,IF(ISNUMBER(SEARCH('02_대상물건입력'!B6,B57)),1,0))) | P57: =IF(L57="","",IF('02_대상물건입력'!B15="",0,IF(ISNUMBER(SEARCH('02_대상물건입력'!B15,L57)),1,0))) | Q57: =IF(OR(C57="",L57=""),0,IF(AND(TRIM(C57)=TRIM(RIGHT(SUBSTITUTE(TRIM('02_대상물건입력'!$B$7)," ",REPT(" ",99)),99)),IF('02_대상물건입력'!B15="",TRUE(),ISNUMBER(SEARCH('02_대상물건입력'!B15,L57)))),1,0)) | R57: =IFERROR(ABS(E57-'02_대상물건입력'!B11)/'02_대상물건입력'!B11,"") | S57: =IFERROR(ABS(J57-'02_대상물건입력'!B10),"") | T57: =IFERROR(ABS('01_설정'!B4-F57),"") | U57: =IFERROR(ABS(K57-YEAR('02_대상물건입력'!B14)),"") | V57: =IF(B57="","",IF(AND(E57>0,F57>0,H57>0,OR(IFERROR(INDEX('04A_국토부원자료'!$A:$T,ROW()+1,MATCH("해제사유발생일",'04A_국토부원자료'!$A$4:$T$4,0)),"")="",IFERROR(INDEX('04A_국토부원자료'!$A:$T,ROW()+1,MATCH("해제사유발생일",'04A_국토부원자료'!$A$4:$T$4,0)),"")="-"),IF('01_설정'!B10=1,N57=1,TRUE()),R57<='01_설정'!B5,S57<='01_설정'!B6,T57<='01_설정'!B7,U57<='01_설정'!B8),"Y","")) | W57: =IF(V57<>"Y","",MAX(0,(1-R57/'01_설정'!B5))*'01_설정'!B14+MAX(0,(1-S57/'01_설정'!B6))*'01_설정'!B15+MAX(0,(1-T57/'01_설정'!B7))*'01_설정'!B16+MAX(0,(1-U57/'01_설정'!B8))*'01_설정'!B17+O57*'01_설정'!B11+Q57*'01_설정'!B12+P57*'01_설정'!B13+IF(Z57="",0,Z57)) | X57: =IF(W57="","",1+COUNTIFS($W$4:$W$3003,">"&W57)+COUNTIFS($W$4:W57,W57)-1) | Y57: =IF(OR(I57="",'02_대상물건입력'!B19="",'02_대상물건입력'!B19<=0),"",ABS(I57-'02_대상물건입력'!B19)/'02_대상물건입력'!B19) | Z57: =IF(OR(Y57="",'01_설정'!B31="",'01_설정'!B31<=0,'01_설정'!B32="",'01_설정'!B32<=0),"",MAX(0,(1-Y57/'01_설정'!B32))*'01_설정'!B31)
A58: =IF(INDEX('04A_국토부원자료'!$A:$A,ROW()+1)="","",ROW()-3) | B58: =IFERROR(INDEX('04A_국토부원자료'!$A:$T,ROW()+1,MATCH("시군구",'04A_국토부원자료'!$A$4:$T$4,0)),"") | C58: =IF(B58="","",IFERROR(INDEX('04A_국토부원자료'!$A:$T,ROW()+1,MATCH("번지",'04A_국토부원자료'!$A$4:$T$4,0)),"")) | D58: =IF(B58="","",IF(Q58=1,'02_대상물건입력'!$B$8,IFERROR(INDEX('04A_국토부원자료'!$A:$T,ROW()+1,MATCH("단지명",'04A_국토부원자료'!$A$4:$T$4,0)),""))) | E58: =IFERROR(VALUE(SUBSTITUTE(INDEX('04A_국토부원자료'!$A:$T,ROW()+1,MATCH("전용면적(㎡)",'04A_국토부원자료'!$A$4:$T$4,0)),",","")),"") | F58: =IFERROR(IF(AND(INDEX('04A_국토부원자료'!$A:$T,ROW()+1,MATCH("계약년월",'04A_국토부원자료'!$A$4:$T$4,0))<>"",INDEX('04A_국토부원자료'!$A:$T,ROW()+1,MATCH("계약일",'04A_국토부원자료'!$A$4:$T$4,0))<>""),DATE(INT(VALUE(SUBSTITUTE(INDEX('04A_국토부원자료'!$A:$T,ROW()+1,MATCH("계약년월",'04A_국토부원자료'!$A$4:$T$4,0)),",",""))/100),MOD(VALUE(SUBSTITUTE(INDEX('04A_국토부원자료'!$A:$T,ROW()+1,MATCH("계약년월",'04A_국토부원자료'!$A$4:$T$4,0)),",","")),100),VALUE(SUBSTITUTE(INDEX('04A_국토부원자료'!$A:$T,ROW()+1,MATCH("계약일",'04A_국토부원자료'!$A$4:$T$4,0)),",",""))),""),"") | G58: =IFERROR(VALUE(SUBSTITUTE(INDEX('04A_국토부원자료'!$A:$T,ROW()+1,MATCH("거래금액(만원)",'04A_국토부원자료'!$A$4:$T$4,0)),",","")),"") | H58: =IF(G58="","",G58*10000) | I58: =IFERROR(IF(AND(H58>0,E58>0),H58/E58,""),"") | J58: =IFERROR(VALUE(SUBSTITUTE(INDEX('04A_국토부원자료'!$A:$T,ROW()+1,MATCH("층",'04A_국토부원자료'!$A$4:$T$4,0)),",","")),"") | K58: =IFERROR(VALUE(SUBSTITUTE(INDEX('04A_국토부원자료'!$A:$T,ROW()+1,MATCH("건축년도",'04A_국토부원자료'!$A$4:$T$4,0)),",","")),"") | L58: =IFERROR(INDEX('04A_국토부원자료'!$A:$T,ROW()+1,MATCH("도로명",'04A_국토부원자료'!$A$4:$T$4,0)),"") | M58: =IFERROR(INDEX('04A_국토부원자료'!$A:$T,ROW()+1,MATCH("거래유형",'04A_국토부원자료'!$A$4:$T$4,0)),"") | N58: =IF(B58="","",IF('02_대상물건입력'!B5="",1,IF(ISNUMBER(SEARCH('02_대상물건입력'!B5,B58)),1,0))) | O58: =IF(B58="","",IF('02_대상물건입력'!B6="",1,IF(ISNUMBER(SEARCH('02_대상물건입력'!B6,B58)),1,0))) | P58: =IF(L58="","",IF('02_대상물건입력'!B15="",0,IF(ISNUMBER(SEARCH('02_대상물건입력'!B15,L58)),1,0))) | Q58: =IF(OR(C58="",L58=""),0,IF(AND(TRIM(C58)=TRIM(RIGHT(SUBSTITUTE(TRIM('02_대상물건입력'!$B$7)," ",REPT(" ",99)),99)),IF('02_대상물건입력'!B15="",TRUE(),ISNUMBER(SEARCH('02_대상물건입력'!B15,L58)))),1,0)) | R58: =IFERROR(ABS(E58-'02_대상물건입력'!B11)/'02_대상물건입력'!B11,"") | S58: =IFERROR(ABS(J58-'02_대상물건입력'!B10),"") | T58: =IFERROR(ABS('01_설정'!B4-F58),"") | U58: =IFERROR(ABS(K58-YEAR('02_대상물건입력'!B14)),"") | V58: =IF(B58="","",IF(AND(E58>0,F58>0,H58>0,OR(IFERROR(INDEX('04A_국토부원자료'!$A:$T,ROW()+1,MATCH("해제사유발생일",'04A_국토부원자료'!$A$4:$T$4,0)),"")="",IFERROR(INDEX('04A_국토부원자료'!$A:$T,ROW()+1,MATCH("해제사유발생일",'04A_국토부원자료'!$A$4:$T$4,0)),"")="-"),IF('01_설정'!B10=1,N58=1,TRUE()),R58<='01_설정'!B5,S58<='01_설정'!B6,T58<='01_설정'!B7,U58<='01_설정'!B8),"Y","")) | W58: =IF(V58<>"Y","",MAX(0,(1-R58/'01_설정'!B5))*'01_설정'!B14+MAX(0,(1-S58/'01_설정'!B6))*'01_설정'!B15+MAX(0,(1-T58/'01_설정'!B7))*'01_설정'!B16+MAX(0,(1-U58/'01_설정'!B8))*'01_설정'!B17+O58*'01_설정'!B11+Q58*'01_설정'!B12+P58*'01_설정'!B13+IF(Z58="",0,Z58)) | X58: =IF(W58="","",1+COUNTIFS($W$4:$W$3003,">"&W58)+COUNTIFS($W$4:W58,W58)-1) | Y58: =IF(OR(I58="",'02_대상물건입력'!B19="",'02_대상물건입력'!B19<=0),"",ABS(I58-'02_대상물건입력'!B19)/'02_대상물건입력'!B19) | Z58: =IF(OR(Y58="",'01_설정'!B31="",'01_설정'!B31<=0,'01_설정'!B32="",'01_설정'!B32<=0),"",MAX(0,(1-Y58/'01_설정'!B32))*'01_설정'!B31)
A59: =IF(INDEX('04A_국토부원자료'!$A:$A,ROW()+1)="","",ROW()-3) | B59: =IFERROR(INDEX('04A_국토부원자료'!$A:$T,ROW()+1,MATCH("시군구",'04A_국토부원자료'!$A$4:$T$4,0)),"") | C59: =IF(B59="","",IFERROR(INDEX('04A_국토부원자료'!$A:$T,ROW()+1,MATCH("번지",'04A_국토부원자료'!$A$4:$T$4,0)),"")) | D59: =IF(B59="","",IF(Q59=1,'02_대상물건입력'!$B$8,IFERROR(INDEX('04A_국토부원자료'!$A:$T,ROW()+1,MATCH("단지명",'04A_국토부원자료'!$A$4:$T$4,0)),""))) | E59: =IFERROR(VALUE(SUBSTITUTE(INDEX('04A_국토부원자료'!$A:$T,ROW()+1,MATCH("전용면적(㎡)",'04A_국토부원자료'!$A$4:$T$4,0)),",","")),"") | F59: =IFERROR(IF(AND(INDEX('04A_국토부원자료'!$A:$T,ROW()+1,MATCH("계약년월",'04A_국토부원자료'!$A$4:$T$4,0))<>"",INDEX('04A_국토부원자료'!$A:$T,ROW()+1,MATCH("계약일",'04A_국토부원자료'!$A$4:$T$4,0))<>""),DATE(INT(VALUE(SUBSTITUTE(INDEX('04A_국토부원자료'!$A:$T,ROW()+1,MATCH("계약년월",'04A_국토부원자료'!$A$4:$T$4,0)),",",""))/100),MOD(VALUE(SUBSTITUTE(INDEX('04A_국토부원자료'!$A:$T,ROW()+1,MATCH("계약년월",'04A_국토부원자료'!$A$4:$T$4,0)),",","")),100),VALUE(SUBSTITUTE(INDEX('04A_국토부원자료'!$A:$T,ROW()+1,MATCH("계약일",'04A_국토부원자료'!$A$4:$T$4,0)),",",""))),""),"") | G59: =IFERROR(VALUE(SUBSTITUTE(INDEX('04A_국토부원자료'!$A:$T,ROW()+1,MATCH("거래금액(만원)",'04A_국토부원자료'!$A$4:$T$4,0)),",","")),"") | H59: =IF(G59="","",G59*10000) | I59: =IFERROR(IF(AND(H59>0,E59>0),H59/E59,""),"") | J59: =IFERROR(VALUE(SUBSTITUTE(INDEX('04A_국토부원자료'!$A:$T,ROW()+1,MATCH("층",'04A_국토부원자료'!$A$4:$T$4,0)),",","")),"") | K59: =IFERROR(VALUE(SUBSTITUTE(INDEX('04A_국토부원자료'!$A:$T,ROW()+1,MATCH("건축년도",'04A_국토부원자료'!$A$4:$T$4,0)),",","")),"") | L59: =IFERROR(INDEX('04A_국토부원자료'!$A:$T,ROW()+1,MATCH("도로명",'04A_국토부원자료'!$A$4:$T$4,0)),"") | M59: =IFERROR(INDEX('04A_국토부원자료'!$A:$T,ROW()+1,MATCH("거래유형",'04A_국토부원자료'!$A$4:$T$4,0)),"") | N59: =IF(B59="","",IF('02_대상물건입력'!B5="",1,IF(ISNUMBER(SEARCH('02_대상물건입력'!B5,B59)),1,0))) | O59: =IF(B59="","",IF('02_대상물건입력'!B6="",1,IF(ISNUMBER(SEARCH('02_대상물건입력'!B6,B59)),1,0))) | P59: =IF(L59="","",IF('02_대상물건입력'!B15="",0,IF(ISNUMBER(SEARCH('02_대상물건입력'!B15,L59)),1,0))) | Q59: =IF(OR(C59="",L59=""),0,IF(AND(TRIM(C59)=TRIM(RIGHT(SUBSTITUTE(TRIM('02_대상물건입력'!$B$7)," ",REPT(" ",99)),99)),IF('02_대상물건입력'!B15="",TRUE(),ISNUMBER(SEARCH('02_대상물건입력'!B15,L59)))),1,0)) | R59: =IFERROR(ABS(E59-'02_대상물건입력'!B11)/'02_대상물건입력'!B11,"") | S59: =IFERROR(ABS(J59-'02_대상물건입력'!B10),"") | T59: =IFERROR(ABS('01_설정'!B4-F59),"") | U59: =IFERROR(ABS(K59-YEAR('02_대상물건입력'!B14)),"") | V59: =IF(B59="","",IF(AND(E59>0,F59>0,H59>0,OR(IFERROR(INDEX('04A_국토부원자료'!$A:$T,ROW()+1,MATCH("해제사유발생일",'04A_국토부원자료'!$A$4:$T$4,0)),"")="",IFERROR(INDEX('04A_국토부원자료'!$A:$T,ROW()+1,MATCH("해제사유발생일",'04A_국토부원자료'!$A$4:$T$4,0)),"")="-"),IF('01_설정'!B10=1,N59=1,TRUE()),R59<='01_설정'!B5,S59<='01_설정'!B6,T59<='01_설정'!B7,U59<='01_설정'!B8),"Y","")) | W59: =IF(V59<>"Y","",MAX(0,(1-R59/'01_설정'!B5))*'01_설정'!B14+MAX(0,(1-S59/'01_설정'!B6))*'01_설정'!B15+MAX(0,(1-T59/'01_설정'!B7))*'01_설정'!B16+MAX(0,(1-U59/'01_설정'!B8))*'01_설정'!B17+O59*'01_설정'!B11+Q59*'01_설정'!B12+P59*'01_설정'!B13+IF(Z59="",0,Z59)) | X59: =IF(W59="","",1+COUNTIFS($W$4:$W$3003,">"&W59)+COUNTIFS($W$4:W59,W59)-1) | Y59: =IF(OR(I59="",'02_대상물건입력'!B19="",'02_대상물건입력'!B19<=0),"",ABS(I59-'02_대상물건입력'!B19)/'02_대상물건입력'!B19) | Z59: =IF(OR(Y59="",'01_설정'!B31="",'01_설정'!B31<=0,'01_설정'!B32="",'01_설정'!B32<=0),"",MAX(0,(1-Y59/'01_설정'!B32))*'01_설정'!B31)
A60: =IF(INDEX('04A_국토부원자료'!$A:$A,ROW()+1)="","",ROW()-3) | B60: =IFERROR(INDEX('04A_국토부원자료'!$A:$T,ROW()+1,MATCH("시군구",'04A_국토부원자료'!$A$4:$T$4,0)),"") | C60: =IF(B60="","",IFERROR(INDEX('04A_국토부원자료'!$A:$T,ROW()+1,MATCH("번지",'04A_국토부원자료'!$A$4:$T$4,0)),"")) | D60: =IF(B60="","",IF(Q60=1,'02_대상물건입력'!$B$8,IFERROR(INDEX('04A_국토부원자료'!$A:$T,ROW()+1,MATCH("단지명",'04A_국토부원자료'!$A$4:$T$4,0)),""))) | E60: =IFERROR(VALUE(SUBSTITUTE(INDEX('04A_국토부원자료'!$A:$T,ROW()+1,MATCH("전용면적(㎡)",'04A_국토부원자료'!$A$4:$T$4,0)),",","")),"") | F60: =IFERROR(IF(AND(INDEX('04A_국토부원자료'!$A:$T,ROW()+1,MATCH("계약년월",'04A_국토부원자료'!$A$4:$T$4,0))<>"",INDEX('04A_국토부원자료'!$A:$T,ROW()+1,MATCH("계약일",'04A_국토부원자료'!$A$4:$T$4,0))<>""),DATE(INT(VALUE(SUBSTITUTE(INDEX('04A_국토부원자료'!$A:$T,ROW()+1,MATCH("계약년월",'04A_국토부원자료'!$A$4:$T$4,0)),",",""))/100),MOD(VALUE(SUBSTITUTE(INDEX('04A_국토부원자료'!$A:$T,ROW()+1,MATCH("계약년월",'04A_국토부원자료'!$A$4:$T$4,0)),",","")),100),VALUE(SUBSTITUTE(INDEX('04A_국토부원자료'!$A:$T,ROW()+1,MATCH("계약일",'04A_국토부원자료'!$A$4:$T$4,0)),",",""))),""),"") | G60: =IFERROR(VALUE(SUBSTITUTE(INDEX('04A_국토부원자료'!$A:$T,ROW()+1,MATCH("거래금액(만원)",'04A_국토부원자료'!$A$4:$T$4,0)),",","")),"") | H60: =IF(G60="","",G60*10000) | I60: =IFERROR(IF(AND(H60>0,E60>0),H60/E60,""),"") | J60: =IFERROR(VALUE(SUBSTITUTE(INDEX('04A_국토부원자료'!$A:$T,ROW()+1,MATCH("층",'04A_국토부원자료'!$A$4:$T$4,0)),",","")),"") | K60: =IFERROR(VALUE(SUBSTITUTE(INDEX('04A_국토부원자료'!$A:$T,ROW()+1,MATCH("건축년도",'04A_국토부원자료'!$A$4:$T$4,0)),",","")),"") | L60: =IFERROR(INDEX('04A_국토부원자료'!$A:$T,ROW()+1,MATCH("도로명",'04A_국토부원자료'!$A$4:$T$4,0)),"") | M60: =IFERROR(INDEX('04A_국토부원자료'!$A:$T,ROW()+1,MATCH("거래유형",'04A_국토부원자료'!$A$4:$T$4,0)),"") | N60: =IF(B60="","",IF('02_대상물건입력'!B5="",1,IF(ISNUMBER(SEARCH('02_대상물건입력'!B5,B60)),1,0))) | O60: =IF(B60="","",IF('02_대상물건입력'!B6="",1,IF(ISNUMBER(SEARCH('02_대상물건입력'!B6,B60)),1,0))) | P60: =IF(L60="","",IF('02_대상물건입력'!B15="",0,IF(ISNUMBER(SEARCH('02_대상물건입력'!B15,L60)),1,0))) | Q60: =IF(OR(C60="",L60=""),0,IF(AND(TRIM(C60)=TRIM(RIGHT(SUBSTITUTE(TRIM('02_대상물건입력'!$B$7)," ",REPT(" ",99)),99)),IF('02_대상물건입력'!B15="",TRUE(),ISNUMBER(SEARCH('02_대상물건입력'!B15,L60)))),1,0)) | R60: =IFERROR(ABS(E60-'02_대상물건입력'!B11)/'02_대상물건입력'!B11,"") | S60: =IFERROR(ABS(J60-'02_대상물건입력'!B10),"") | T60: =IFERROR(ABS('01_설정'!B4-F60),"") | U60: =IFERROR(ABS(K60-YEAR('02_대상물건입력'!B14)),"") | V60: =IF(B60="","",IF(AND(E60>0,F60>0,H60>0,OR(IFERROR(INDEX('04A_국토부원자료'!$A:$T,ROW()+1,MATCH("해제사유발생일",'04A_국토부원자료'!$A$4:$T$4,0)),"")="",IFERROR(INDEX('04A_국토부원자료'!$A:$T,ROW()+1,MATCH("해제사유발생일",'04A_국토부원자료'!$A$4:$T$4,0)),"")="-"),IF('01_설정'!B10=1,N60=1,TRUE()),R60<='01_설정'!B5,S60<='01_설정'!B6,T60<='01_설정'!B7,U60<='01_설정'!B8),"Y","")) | W60: =IF(V60<>"Y","",MAX(0,(1-R60/'01_설정'!B5))*'01_설정'!B14+MAX(0,(1-S60/'01_설정'!B6))*'01_설정'!B15+MAX(0,(1-T60/'01_설정'!B7))*'01_설정'!B16+MAX(0,(1-U60/'01_설정'!B8))*'01_설정'!B17+O60*'01_설정'!B11+Q60*'01_설정'!B12+P60*'01_설정'!B13+IF(Z60="",0,Z60)) | X60: =IF(W60="","",1+COUNTIFS($W$4:$W$3003,">"&W60)+COUNTIFS($W$4:W60,W60)-1) | Y60: =IF(OR(I60="",'02_대상물건입력'!B19="",'02_대상물건입력'!B19<=0),"",ABS(I60-'02_대상물건입력'!B19)/'02_대상물건입력'!B19) | Z60: =IF(OR(Y60="",'01_설정'!B31="",'01_설정'!B31<=0,'01_설정'!B32="",'01_설정'!B32<=0),"",MAX(0,(1-Y60/'01_설정'!B32))*'01_설정'!B31)
A61: =IF(INDEX('04A_국토부원자료'!$A:$A,ROW()+1)="","",ROW()-3) | B61: =IFERROR(INDEX('04A_국토부원자료'!$A:$T,ROW()+1,MATCH("시군구",'04A_국토부원자료'!$A$4:$T$4,0)),"") | C61: =IF(B61="","",IFERROR(INDEX('04A_국토부원자료'!$A:$T,ROW()+1,MATCH("번지",'04A_국토부원자료'!$A$4:$T$4,0)),"")) | D61: =IF(B61="","",IF(Q61=1,'02_대상물건입력'!$B$8,IFERROR(INDEX('04A_국토부원자료'!$A:$T,ROW()+1,MATCH("단지명",'04A_국토부원자료'!$A$4:$T$4,0)),""))) | E61: =IFERROR(VALUE(SUBSTITUTE(INDEX('04A_국토부원자료'!$A:$T,ROW()+1,MATCH("전용면적(㎡)",'04A_국토부원자료'!$A$4:$T$4,0)),",","")),"") | F61: =IFERROR(IF(AND(INDEX('04A_국토부원자료'!$A:$T,ROW()+1,MATCH("계약년월",'04A_국토부원자료'!$A$4:$T$4,0))<>"",INDEX('04A_국토부원자료'!$A:$T,ROW()+1,MATCH("계약일",'04A_국토부원자료'!$A$4:$T$4,0))<>""),DATE(INT(VALUE(SUBSTITUTE(INDEX('04A_국토부원자료'!$A:$T,ROW()+1,MATCH("계약년월",'04A_국토부원자료'!$A$4:$T$4,0)),",",""))/100),MOD(VALUE(SUBSTITUTE(INDEX('04A_국토부원자료'!$A:$T,ROW()+1,MATCH("계약년월",'04A_국토부원자료'!$A$4:$T$4,0)),",","")),100),VALUE(SUBSTITUTE(INDEX('04A_국토부원자료'!$A:$T,ROW()+1,MATCH("계약일",'04A_국토부원자료'!$A$4:$T$4,0)),",",""))),""),"") | G61: =IFERROR(VALUE(SUBSTITUTE(INDEX('04A_국토부원자료'!$A:$T,ROW()+1,MATCH("거래금액(만원)",'04A_국토부원자료'!$A$4:$T$4,0)),",","")),"") | H61: =IF(G61="","",G61*10000) | I61: =IFERROR(IF(AND(H61>0,E61>0),H61/E61,""),"") | J61: =IFERROR(VALUE(SUBSTITUTE(INDEX('04A_국토부원자료'!$A:$T,ROW()+1,MATCH("층",'04A_국토부원자료'!$A$4:$T$4,0)),",","")),"") | K61: =IFERROR(VALUE(SUBSTITUTE(INDEX('04A_국토부원자료'!$A:$T,ROW()+1,MATCH("건축년도",'04A_국토부원자료'!$A$4:$T$4,0)),",","")),"") | L61: =IFERROR(INDEX('04A_국토부원자료'!$A:$T,ROW()+1,MATCH("도로명",'04A_국토부원자료'!$A$4:$T$4,0)),"") | M61: =IFERROR(INDEX('04A_국토부원자료'!$A:$T,ROW()+1,MATCH("거래유형",'04A_국토부원자료'!$A$4:$T$4,0)),"") | N61: =IF(B61="","",IF('02_대상물건입력'!B5="",1,IF(ISNUMBER(SEARCH('02_대상물건입력'!B5,B61)),1,0))) | O61: =IF(B61="","",IF('02_대상물건입력'!B6="",1,IF(ISNUMBER(SEARCH('02_대상물건입력'!B6,B61)),1,0))) | P61: =IF(L61="","",IF('02_대상물건입력'!B15="",0,IF(ISNUMBER(SEARCH('02_대상물건입력'!B15,L61)),1,0))) | Q61: =IF(OR(C61="",L61=""),0,IF(AND(TRIM(C61)=TRIM(RIGHT(SUBSTITUTE(TRIM('02_대상물건입력'!$B$7)," ",REPT(" ",99)),99)),IF('02_대상물건입력'!B15="",TRUE(),ISNUMBER(SEARCH('02_대상물건입력'!B15,L61)))),1,0)) | R61: =IFERROR(ABS(E61-'02_대상물건입력'!B11)/'02_대상물건입력'!B11,"") | S61: =IFERROR(ABS(J61-'02_대상물건입력'!B10),"") | T61: =IFERROR(ABS('01_설정'!B4-F61),"") | U61: =IFERROR(ABS(K61-YEAR('02_대상물건입력'!B14)),"") | V61: =IF(B61="","",IF(AND(E61>0,F61>0,H61>0,OR(IFERROR(INDEX('04A_국토부원자료'!$A:$T,ROW()+1,MATCH("해제사유발생일",'04A_국토부원자료'!$A$4:$T$4,0)),"")="",IFERROR(INDEX('04A_국토부원자료'!$A:$T,ROW()+1,MATCH("해제사유발생일",'04A_국토부원자료'!$A$4:$T$4,0)),"")="-"),IF('01_설정'!B10=1,N61=1,TRUE()),R61<='01_설정'!B5,S61<='01_설정'!B6,T61<='01_설정'!B7,U61<='01_설정'!B8),"Y","")) | W61: =IF(V61<>"Y","",MAX(0,(1-R61/'01_설정'!B5))*'01_설정'!B14+MAX(0,(1-S61/'01_설정'!B6))*'01_설정'!B15+MAX(0,(1-T61/'01_설정'!B7))*'01_설정'!B16+MAX(0,(1-U61/'01_설정'!B8))*'01_설정'!B17+O61*'01_설정'!B11+Q61*'01_설정'!B12+P61*'01_설정'!B13+IF(Z61="",0,Z61)) | X61: =IF(W61="","",1+COUNTIFS($W$4:$W$3003,">"&W61)+COUNTIFS($W$4:W61,W61)-1) | Y61: =IF(OR(I61="",'02_대상물건입력'!B19="",'02_대상물건입력'!B19<=0),"",ABS(I61-'02_대상물건입력'!B19)/'02_대상물건입력'!B19) | Z61: =IF(OR(Y61="",'01_설정'!B31="",'01_설정'!B31<=0,'01_설정'!B32="",'01_설정'!B32<=0),"",MAX(0,(1-Y61/'01_설정'!B32))*'01_설정'!B31)
A62: =IF(INDEX('04A_국토부원자료'!$A:$A,ROW()+1)="","",ROW()-3) | B62: =IFERROR(INDEX('04A_국토부원자료'!$A:$T,ROW()+1,MATCH("시군구",'04A_국토부원자료'!$A$4:$T$4,0)),"") | C62: =IF(B62="","",IFERROR(INDEX('04A_국토부원자료'!$A:$T,ROW()+1,MATCH("번지",'04A_국토부원자료'!$A$4:$T$4,0)),"")) | D62: =IF(B62="","",IF(Q62=1,'02_대상물건입력'!$B$8,IFERROR(INDEX('04A_국토부원자료'!$A:$T,ROW()+1,MATCH("단지명",'04A_국토부원자료'!$A$4:$T$4,0)),""))) | E62: =IFERROR(VALUE(SUBSTITUTE(INDEX('04A_국토부원자료'!$A:$T,ROW()+1,MATCH("전용면적(㎡)",'04A_국토부원자료'!$A$4:$T$4,0)),",","")),"") | F62: =IFERROR(IF(AND(INDEX('04A_국토부원자료'!$A:$T,ROW()+1,MATCH("계약년월",'04A_국토부원자료'!$A$4:$T$4,0))<>"",INDEX('04A_국토부원자료'!$A:$T,ROW()+1,MATCH("계약일",'04A_국토부원자료'!$A$4:$T$4,0))<>""),DATE(INT(VALUE(SUBSTITUTE(INDEX('04A_국토부원자료'!$A:$T,ROW()+1,MATCH("계약년월",'04A_국토부원자료'!$A$4:$T$4,0)),",",""))/100),MOD(VALUE(SUBSTITUTE(INDEX('04A_국토부원자료'!$A:$T,ROW()+1,MATCH("계약년월",'04A_국토부원자료'!$A$4:$T$4,0)),",","")),100),VALUE(SUBSTITUTE(INDEX('04A_국토부원자료'!$A:$T,ROW()+1,MATCH("계약일",'04A_국토부원자료'!$A$4:$T$4,0)),",",""))),""),"") | G62: =IFERROR(VALUE(SUBSTITUTE(INDEX('04A_국토부원자료'!$A:$T,ROW()+1,MATCH("거래금액(만원)",'04A_국토부원자료'!$A$4:$T$4,0)),",","")),"") | H62: =IF(G62="","",G62*10000) | I62: =IFERROR(IF(AND(H62>0,E62>0),H62/E62,""),"") | J62: =IFERROR(VALUE(SUBSTITUTE(INDEX('04A_국토부원자료'!$A:$T,ROW()+1,MATCH("층",'04A_국토부원자료'!$A$4:$T$4,0)),",","")),"") | K62: =IFERROR(VALUE(SUBSTITUTE(INDEX('04A_국토부원자료'!$A:$T,ROW()+1,MATCH("건축년도",'04A_국토부원자료'!$A$4:$T$4,0)),",","")),"") | L62: =IFERROR(INDEX('04A_국토부원자료'!$A:$T,ROW()+1,MATCH("도로명",'04A_국토부원자료'!$A$4:$T$4,0)),"") | M62: =IFERROR(INDEX('04A_국토부원자료'!$A:$T,ROW()+1,MATCH("거래유형",'04A_국토부원자료'!$A$4:$T$4,0)),"") | N62: =IF(B62="","",IF('02_대상물건입력'!B5="",1,IF(ISNUMBER(SEARCH('02_대상물건입력'!B5,B62)),1,0))) | O62: =IF(B62="","",IF('02_대상물건입력'!B6="",1,IF(ISNUMBER(SEARCH('02_대상물건입력'!B6,B62)),1,0))) | P62: =IF(L62="","",IF('02_대상물건입력'!B15="",0,IF(ISNUMBER(SEARCH('02_대상물건입력'!B15,L62)),1,0))) | Q62: =IF(OR(C62="",L62=""),0,IF(AND(TRIM(C62)=TRIM(RIGHT(SUBSTITUTE(TRIM('02_대상물건입력'!$B$7)," ",REPT(" ",99)),99)),IF('02_대상물건입력'!B15="",TRUE(),ISNUMBER(SEARCH('02_대상물건입력'!B15,L62)))),1,0)) | R62: =IFERROR(ABS(E62-'02_대상물건입력'!B11)/'02_대상물건입력'!B11,"") | S62: =IFERROR(ABS(J62-'02_대상물건입력'!B10),"") | T62: =IFERROR(ABS('01_설정'!B4-F62),"") | U62: =IFERROR(ABS(K62-YEAR('02_대상물건입력'!B14)),"") | V62: =IF(B62="","",IF(AND(E62>0,F62>0,H62>0,OR(IFERROR(INDEX('04A_국토부원자료'!$A:$T,ROW()+1,MATCH("해제사유발생일",'04A_국토부원자료'!$A$4:$T$4,0)),"")="",IFERROR(INDEX('04A_국토부원자료'!$A:$T,ROW()+1,MATCH("해제사유발생일",'04A_국토부원자료'!$A$4:$T$4,0)),"")="-"),IF('01_설정'!B10=1,N62=1,TRUE()),R62<='01_설정'!B5,S62<='01_설정'!B6,T62<='01_설정'!B7,U62<='01_설정'!B8),"Y","")) | W62: =IF(V62<>"Y","",MAX(0,(1-R62/'01_설정'!B5))*'01_설정'!B14+MAX(0,(1-S62/'01_설정'!B6))*'01_설정'!B15+MAX(0,(1-T62/'01_설정'!B7))*'01_설정'!B16+MAX(0,(1-U62/'01_설정'!B8))*'01_설정'!B17+O62*'01_설정'!B11+Q62*'01_설정'!B12+P62*'01_설정'!B13+IF(Z62="",0,Z62)) | X62: =IF(W62="","",1+COUNTIFS($W$4:$W$3003,">"&W62)+COUNTIFS($W$4:W62,W62)-1) | Y62: =IF(OR(I62="",'02_대상물건입력'!B19="",'02_대상물건입력'!B19<=0),"",ABS(I62-'02_대상물건입력'!B19)/'02_대상물건입력'!B19) | Z62: =IF(OR(Y62="",'01_설정'!B31="",'01_설정'!B31<=0,'01_설정'!B32="",'01_설정'!B32<=0),"",MAX(0,(1-Y62/'01_설정'!B32))*'01_설정'!B31)
A63: =IF(INDEX('04A_국토부원자료'!$A:$A,ROW()+1)="","",ROW()-3) | B63: =IFERROR(INDEX('04A_국토부원자료'!$A:$T,ROW()+1,MATCH("시군구",'04A_국토부원자료'!$A$4:$T$4,0)),"") | C63: =IF(B63="","",IFERROR(INDEX('04A_국토부원자료'!$A:$T,ROW()+1,MATCH("번지",'04A_국토부원자료'!$A$4:$T$4,0)),"")) | D63: =IF(B63="","",IF(Q63=1,'02_대상물건입력'!$B$8,IFERROR(INDEX('04A_국토부원자료'!$A:$T,ROW()+1,MATCH("단지명",'04A_국토부원자료'!$A$4:$T$4,0)),""))) | E63: =IFERROR(VALUE(SUBSTITUTE(INDEX('04A_국토부원자료'!$A:$T,ROW()+1,MATCH("전용면적(㎡)",'04A_국토부원자료'!$A$4:$T$4,0)),",","")),"") | F63: =IFERROR(IF(AND(INDEX('04A_국토부원자료'!$A:$T,ROW()+1,MATCH("계약년월",'04A_국토부원자료'!$A$4:$T$4,0))<>"",INDEX('04A_국토부원자료'!$A:$T,ROW()+1,MATCH("계약일",'04A_국토부원자료'!$A$4:$T$4,0))<>""),DATE(INT(VALUE(SUBSTITUTE(INDEX('04A_국토부원자료'!$A:$T,ROW()+1,MATCH("계약년월",'04A_국토부원자료'!$A$4:$T$4,0)),",",""))/100),MOD(VALUE(SUBSTITUTE(INDEX('04A_국토부원자료'!$A:$T,ROW()+1,MATCH("계약년월",'04A_국토부원자료'!$A$4:$T$4,0)),",","")),100),VALUE(SUBSTITUTE(INDEX('04A_국토부원자료'!$A:$T,ROW()+1,MATCH("계약일",'04A_국토부원자료'!$A$4:$T$4,0)),",",""))),""),"") | G63: =IFERROR(VALUE(SUBSTITUTE(INDEX('04A_국토부원자료'!$A:$T,ROW()+1,MATCH("거래금액(만원)",'04A_국토부원자료'!$A$4:$T$4,0)),",","")),"") | H63: =IF(G63="","",G63*10000) | I63: =IFERROR(IF(AND(H63>0,E63>0),H63/E63,""),"") | J63: =IFERROR(VALUE(SUBSTITUTE(INDEX('04A_국토부원자료'!$A:$T,ROW()+1,MATCH("층",'04A_국토부원자료'!$A$4:$T$4,0)),",","")),"") | K63: =IFERROR(VALUE(SUBSTITUTE(INDEX('04A_국토부원자료'!$A:$T,ROW()+1,MATCH("건축년도",'04A_국토부원자료'!$A$4:$T$4,0)),",","")),"") | L63: =IFERROR(INDEX('04A_국토부원자료'!$A:$T,ROW()+1,MATCH("도로명",'04A_국토부원자료'!$A$4:$T$4,0)),"") | M63: =IFERROR(INDEX('04A_국토부원자료'!$A:$T,ROW()+1,MATCH("거래유형",'04A_국토부원자료'!$A$4:$T$4,0)),"") | N63: =IF(B63="","",IF('02_대상물건입력'!B5="",1,IF(ISNUMBER(SEARCH('02_대상물건입력'!B5,B63)),1,0))) | O63: =IF(B63="","",IF('02_대상물건입력'!B6="",1,IF(ISNUMBER(SEARCH('02_대상물건입력'!B6,B63)),1,0))) | P63: =IF(L63="","",IF('02_대상물건입력'!B15="",0,IF(ISNUMBER(SEARCH('02_대상물건입력'!B15,L63)),1,0))) | Q63: =IF(OR(C63="",L63=""),0,IF(AND(TRIM(C63)=TRIM(RIGHT(SUBSTITUTE(TRIM('02_대상물건입력'!$B$7)," ",REPT(" ",99)),99)),IF('02_대상물건입력'!B15="",TRUE(),ISNUMBER(SEARCH('02_대상물건입력'!B15,L63)))),1,0)) | R63: =IFERROR(ABS(E63-'02_대상물건입력'!B11)/'02_대상물건입력'!B11,"") | S63: =IFERROR(ABS(J63-'02_대상물건입력'!B10),"") | T63: =IFERROR(ABS('01_설정'!B4-F63),"") | U63: =IFERROR(ABS(K63-YEAR('02_대상물건입력'!B14)),"") | V63: =IF(B63="","",IF(AND(E63>0,F63>0,H63>0,OR(IFERROR(INDEX('04A_국토부원자료'!$A:$T,ROW()+1,MATCH("해제사유발생일",'04A_국토부원자료'!$A$4:$T$4,0)),"")="",IFERROR(INDEX('04A_국토부원자료'!$A:$T,ROW()+1,MATCH("해제사유발생일",'04A_국토부원자료'!$A$4:$T$4,0)),"")="-"),IF('01_설정'!B10=1,N63=1,TRUE()),R63<='01_설정'!B5,S63<='01_설정'!B6,T63<='01_설정'!B7,U63<='01_설정'!B8),"Y","")) | W63: =IF(V63<>"Y","",MAX(0,(1-R63/'01_설정'!B5))*'01_설정'!B14+MAX(0,(1-S63/'01_설정'!B6))*'01_설정'!B15+MAX(0,(1-T63/'01_설정'!B7))*'01_설정'!B16+MAX(0,(1-U63/'01_설정'!B8))*'01_설정'!B17+O63*'01_설정'!B11+Q63*'01_설정'!B12+P63*'01_설정'!B13+IF(Z63="",0,Z63)) | X63: =IF(W63="","",1+COUNTIFS($W$4:$W$3003,">"&W63)+COUNTIFS($W$4:W63,W63)-1) | Y63: =IF(OR(I63="",'02_대상물건입력'!B19="",'02_대상물건입력'!B19<=0),"",ABS(I63-'02_대상물건입력'!B19)/'02_대상물건입력'!B19) | Z63: =IF(OR(Y63="",'01_설정'!B31="",'01_설정'!B31<=0,'01_설정'!B32="",'01_설정'!B32<=0),"",MAX(0,(1-Y63/'01_설정'!B32))*'01_설정'!B31)
