Workbook
Name 연율: '01_설정'!$B$19

Sheet 00_사용설명서
A1: 집합건물 자동평가 엑셀 템플릿 (국토부 실거래가 → 자동선정 → 요인보정 → 건물/대지권 배분)
A3: 목적 | B3: 국토부 실거래가 자료를 복사/붙여넣기 하면 유사 거래사례를 자동으로 필터링하고, 개별요인 보정 후 집합건물의 총가치·대지권가격·건물가격을 산출하는 템플릿
A5: 사용 순서
A6: 1 | B6: 1) 01_설정 시트에서 기준시점·허용오차·대지권/건물 배분용 원가 가정을 확인합니다.
A7: 2 | B7: 2) 02_대상물건입력 시트에서 시군구/법정동/건물명/전유면적/대지권면적/층/사용승인일자 등을 입력합니다.
A8: 3 | B8: 3) 04A_국토부원자료 시트의 5행부터 국토부 실거래가 원문 데이터를 붙여넣습니다. 헤더는 4행의 고정 형식을 그대로 사용합니다.
A9: 4 | B9: 4) 04B_정규화_자동필터 시트에서 1차 필터 통과 여부와 유사도 순위를 자동 산정합니다.
A10: 5 | B10: 5) 05_자동선정_유사도 시트에서 상위 사례를 확인합니다.
A11: 6 | B11: 6) 06_요인비교_보정 시트에서 사정보정/기타요인 Override가 필요한 경우만 입력합니다. 나머지는 자동값을 사용합니다.
A12: 7 | B12: 7) 07_대지권_건물배분 시트에서 총가치, 대지권가격, 건물가격을 확인합니다.
A13: 8 | B13: 8) 08_평가결론 시트에서 보고용 요약값을 확인합니다.
A16: 붙여넣기 데이터 형식 (04A_국토부원자료 / 4행 헤더 고정)
A17: A:NO
A18: B:시군구
A19: C:번지
A20: D:본번
A21: E:부번
A22: F:단지명
A23: G:전용면적(㎡)
A24: H:계약년월
A25: I:계약일
A26: J:거래금액(만원)
A27: K:층
... A39: 실거래가 원문 헤더는 현재 템플릿의 4행 형식에 맞춰 고정되어 있으므로, 5행부터 값만 붙여넣으면 됩니다.

Sheet 01_설정
A1: 설정 및 통제변수
A3: 항목 | B3: 값 | C3: 설명
A4: 기준시점 | B4: 46112 | C4: 대상물건 평가 기준시점
A5: 면적 허용오차 | B5: 0.25 | C5: 전유면적 차율 허용범위
A6: 층 허용차이 | B6: 5 | C6: 층차 허용범위
A7: 최대 경과일수 | B7: 1095 | C7: 계약일~기준시점 허용일수
A8: 건축연차 허용차이 | B8: 10 | C8: 건축년도 차이 허용범위
A9: 상위 반영 건수 | B9: 10 | C9: 요인보정에 반영할 비교사례 수
A10: 동일 시군구 필수 | B10: 0 | C10: 1이면 대상 시군구 키워드 포함 사례만 반영
A11: 동일 법정동 가점 | B11: 15 | C11: 법정동 일치 시 가점
A12: 동일건물 가점 | B12: 15 | C12: 건물명 유사 시 가점
A13: 동일도로명 가점 | B13: 8 | C13: 도로명 일치 시 가점
A14: 면적점수 가중치 | B14: 22 | C14: 유사도 배점
A15: 층점수 가중치 | B15: 12 | C15: 유사도 배점
... A30: 최대 토지비율 | B30: 0.8 | C30: 배분비율 상한

Sheet 02_대상물건입력
A1: 대상물건 입력
A3: 항목 | B3: 입력값 | C3: 설명 | D3: 비고
A4: 평가서명 | B4: 서울 송파구 가락동 99 아스티캐빈 1205호 감정평가 | C4: 입력
A5: 시군구 키워드 | B5: 서울특별시 송파구 | C5: 자동필터용 | D5: 예: 서울특별시 송파구
A6: 법정동 키워드 | B6: 가락동 | C6: 자동필터용 | D6: 예: 가락동
A7: 소재지 | B7: 서울특별시 송파구 가락동 99 | C7: 입력
A8: 건물명 | B8: 아스티캐빈 | C8: 입력
A9: 동·호 | B9: 제1동 1205호 | C9: 입력
A10: 층 | B10: 12 | C10: 입력
A11: 전유면적(㎡) | B11: 27.2428 | C11: 입력
A12: 공용면적(㎡) | B12: 17.3296 | C12: 입력
A13: 대지권면적(㎡) | B13: 4.2477 | C13: 입력
A14: 사용승인일자 | B14: 46049 | C14: 입력
A15: 도로명 키워드 | B15: 송파대로 | C15: 자동필터용 | D15: 도로명 일부 가능
A16: 용도 | B16: 오피스텔 | C16: 입력
A17: 기타요인 계수 | B17: 1 | C17: 입력 | D17: 특이사항 있을 때만 조정
A18: 비고 | B18: 예시 데이터가 입력되어 있습니다. 실제 대상물건으로 덮어쓰면 전체 시트가 연동됩니다. | C18: 입력
A21: 자동 계산
A22: 건축년도 | B22: =IFERROR(YEAR(B14),"") -> 2026 | C22: 자동
A23: 분양면적(㎡) | B23: =IFERROR(B11+B12,"") -> 44.5724 | C23: 자동
A24: 전유율 | B24: =IFERROR(B11/B23,"") -> 0.61120335 | C24: 자동
A25: 대지권 기준금액(원) | B25: =IFERROR(B13*'01_설정'!B26,"") -> 27610050 | C25: 토지단가 × 대지권면적
A26: 건물 기준금액(원) | B26: =IFERROR(B11*'01_설정'!B27*'01_설정'!B28,"") -> 57209880 | C26: 재조달원가 × 전유면적 × 잔존율
A27: 원가기준 토지비율 | B27: =IFERROR(MIN(MAX(B25/(B25+B26),'01_설정'!B29),'01_설정'!B30),"") -> 0.32551371 | C27: 배분비율
A28: 원가기준 건물비율 | B28: =IFERROR(1-B27,"") -> 0.67448629 | C28: 배분비율

Sheet 03_가치형성요인기준
A1: 가치형성요인 기준표
A3: 자동 보정 로직(기본 프록시)
A4: 구분 | B4: 기준 | C4: 자동값 | D4: 설명 | E4: 실무 Override
A5: 사정보정 | B5: 특이 거래 여부 | C5: ='01_설정'!B18 -> 1 | D5: 기본 1.00, 특이 거래면 06시트에서 직접 수정 | E5: 06시트 G열
A6: 시점수정 | B6: 기준시점 대비 계약일 경과 | C6: =(1+연율)^(경과일수/365) | D6: 기준시점 이후로 환산 | E6: 보통 자동 사용
A7: 외부요인 | B7: 법정동/도로명 일치 여부 | C7: 동일 법정동이면 1.00, 타동이면 0.98, 동일도로명이면 +1.01 | D7: 역세권/상권 차이는 수동 검토 권장 | E7: 06시트 J열
A8: 내부요인 | B8: 동일건물/건축연차 | C8: 동일건물 1.02, 건축연차 우열 1.01 또는 0.99 | D8: 브랜드/세대수/관리상태는 수동 검토 권장 | E8: 06시트 L열
A9: 호별요인 | B9: 층차 | C9: 층이 높으면 0.99~0.98, 낮으면 1.01~1.02 | D9: 향·조망은 필요 시 Override | E9: 06시트 N열
A10: 기타요인 | B10: 특이 개별요인 | C10: ='02_대상물건입력'!B17 -> 1 | D10: 특별한 권리관계/리모델링 등 | E10: 06시트 P열
A11: 대지권/건물 배분 | B11: 원가배분 방식 | C11: 토지기준금액 / (토지기준금액 + 건물기준금액) | D11: 비율 하한/상한 적용 | E11: 01/07시트

Sheet 04A_국토부원자료
A1: 국토부 실거래가 원자료 붙여넣기
A2: ※ 5행부터 값만 붙여넣으세요. 4행 헤더는 NO, 시군구, 번지, 본번, 부번, 단지명, 전용면적(㎡), 계약년월, 계약일, 거래금액(만원), 층, 매수자, 매도자, 건축년도, 도로명, 해제사유발생일, 거래유형, 중개사소재지 순서입니다.
A4: NO | B4: 시군구 | C4: 번지 | D4: 본번 | E4: 부번 | F4: 단지명 | G4: 전용면적(㎡) | H4: 계약년월 | I4: 계약일 | J4: 거래금액(만원) | K4: 층 | L4: 매수자 | M4: 매도자 | N4: 건축년도 | O4: 도로명 | P4: 해제사유발생일 | Q4: 거래유형 | R4: 중개사소재지
A5: 1 | B5: 서울특별시 송파구 가락동 | C5: 98-7 | D5: 0098 | E5: 0007 | F5: (98-7) | G5: 27.8400 | H5: 202603 | I5: 10 | J5: 10,500 | K5: 4 | L5: 개인 | M5: 개인 | N5: 1990 | O5: 송파대로28길 13 | P5: - | Q5: 중개거래 | R5: 서울 도봉구, 서울 송파구
A6: 2 | B6: 서울특별시 송파구 가락동 | C6: 98-7 | D6: 0098 | E6: 0007 | F6: (98-7) | G6: 27.8400 | H6: 202602 | I6: 20 | J6: 10,300 | K6: 4 | L6: 개인 | M6: 개인 | N6: 1990 | O6: 송파대로28길 13 | P6: - | Q6: 중개거래 | R6: 서울 도봉구, 서울 송파구
A7: 3 | B7: 서울특별시 송파구 가락동 | C7: 99-3 | D7: 0099 | E7: 0003 | F7: 제일오피스텔 | G7: 31.1400 | H7: 202602 | I7: 04 | J7: 20,800 | K7: 8 | L7: 법인 | M7: 개인 | N7: 1992 | O7: 송파대로 260 | P7: - | Q7: 중개거래 | R7: 서울 송파구
A8: 4 | B8: 서울특별시 송파구 가락동 | C8: 79-7 | D8: 0079 | E8: 0007 | F8: (79-7) | G8: 29.5200 | H8: 202601 | I8: 28 | J8: 12,500 | K8: 10 | L8: 개인 | M8: 개인 | N8: 1990 | O8: 송파대로28길 32 | P8: - | Q8: 중개거래 | R8: 서울 송파구
A9: 5 | B9: 서울특별시 송파구 가락동 | C9: 79-7 | D9: 0079 | E9: 0007 | F9: (79-7) | G9: 29.5200 | H9: 202601 | I9: 28 | J9: 13,000 | K9: 2 | L9: 개인 | M9: 개인 | N9: 1990 | O9: 송파대로28길 32 | P9: - | Q9: 직거래 | R9: -
A10: 6 | B10: 서울특별시 송파구 가락동 | C10: 79-7 | D10: 0079 | E10: 0007 | F10: (79-7) | G10: 29.5200 | H10: 202601 | I10: 28 | J10: 12,500 | K10: 10 | L10: 개인 | M10: 개인 | N10: 1990 | O10: 송파대로28길 32 | P10: - | Q10: 중개거래 | R10: 서울 송파구
A11: 7 | B11: 서울특별시 송파구 가락동 | C11: 171 | D11: 0171 | E11: 0000 | F11: 현진타워 | G11: 42.3200 | H11: 202601 | I11: 26 | J11: 32,000 | K11: 5 | L11: 개인 | M11: 개인 | N11: 2015 | O11: 오금로44가길 13 | P11: - | Q11: 중개거래 | R11: 서울 송파구
A12: 8 | B12: 서울특별시 송파구 가락동 | C12: 78-1 | D12: 0078 | E12: 0001 | F12: 한화오벨리스크 | G12: 30.3400 | H12: 202601 | I12: 26 | J12: 18,000 | K12: 11 | L12: 개인 | M12: 개인 | N12: 2004 | O12: 중대로 127 | P12: - | Q12: 중개거래 | R12: 서울 송파구
A13: 9 | B13: 서울특별시 송파구 가락동 | C13: 171 | D13: 0171 | E13: 0000 | F13: 현진타워 | G13: 42.1800 | H13: 202601 | I13: 24 | J13: 32,800 | K13: 5 | L13: 개인 | M13: 개인 | N13: 2015 | O13: 오금로44가길 13 | P13: - | Q13: 중개거래 | R13: 서울 송파구
A14: 10 | B14: 서울특별시 송파구 가락동 | C14: 98-7 | D14: 0098 | E14: 0007 | F14: (98-7) | G14: 35.2400 | H14: 202601 | I14: 22 | J14: 15,900 | K14: 4 | L14: 개인 | M14: 법인 | N14: 1990 | O14: 송파대로28길 13 | P14: - | Q14: 중개거래 | R14: 서울 도봉구, 서울 송파구
A15: 11 | B15: 서울특별시 송파구 가락동 | C15: 78-1 | D15: 0078 | E15: 0001 | F15: 한화오벨리스크 | G15: 37.9300 | H15: 202601 | I15: 19 | J15: 22,000 | K15: 12 | L15: 개인 | M15: 개인 | N15: 2004 | O15: 중대로 127 | P15: - | Q15: 중개거래 | R15: 서울 송파구
A16: 12 | B16: 서울특별시 송파구 가락동 | C16: 99-3 | D16: 0099 | E16: 0003 | F16: 제일오피스텔 | G16: 31.1400 | H16: 202601 | I16: 17 | J16: 19,000 | K16: 14 | L16: 개인 | M16: 개인 | N16: 1992 | O16: 송파대로 260 | P16: - | Q16: 중개거래 | R16: 서울 송파구
... A98: 94 | B98: 서울특별시 송파구 가락동 | C98: 77-4 | D98: 0077 | E98: 0004 | F98: 송파KCC웰츠타워 | G98: 39.4900 | H98: 202503 | I98: 21 | J98: 21,500 | K98: 7 | L98: 개인 | M98: 개인 | N98: 2011 | O98: 송파대로28길 43 | P98: - | Q98: 중개거래 | R98: 서울 송파구
A101: □ 본 서비스에서 제공하는 정보는 법적인 효력이 없으므로 참고용으로만 활용하시기 바랍니다.
A102: □ 신고정보가 실시간 변경, 해제되어 제공시점에 따라 공개건수 및 내용이 상이할 수 있는 점 참고하시기 바랍니다.
A103: □ 본 자료는 계약일 기준입니다. (※ 7월 계약, 8월 신고건 → 7월 거래건으로 제공)
A104: □ 통계자료 활용시에는 수치가 왜곡될 수 있으니 참고자료로만 활용하시기 바라며, 외부 공개시에는 반드시 신고일 기준으로 집계되는 공식통계를 이용하여 주시기 바랍니다.
A106: * 국토교통부 실거래가 공개시스템의 궁금하신 점이나 문의사항은 콜센터 1533-2949로 연락 주시기 바랍니다.
A108: □ 검색조건
A109: 계약일자 : 2025-03-17 ~ 2026-03-16 | E109: 실거래 구분 : 오피스텔(매매) | J109: 주소구분 : 지번 주소
A110: 시도 : 서울특별시 | E110: 시군구 : 송파구 | J110: 읍면동 : 문정동
A111: 단지명 : 전체 | E111: 면적 : 60㎡이하 | J111: 금액선택 : 전체
A113: NO | B113: 시군구 | C113: 번지 | D113: 본번 | E113: 부번 | F113: 단지명 | G113: 전용면적(㎡) | H113: 계약년월 | I113: 계약일 | J113: 거래금액(만원) | K113: 층 | L113: 매수자 | M113: 매도자 | N113: 건축년도 | O113: 도로명 | P113: 해제사유발생일 | Q113: 거래유형 | R113: 중개사소재지
A114: 1 | B114: 서울특별시 송파구 문정동 | C114: 622 | D114: 0622 | E114: 0000 | F114: 송파한화오벨리스크 | G114: 26.8200 | H114: 202603 | I114: 11 | J114: 18,000 | K114: 10 | L114: 개인 | M114: 개인 | N114: 2013 | O114: 충민로 5 | P114: - | Q114: 중개거래 | R114: 서울 송파구
A115: 2 | B115: 서울특별시 송파구 문정동 | C115: 622 | D115: 0622 | E115: 0000 | F115: 송파한화오벨리스크 | G115: 29.9900 | H115: 202603 | I115: 11 | J115: 21,100 | K115: 9 | L115: 개인 | M115: 법인 | N115: 2013 | O115: 충민로 5 | P115: - | Q115: 중개거래 | R115: 서울 송파구
A116: 3 | B116: 서울특별시 송파구 문정동 | C116: 622 | D116: 0622 | E116: 0000 | F116: 송파한화오벨리스크 | G116: 26.8200 | H116: 202603 | I116: 11 | J116: 18,000 | K116: 10 | L116: 개인 | M116: 개인 | N116: 2013 | O116: 충민로 5 | P116: 20260311 | Q116: 중개거래 | R116: 서울 송파구
A117: 4 | B117: 서울특별시 송파구 문정동 | C117: 622 | D117: 0622 | E117: 0000 | F117: 송파한화오벨리스크 | G117: 29.9900 | H117: 202603 | I117: 10 | J117: 21,100 | K117: 9 | L117: 개인 | M117: 법인 | N117: 2013 | O117: 충민로 5 | P117: 20260311 | Q117: 중개거래 | R117: 서울 송파구
A118: 5 | B118: 서울특별시 송파구 문정동 | C118: 618 | D118: 0618 | E118: 0000 | F118: 파크하비오 | G118: 59.7400 | H118: 202603 | I118: 10 | J118: 69,500 | K118: 15 | L118: 법인 | M118: 개인 | O118: 송파대로 111 | P118: - | Q118: 중개거래 | R118: 서울 송파구
A119: 6 | B119: 서울특별시 송파구 문정동 | C119: 639-5 | D119: 0639 | E119: 0005 | F119: 힐스테이트에코송파 | G119: 21.0640 | H119: 202603 | I119: 09 | J119: 15,500 | K119: 3 | L119: 개인 | M119: 개인 | N119: 2017 | O119: 정의로7길 13 | P119: - | Q119: 중개거래 | R119: 서울 송파구
A120: 7 | B120: 서울특별시 송파구 문정동 | C120: 652-3 | D120: 0652 | E120: 0003 | F120: 르피에드 문정 | G120: 44.8066 | H120: 202603 | I120: 09 | J120: 95,000 | K120: 5 | L120: 개인 | M120: 개인 | N120: 2022 | O120: 송파대로 141 | P120: - | Q120: 직거래 | R120: -
A121: 8 | B121: 서울특별시 송파구 문정동 | C121: 622 | D121: 0622 | E121: 0000 | F121: 송파한화오벨리스크 | G121: 24.6600 | H121: 202603 | I121: 08 | J121: 18,900 | K121: 7 | L121: 개인 | M121: 개인 | N121: 2013 | O121: 충민로 5 | P121: - | Q121: 중개거래 | R121: 서울 송파구
A122: 9 | B122: 서울특별시 송파구 문정동 | C122: 622 | D122: 0622 | E122: 0000 | F122: 송파한화오벨리스크 | G122: 26.8200 | H122: 202603 | I122: 07 | J122: 18,000 | K122: 6 | L122: 개인 | M122: 개인 | N122: 2013 | O122: 충민로 5 | P122: - | Q122: 중개거래 | R122: 서울 송파구
A123: 10 | B123: 서울특별시 송파구 문정동 | C123: 652-5 | D123: 0652 | E123: 0005 | F123: 문정 아이파크 | G123: 25.7700 | H123: 202603 | I123: 07 | J123: 23,500 | K123: 10 | L123: 개인 | M123: 개인 | N123: 2017 | O123: 법원로4길 6 | P123: - | Q123: 중개거래 | R123: 서울 송파구
A124: 11 | B124: 서울특별시 송파구 문정동 | C124: 618 | D124: 0618 | E124: 0000 | F124: 파크하비오 | G124: 50.1100 | H124: 202603 | I124: 07 | J124: 47,000 | K124: 15 | L124: 개인 | M124: 개인 | O124: 송파대로 111 | P124: - | Q124: 중개거래 | R124: 서울 송파구
A125: 12 | B125: 서울특별시 송파구 문정동 | C125: 652-4 | D125: 0652 | E125: 0004 | F125: 힐스테이트에코문정 | G125: 20.7900 | H125: 202603 | I125: 06 | J125: 20,400 | K125: 12 | L125: 개인 | M125: 개인 | N125: 2018 | O125: 법원로4길 10 | P125: - | Q125: 중개거래 | R125: 서울 송파구
A126: 13 | B126: 서울특별시 송파구 문정동 | C126: 643-1 | D126: 0643 | E126: 0001 | F126: 엠스테이트 | G126: 26.1400 | H126: 202603 | I126: 04 | J126: 22,700 | K126: 17 | L126: 법인 | M126: 개인 | N126: 2016 | O126: 법원로 114 | P126: - | Q126: 중개거래 | R126: 서울 송파구
A127: 14 | B127: 서울특별시 송파구 문정동 | C127: 618 | D127: 0618 | E127: 0000 | F127: 파크하비오 | G127: 58.8400 | H127: 202603 | I127: 04 | J127: 70,800 | K127: 14 | L127: 개인 | M127: 개인 | O127: 송파대로 111 | P127: - | Q127: 중개거래 | R127: 서울 송파구
A128: 15 | B128: 서울특별시 송파구 문정동 | C128: 618 | D128: 0618 | E128: 0000 | F128: 파크하비오 | G128: 59.9200 | H128: 202603 | I128: 02 | J128: 69,500 | K128: 7 | L128: 개인 | M128: 개인 | O128: 송파대로 111 | P128: - | Q128: 중개거래 | R128: 서울 송파구
A129: 16 | B129: 서울특별시 송파구 문정동 | C129: 652-5 | D129: 0652 | E129: 0005 | F129: 문정 아이파크 | G129: 25.7700 | H129: 202603 | I129: 02 | J129: 23,500 | K129: 14 | L129: 개인 | M129: 개인 | N129: 2017 | O129: 법원로4길 6 | P129: - | Q129: 중개거래 | R129: 서울 송파구
A130: 17 | B130: 서울특별시 송파구 문정동 | C130: 618 | D130: 0618 | E130: 0000 | F130: 파크하비오 | G130: 48.9300 | H130: 202602 | I130: 28 | J130: 41,000 | K130: 4 | L130: 개인 | M130: 개인 | O130: 송파대로 111 | P130: - | Q130: 중개거래 | R130: 서울 송파구
A131: 18 | B131: 서울특별시 송파구 문정동 | C131: 652-2 | D131: 0652 | E131: 0002 | F131: 문정 오벨리스크 | G131: 24.2300 | H131: 202602 | I131: 26 | J131: 22,800 | K131: 11 | L131: 법인 | M131: 개인 | N131: 2018 | O131: 송파대로 145 | P131: - | Q131: 중개거래 | R131: 경기 성남시 수정구, 서울 송파구
A132: 19 | B132: 서울특별시 송파구 문정동 | C132: 618 | D132: 0618 | E132: 0000 | F132: 파크하비오 | G132: 46.5800 | H132: 202602 | I132: 26 | J132: 42,000 | K132: 6 | L132: 개인 | M132: 법인 | O132: 송파대로 111 | P132: - | Q132: 중개거래 | R132: 서울 송파구
A133: 20 | B133: 서울특별시 송파구 문정동 | C133: 624 | D133: 0624 | E133: 0000 | F133: 송파 아이파크 | G133: 41.5900 | H133: 202602 | I133: 25 | J133: 47,700 | K133: 16 | L133: 개인 | M133: 개인 | N133: 2015 | O133: 법원로 55 | P133: - | Q133: 중개거래 | R133: 서울 송파구
A134: 21 | B134: 서울특별시 송파구 문정동 | C134: 624 | D134: 0624 | E134: 0000 | F134: 송파 아이파크 | G134: 38.8000 | H134: 202602 | I134: 25 | J134: 46,500 | K134: 10 | L134: 개인 | M134: 개인 | N134: 2015 | O134: 법원로 55 | P134: - | Q134: 중개거래 | R134: 서울 송파구
A135: 22 | B135: 서울특별시 송파구 문정동 | C135: 622 | D135: 0622 | E135: 0000 | F135: 송파한화오벨리스크 | G135: 29.9600 | H135: 202602 | I135: 24 | J135: 22,500 | K135: 4 | L135: 개인 | M135: 개인 | N135: 2013 | O135: 충민로 5 | P135: - | Q135: 중개거래 | R135: 서울 송파구
A136: 23 | B136: 서울특별시 송파구 문정동 | C136: 620 | D136: 0620 | E136: 0000 | F136: 송파푸르지오시티 | G136: 52.1700 | H136: 202602 | I136: 23 | J136: 51,000 | K136: 5 | L136: 개인 | M136: 법인 | N136: 2013 | O136: 새말로 62 | P136: - | Q136: 중개거래 | R136: 서울 송파구
A137: 24 | B137: 서울특별시 송파구 문정동 | C137: 618 | D137: 0618 | E137: 0000 | F137: 파크하비오 | G137: 46.5800 | H137: 202602 | I137: 23 | J137: 42,000 | K137: 13 | L137: 개인 | M137: 개인 | O137: 송파대로 111 | P137: - | Q137: 중개거래 | R137: 서울 송파구
A138: 25 | B138: 서울특별시 송파구 문정동 | C138: 624 | D138: 0624 | E138: 0000 | F138: 송파 아이파크 | G138: 25.8700 | H138: 202602 | I138: 23 | J138: 19,900 | K138: 2 | L138: 개인 | M138: 개인 | N138: 2015 | O138: 법원로 55 | P138: - | Q138: 중개거래 | R138: 서울 송파구
A139: 26 | B139: 서울특별시 송파구 문정동 | C139: 618 | D139: 0618 | E139: 0000 | F139: 파크하비오 | G139: 48.9600 | H139: 202602 | I139: 21 | J139: 47,000 | K139: 14 | L139: 개인 | M139: 개인 | O139: 송파대로 111 | P139: - | Q139: 중개거래 | R139: 서울 송파구
A140: 27 | B140: 서울특별시 송파구 문정동 | C140: 622 | D140: 0622 | E140: 0000 | F140: 송파한화오벨리스크 | G140: 26.8200 | H140: 202602 | I140: 20 | J140: 18,300 | K140: 8 | L140: 개인 | M140: 법인 | N140: 2013 | O140: 충민로 5 | P140: - | Q140: 중개거래 | R140: 서울 송파구
A141: 28 | B141: 서울특별시 송파구 문정동 | C141: 643-1 | D141: 0643 | E141: 0001 | F141: 엠스테이트 | G141: 29.7900 | H141: 202602 | I141: 20 | J141: 28,000 | K141: 14 | L141: 법인 | M141: 개인 | N141: 2016 | O141: 법원로 114 | P141: - | Q141: 중개거래 | R141: 서울 송파구
A142: 29 | B142: 서울특별시 송파구 문정동 | C142: 624 | D142: 0624 | E142: 0000 | F142: 송파 아이파크 | G142: 29.8800 | H142: 202602 | I142: 19 | J142: 28,000 | K142: 13 | L142: 개인 | M142: 개인 | N142: 2015 | O142: 법원로 55 | P142: - | Q142: 중개거래 | R142: 서울 송파구
A143: 30 | B143: 서울특별시 송파구 문정동 | C143: 643-1 | D143: 0643 | E143: 0001 | F143: 엠스테이트 | G143: 26.1500 | H143: 202602 | I143: 19 | J143: 22,600 | K143: 13 | L143: 개인 | M143: 개인 | N143: 2016 | O143: 법원로 114 | P143: - | Q143: 중개거래 | R143: 서울 송파구
A144: 31 | B144: 서울특별시 송파구 문정동 | C144: 618 | D144: 0618 | E144: 0000 | F144: 파크하비오 | G144: 48.9600 | H144: 202602 | I144: 14 | J144: 45,000 | K144: 5 | L144: 개인 | M144: 개인 | O144: 송파대로 111 | P144: - | Q144: 중개거래 | R144: 서울 송파구
A145: 32 | B145: 서울특별시 송파구 문정동 | C145: 618 | D145: 0618 | E145: 0000 | F145: 파크하비오 | G145: 25.9100 | H145: 202602 | I145: 13 | J145: 19,500 | K145: 11 | L145: 개인 | M145: 법인 | O145: 송파대로 111 | P145: - | Q145: 중개거래 | R145: 서울 송파구
A146: 33 | B146: 서울특별시 송파구 문정동 | C146: 622 | D146: 0622 | E146: 0000 | F146: 송파한화오벨리스크 | G146: 26.8200 | H146: 202602 | I146: 12 | J146: 18,000 | K146: 5 | L146: 개인 | M146: 개인 | N146: 2013 | O146: 충민로 5 | P146: - | Q146: 중개거래 | R146: 서울 송파구
A147: 34 | B147: 서울특별시 송파구 문정동 | C147: 618 | D147: 0618 | E147: 0000 | F147: 파크하비오 | G147: 25.1200 | H147: 202602 | I147: 12 | J147: 18,800 | K147: 12 | L147: 개인 | M147: 개인 | O147: 송파대로 111 | P147: - | Q147: 중개거래 | R147: 서울 송파구
A148: 35 | B148: 서울특별시 송파구 문정동 | C148: 618 | D148: 0618 | E148: 0000 | F148: 파크하비오 | G148: 48.9600 | H148: 202602 | I148: 12 | J148: 45,700 | K148: 5 | L148: 개인 | M148: 개인 | O148: 송파대로 111 | P148: - | Q148: 중개거래 | R148: 서울 송파구
A149: 36 | B149: 서울특별시 송파구 문정동 | C149: 622 | D149: 0622 | E149: 0000 | F149: 송파한화오벨리스크 | G149: 26.8200 | H149: 202602 | I149: 11 | J149: 18,000 | K149: 9 | L149: 개인 | M149: 법인 | N149: 2013 | O149: 충민로 5 | P149: - | Q149: 중개거래 | R149: 서울 송파구
A150: 37 | B150: 서울특별시 송파구 문정동 | C150: 643-1 | D150: 0643 | E150: 0001 | F150: 엠스테이트 | G150: 53.7900 | H150: 202602 | I150: 11 | J150: 67,000 | K150: 8 | L150: 개인 | M150: 개인 | N150: 2016 | O150: 법원로 114 | P150: - | Q150: 중개거래 | R150: 서울 송파구
A151: 38 | B151: 서울특별시 송파구 문정동 | C151: 620 | D151: 0620 | E151: 0000 | F151: 송파푸르지오시티 | G151: 30.0000 | H151: 202602 | I151: 11 | J151: 23,000 | K151: 8 | L151: 개인 | M151: 개인 | N151: 2013 | O151: 새말로 62 | P151: - | Q151: 중개거래 | R151: 서울 송파구
A152: 39 | B152: 서울특별시 송파구 문정동 | C152: 643-1 | D152: 0643 | E152: 0001 | F152: 엠스테이트 | G152: 29.7900 | H152: 202602 | I152: 10 | J152: 25,000 | K152: 6 | L152: 개인 | M152: 개인 | N152: 2016 | O152: 법원로 114 | P152: - | Q152: 중개거래 | R152: 서울 송파구
A153: 40 | B153: 서울특별시 송파구 문정동 | C153: 622 | D153: 0622 | E153: 0000 | F153: 송파한화오벨리스크 | G153: 29.9900 | H153: 202602 | I153: 09 | J153: 22,500 | K153: 13 | L153: 개인 | M153: 개인 | N153: 2013 | O153: 충민로 5 | P153: - | Q153: 중개거래 | R153: 서울 송파구
A154: 41 | B154: 서울특별시 송파구 문정동 | C154: 620 | D154: 0620 | E154: 0000 | F154: 송파푸르지오시티 | G154: 30.0000 | H154: 202602 | I154: 07 | J154: 22,300 | K154: 15 | L154: 개인 | M154: 개인 | N154: 2013 | O154: 새말로 62 | P154: - | Q154: 중개거래 | R154: 서울 송파구
A155: 42 | B155: 서울특별시 송파구 문정동 | C155: 652-4 | D155: 0652 | E155: 0004 | F155: 힐스테이트에코문정 | G155: 17.9300 | H155: 202602 | I155: 07 | J155: 17,300 | K155: 13 | L155: 개인 | M155: 개인 | N155: 2018 | O155: 법원로4길 10 | P155: - | Q155: 중개거래 | R155: 서울 송파구
A156: 43 | B156: 서울특별시 송파구 문정동 | C156: 618 | D156: 0618 | E156: 0000 | F156: 파크하비오 | G156: 48.9600 | H156: 202602 | I156: 07 | J156: 45,200 | K156: 12 | L156: 개인 | M156: 개인 | O156: 송파대로 111 | P156: - | Q156: 중개거래 | R156: 서울 송파구
A157: 44 | B157: 서울특별시 송파구 문정동 | C157: 622 | D157: 0622 | E157: 0000 | F157: 송파한화오벨리스크 | G157: 25.8800 | H157: 202602 | I157: 06 | J157: 17,000 | K157: 15 | L157: 개인 | M157: 개인 | N157: 2013 | O157: 충민로 5 | P157: - | Q157: 중개거래 | R157: 서울 송파구
A158: 45 | B158: 서울특별시 송파구 문정동 | C158: 622 | D158: 0622 | E158: 0000 | F158: 송파한화오벨리스크 | G158: 26.8200 | H158: 202602 | I158: 05 | J158: 17,500 | K158: 8 | L158: 개인 | M158: 개인 | N158: 2013 | O158: 충민로 5 | P158: - | Q158: 중개거래 | R158: 서울 송파구
A159: 46 | B159: 서울특별시 송파구 문정동 | C159: 620 | D159: 0620 | E159: 0000 | F159: 송파푸르지오시티 | G159: 30.0000 | H159: 202602 | I159: 05 | J159: 22,000 | K159: 10 | L159: 개인 | M159: 법인 | N159: 2013 | O159: 새말로 62 | P159: - | Q159: 중개거래 | R159: 서울 송파구
A160: 47 | B160: 서울특별시 송파구 문정동 | C160: 618 | D160: 0618 | E160: 0000 | F160: 파크하비오 | G160: 47.0400 | H160: 202602 | I160: 04 | J160: 42,500 | K160: 16 | L160: 개인 | M160: 개인 | O160: 송파대로 111 | P160: - | Q160: 중개거래 | R160: 서울 송파구
A161: 48 | B161: 서울특별시 송파구 문정동 | C161: 643-1 | D161: 0643 | E161: 0001 | F161: 엠스테이트 | G161: 26.1500 | H161: 202602 | I161: 04 | J161: 23,000 | K161: 10 | L161: 법인 | M161: 개인 | N161: 2016 | O161: 법원로 114 | P161: - | Q161: 중개거래 | R161: 경기 하남시, 서울 송파구
A162: 49 | B162: 서울특별시 송파구 문정동 | C162: 620 | D162: 0620 | E162: 0000 | F162: 송파푸르지오시티 | G162: 29.6300 | H162: 202602 | I162: 04 | J162: 24,000 | K162: 10 | L162: 개인 | M162: 법인 | N162: 2013 | O162: 새말로 62 | P162: - | Q162: 중개거래 | R162: 서울 송파구
A163: 50 | B163: 서울특별시 송파구 문정동 | C163: 639-5 | D163: 0639 | E163: 0005 | F163: 힐스테이트에코송파 | G163: 21.0640 | H163: 202602 | I163: 03 | J163: 16,900 | K163: 4 | L163: 개인 | M163: 개인 | N163: 2017 | O163: 정의로7길 13 | P163: - | Q163: 중개거래 | R163: 서울 송파구
A164: 51 | B164: 서울특별시 송파구 문정동 | C164: 624 | D164: 0624 | E164: 0000 | F164: 송파 아이파크 | G164: 25.8700 | H164: 202602 | I164: 03 | J164: 22,000 | K164: 12 | L164: 개인 | M164: 법인 | N164: 2015 | O164: 법원로 55 | P164: - | Q164: 중개거래 | R164: 서울 송파구
A165: 52 | B165: 서울특별시 송파구 문정동 | C165: 624 | D165: 0624 | E165: 0000 | F165: 송파 아이파크 | G165: 25.8700 | H165: 202602 | I165: 02 | J165: 21,500 | K165: 13 | L165: 개인 | M165: 개인 | N165: 2015 | O165: 법원로 55 | P165: - | Q165: 중개거래 | R165: 서울 송파구
A166: 53 | B166: 서울특별시 송파구 문정동 | C166: 624 | D166: 0624 | E166: 0000 | F166: 송파 아이파크 | G166: 25.8700 | H166: 202602 | I166: 01 | J166: 21,500 | K166: 12 | L166: 개인 | M166: 개인 | N166: 2015 | O166: 법원로 55 | P166: - | Q166: 중개거래 | R166: 서울 송파구
A167: 54 | B167: 서울특별시 송파구 문정동 | C167: 652-2 | D167: 0652 | E167: 0002 | F167: 문정 오벨리스크 | G167: 24.0000 | H167: 202601 | I167: 31 | J167: 23,500 | K167: 14 | L167: 개인 | M167: 개인 | N167: 2018 | O167: 송파대로 145 | P167: - | Q167: 중개거래 | R167: 서울 송파구
A168: 55 | B168: 서울특별시 송파구 문정동 | C168: 618 | D168: 0618 | E168: 0000 | F168: 파크하비오 | G168: 48.9600 | H168: 202601 | I168: 31 | J168: 43,800 | K168: 3 | L168: 개인 | M168: 개인 | O168: 송파대로 111 | P168: - | Q168: 중개거래 | R168: 서울 송파구
A169: 56 | B169: 서울특별시 송파구 문정동 | C169: 652 | D169: 0652 | E169: 0000 | F169: 송파법조타운푸르지오시티 | G169: 19.3700 | H169: 202601 | I169: 28 | J169: 10,500 | K169: 12 | L169: 개인 | M169: 개인 | N169: 2018 | O169: 법원로4길 5 | P169: - | Q169: 직거래 | R169: -
A170: 57 | B170: 서울특별시 송파구 문정동 | C170: 643-1 | D170: 0643 | E170: 0001 | F170: 엠스테이트 | G170: 26.1500 | H170: 202601 | I170: 26 | J170: 23,000 | K170: 12 | L170: 개인 | M170: 법인 | N170: 2016 | O170: 법원로 114 | P170: - | Q170: 중개거래 | R170: 경기 용인시 기흥구, 서울 송파구
A171: 58 | B171: 서울특별시 송파구 문정동 | C171: 639-5 | D171: 0639 | E171: 0005 | F171: 힐스테이트에코송파 | G171: 21.0640 | H171: 202601 | I171: 25 | J171: 18,500 | K171: 11 | L171: 개인 | M171: 개인 | N171: 2017 | O171: 정의로7길 13 | P171: - | Q171: 중개거래 | R171: 서울 송파구
A172: 59 | B172: 서울특별시 송파구 문정동 | C172: 618 | D172: 0618 | E172: 0000 | F172: 파크하비오 | G172: 24.5800 | H172: 202601 | I172: 24 | J172: 19,700 | K172: 8 | L172: 개인 | M172: 개인 | O172: 송파대로 111 | P172: - | Q172: 중개거래 | R172: 서울 송파구
A173: 60 | B173: 서울특별시 송파구 문정동 | C173: 618 | D173: 0618 | E173: 0000 | F173: 파크하비오 | G173: 46.5800 | H173: 202601 | I173: 23 | J173: 70,000 | K173: 17 | L173: 개인 | M173: 개인 | O173: 송파대로 111 | P173: - | Q173: 중개거래 | R173: 서울 송파구
A174: 61 | B174: 서울특별시 송파구 문정동 | C174: 624 | D174: 0624 | E174: 0000 | F174: 송파 아이파크 | G174: 38.8100 | H174: 202601 | I174: 23 | J174: 27,300 | K174: 13 | L174: 개인 | M174: 법인 | N174: 2015 | O174: 법원로 55 | P174: - | Q174: 중개거래 | R174: 서울 송파구
A175: 62 | B175: 서울특별시 송파구 문정동 | C175: 624 | D175: 0624 | E175: 0000 | F175: 송파 아이파크 | G175: 49.7000 | H175: 202601 | I175: 23 | J175: 77,500 | K175: 10 | L175: 법인 | M175: 법인 | N175: 2015 | O175: 법원로 55 | P175: - | Q175: 중개거래 | R175: 서울 송파구
A176: 63 | B176: 서울특별시 송파구 문정동 | C176: 622 | D176: 0622 | E176: 0000 | F176: 송파한화오벨리스크 | G176: 25.8800 | H176: 202601 | I176: 22 | J176: 17,200 | K176: 2 | L176: 개인 | M176: 개인 | N176: 2013 | O176: 충민로 5 | P176: - | Q176: 중개거래 | R176: 서울 송파구
A177: 64 | B177: 서울특별시 송파구 문정동 | C177: 639-5 | D177: 0639 | E177: 0005 | F177: 힐스테이트에코송파 | G177: 21.0640 | H177: 202601 | I177: 21 | J177: 16,300 | K177: 9 | L177: 개인 | M177: 개인 | N177: 2017 | O177: 정의로7길 13 | P177: - | Q177: 중개거래 | R177: 서울 송파구
A178: 65 | B178: 서울특별시 송파구 문정동 | C178: 620 | D178: 0620 | E178: 0000 | F178: 송파푸르지오시티 | G178: 46.5500 | H178: 202601 | I178: 20 | J178: 46,000 | K178: 5 | L178: 개인 | M178: 개인 | N178: 2013 | O178: 새말로 62 | P178: - | Q178: 중개거래 | R178: 서울 송파구
A179: 66 | B179: 서울특별시 송파구 문정동 | C179: 624 | D179: 0624 | E179: 0000 | F179: 송파 아이파크 | G179: 25.8700 | H179: 202601 | I179: 17 | J179: 22,500 | K179: 10 | L179: 개인 | M179: 개인 | N179: 2015 | O179: 법원로 55 | P179: - | Q179: 중개거래 | R179: 서울 송파구
A180: 67 | B180: 서울특별시 송파구 문정동 | C180: 618 | D180: 0618 | E180: 0000 | F180: 파크하비오 | G180: 47.8900 | H180: 202601 | I180: 17 | J180: 42,800 | K180: 10 | L180: 개인 | M180: 개인 | O180: 송파대로 111 | P180: - | Q180: 중개거래 | R180: 서울 송파구
A181: 68 | B181: 서울특별시 송파구 문정동 | C181: 618 | D181: 0618 | E181: 0000 | F181: 파크하비오 | G181: 48.9300 | H181: 202601 | I181: 17 | J181: 46,500 | K181: 17 | L181: 개인 | M181: 개인 | O181: 송파대로 111 | P181: - | Q181: 중개거래 | R181: 서울 송파구
A182: 69 | B182: 서울특별시 송파구 문정동 | C182: 618 | D182: 0618 | E182: 0000 | F182: 파크하비오 | G182: 51.1600 | H182: 202601 | I182: 17 | J182: 51,500 | K182: 14 | L182: 개인 | M182: 개인 | O182: 송파대로 111 | P182: - | Q182: 중개거래 | R182: 서울 송파구
A183: 70 | B183: 서울특별시 송파구 문정동 | C183: 622 | D183: 0622 | E183: 0000 | F183: 송파한화오벨리스크 | G183: 29.9900 | H183: 202601 | I183: 17 | J183: 22,200 | K183: 3 | L183: 개인 | M183: 개인 | N183: 2013 | O183: 충민로 5 | P183: - | Q183: 중개거래 | R183: 서울 송파구
A184: 71 | B184: 서울특별시 송파구 문정동 | C184: 624 | D184: 0624 | E184: 0000 | F184: 송파 아이파크 | G184: 49.8700 | H184: 202601 | I184: 16 | J184: 64,500 | K184: 16 | L184: 개인 | M184: 개인 | N184: 2015 | O184: 법원로 55 | P184: - | Q184: 중개거래 | R184: 서울 송파구
A185: 72 | B185: 서울특별시 송파구 문정동 | C185: 652 | D185: 0652 | E185: 0000 | F185: 송파법조타운푸르지오시티 | G185: 20.4500 | H185: 202601 | I185: 16 | J185: 19,500 | K185: 8 | L185: 개인 | M185: 법인 | N185: 2018 | O185: 법원로4길 5 | P185: - | Q185: 중개거래 | R185: 서울 송파구
A186: 73 | B186: 서울특별시 송파구 문정동 | C186: 624 | D186: 0624 | E186: 0000 | F186: 송파 아이파크 | G186: 49.8400 | H186: 202601 | I186: 16 | J186: 60,000 | K186: 15 | L186: 개인 | M186: 개인 | N186: 2015 | O186: 법원로 55 | P186: - | Q186: 중개거래 | R186: 서울 송파구
A187: 74 | B187: 서울특별시 송파구 문정동 | C187: 622 | D187: 0622 | E187: 0000 | F187: 송파한화오벨리스크 | G187: 26.8200 | H187: 202601 | I187: 16 | J187: 21,000 | K187: 6 | L187: 개인 | M187: 개인 | N187: 2013 | O187: 충민로 5 | P187: - | Q187: 직거래 | R187: -
...

Sheet 04B_정규화_자동필터
A1: 정규화·1차필터·유사도 랭킹
A3: 원본행 | B3: 시군구 | C3: 번지 | D3: 단지명 | E3: 전용면적(㎡) | F3: 계약일 | G3: 거래금액(만원) | H3: 거래금액 (원) | I3: 단가 (원/㎡) | J3: 층 | K3: 건축년도 | L3: 도로명 | M3: 거래유형 | N3: 동일시군구 | O3: 동일법정동 | P3: 동일도로명 | Q3: 동일건물 | R3: 면적차율 | S3: 층차 | T3: 경과일수 | U3: 건축연차차 | V3: 1차통과 | W3: 유사도점수 | X3: 순위
A4: =IF('04A_국토부원자료'!A5="","",ROW()-3) -> 1 | B4: =IFERROR('04A_국토부원자료'!B5,"") -> 서울특별시 송파구 가락동 | C4: =IF(B4="","",IF('04A_국토부원자료'!C5<>"",'04A_국토부원자료'!C5,TRIM('04A_국토부원자료'!D5&IF('04A_국토부원자료'!E5<>"","-"&'04A_국토부원자료'!E5,"")))) -> 98-7 | D4: =IFERROR('04A_국토부원자료'!F5,"") -> (98-7) | E4: =IFERROR(VALUE(SUBSTITUTE('04A_국토부원자료'!G5,",","")),"") -> 27.84 | F4: =IFERROR(IF(AND('04A_국토부원자료'!H5<>"",'04A_국토부원자료'!I5<>""),DATE(INT(VALUE(SUBSTITUTE('04A_국토부원자료'!H5,",",""))/100),MOD(VALUE(SUBSTITUTE('04A_국토부원자료'!H5,",","")),100),VALUE(SUBSTITUTE('04A_국토부원자료'!I5,",",""))),""),"") -> 46091 | G4: =IFERROR(VALUE(SUBSTITUTE('04A_국토부원자료'!J5,",","")),"") -> 10500 | H4: =IF(G4="","",G4*10000) -> 105000000 | I4: =IFERROR(IF(AND(H4>0,E4>0),H4/E4,""),"") -> 3771551.7 | J4: =IFERROR(VALUE(SUBSTITUTE('04A_국토부원자료'!K5,",","")),"") -> 4 | K4: =IFERROR(VALUE(SUBSTITUTE('04A_국토부원자료'!N5,",","")),"") -> 1990 | L4: =IFERROR('04A_국토부원자료'!O5,"") -> 송파대로28길 13 | M4: =IFERROR('04A_국토부원자료'!Q5,"") -> 중개거래 | N4: =IF(B4="","",IF('02_대상물건입력'!B5="",1,IF(ISNUMBER(SEARCH('02_대상물건입력'!B5,B4)),1,0))) -> 1 | O4: =IF(B4="","",IF('02_대상물건입력'!B6="",1,IF(ISNUMBER(SEARCH('02_대상물건입력'!B6,B4)),1,0))) -> 1 | P4: =IF(L4="","",IF('02_대상물건입력'!B15="",0,IF(ISNUMBER(SEARCH('02_대상물건입력'!B15,L4)),1,0))) -> 1 | Q4: =IF(D4="","",IF('02_대상물건입력'!B8="",0,IF(ISNUMBER(SEARCH('02_대상물건입력'!B8,D4)),1,0))) -> 0 | R4: =IFERROR(ABS(E4-'02_대상물건입력'!B11)/'02_대상물건입력'!B11,"") -> 0.021921388 | S4: =IFERROR(ABS(J4-'02_대상물건입력'!B10),"") -> 8 | T4: =IFERROR(ABS('01_설정'!B4-F4),"") -> 21 | U4: =IFERROR(ABS(K4-YEAR('02_대상물건입력'!B14)),"") -> 36 | V4: =IF(B4="","",IF(AND(E4>0,F4>0,H4>0,OR('04A_국토부원자료'!P5="",'04A_국토부원자료'!P5="-"),IF('01_설정'!B10=1,N4=1,TRUE),R4<='01_설정'!B5,S4<='01_설정'!B6,T4<='01_설정'!B7,U4<='01_설정'!B8),"Y","")) | W4: =IF(V4<>"Y","",MAX(0,(1-R4/'01_설정'!B5))*'01_설정'!B14+MAX(0,(1-S4/'01_설정'!B6))*'01_설정'!B15+MAX(0,(1-T4/'01_설정'!B7))*'01_설정'!B16+MAX(0,(1-U4/'01_설정'!B8))*'01_설정'!B17+O4*'01_설정'!B11+Q4*'01_설정'!B12+P4*'01_설정'!B13) | X4: =IF(W4="","",1+COUNTIFS($W$4:$W$3003,">"&W4)+COUNTIFS($W$4:W4,W4)-1)
A5: =IF('04A_국토부원자료'!A6="","",ROW()-3) -> 2 | B5: =IFERROR('04A_국토부원자료'!B6,"") -> 서울특별시 송파구 가락동 | C5: =IF(B5="","",IF('04A_국토부원자료'!C6<>"",'04A_국토부원자료'!C6,TRIM('04A_국토부원자료'!D6&IF('04A_국토부원자료'!E6<>"","-"&'04A_국토부원자료'!E6,"")))) -> 98-7 | D5: =IFERROR('04A_국토부원자료'!F6,"") -> (98-7) | E5: =IFERROR(VALUE(SUBSTITUTE('04A_국토부원자료'!G6,",","")),"") -> 27.84 | F5: =IFERROR(IF(AND('04A_국토부원자료'!H6<>"",'04A_국토부원자료'!I6<>""),DATE(INT(VALUE(SUBSTITUTE('04A_국토부원자료'!H6,",",""))/100),MOD(VALUE(SUBSTITUTE('04A_국토부원자료'!H6,",","")),100),VALUE(SUBSTITUTE('04A_국토부원자료'!I6,",",""))),""),"") -> 46073 | G5: =IFERROR(VALUE(SUBSTITUTE('04A_국토부원자료'!J6,",","")),"") -> 10300 | H5: =IF(G5="","",G5*10000) -> 103000000 | I5: =IFERROR(IF(AND(H5>0,E5>0),H5/E5,""),"") -> 3699712.6 | J5: =IFERROR(VALUE(SUBSTITUTE('04A_국토부원자료'!K6,",","")),"") -> 4 | K5: =IFERROR(VALUE(SUBSTITUTE('04A_국토부원자료'!N6,",","")),"") -> 1990 | L5: =IFERROR('04A_국토부원자료'!O6,"") -> 송파대로28길 13 | M5: =IFERROR('04A_국토부원자료'!Q6,"") -> 중개거래 | N5: =IF(B5="","",IF('02_대상물건입력'!B5="",1,IF(ISNUMBER(SEARCH('02_대상물건입력'!B5,B5)),1,0))) -> 1 | O5: =IF(B5="","",IF('02_대상물건입력'!B6="",1,IF(ISNUMBER(SEARCH('02_대상물건입력'!B6,B5)),1,0))) -> 1 | P5: =IF(L5="","",IF('02_대상물건입력'!B15="",0,IF(ISNUMBER(SEARCH('02_대상물건입력'!B15,L5)),1,0))) -> 1 | Q5: =IF(D5="","",IF('02_대상물건입력'!B8="",0,IF(ISNUMBER(SEARCH('02_대상물건입력'!B8,D5)),1,0))) -> 0 | R5: =IFERROR(ABS(E5-'02_대상물건입력'!B11)/'02_대상물건입력'!B11,"") -> 0.021921388 | S5: =IFERROR(ABS(J5-'02_대상물건입력'!B10),"") -> 8 | T5: =IFERROR(ABS('01_설정'!B4-F5),"") -> 39 | U5: =IFERROR(ABS(K5-YEAR('02_대상물건입력'!B14)),"") -> 36 | V5: =IF(B5="","",IF(AND(E5>0,F5>0,H5>0,OR('04A_국토부원자료'!P6="",'04A_국토부원자료'!P6="-"),IF('01_설정'!B10=1,N5=1,TRUE),R5<='01_설정'!B5,S5<='01_설정'!B6,T5<='01_설정'!B7,U5<='01_설정'!B8),"Y","")) | W5: =IF(V5<>"Y","",MAX(0,(1-R5/'01_설정'!B5))*'01_설정'!B14+MAX(0,(1-S5/'01_설정'!B6))*'01_설정'!B15+MAX(0,(1-T5/'01_설정'!B7))*'01_설정'!B16+MAX(0,(1-U5/'01_설정'!B8))*'01_설정'!B17+O5*'01_설정'!B11+Q5*'01_설정'!B12+P5*'01_설정'!B13) | X5: =IF(W5="","",1+COUNTIFS($W$4:$W$3003,">"&W5)+COUNTIFS($W$4:W5,W5)-1)
A6: =IF('04A_국토부원자료'!A7="","",ROW()-3) -> 3 | B6: =IFERROR('04A_국토부원자료'!B7,"") -> 서울특별시 송파구 가락동 | C6: =IF(B6="","",IF('04A_국토부원자료'!C7<>"",'04A_국토부원자료'!C7,TRIM('04A_국토부원자료'!D7&IF('04A_국토부원자료'!E7<>"","-"&'04A_국토부원자료'!E7,"")))) -> 99-3 | D6: =IFERROR('04A_국토부원자료'!F7,"") -> 제일오피스텔 | E6: =IFERROR(VALUE(SUBSTITUTE('04A_국토부원자료'!G7,",","")),"") -> 31.14 | F6: =IFERROR(IF(AND('04A_국토부원자료'!H7<>"",'04A_국토부원자료'!I7<>""),DATE(INT(VALUE(SUBSTITUTE('04A_국토부원자료'!H7,",",""))/100),MOD(VALUE(SUBSTITUTE('04A_국토부원자료'!H7,",","")),100),VALUE(SUBSTITUTE('04A_국토부원자료'!I7,",",""))),""),"") -> 46057 | G6: =IFERROR(VALUE(SUBSTITUTE('04A_국토부원자료'!J7,",","")),"") -> 20800 | H6: =IF(G6="","",G6*10000) -> 208000000 | I6: =IFERROR(IF(AND(H6>0,E6>0),H6/E6,""),"") -> 6679511.9 | J6: =IFERROR(VALUE(SUBSTITUTE('04A_국토부원자료'!K7,",","")),"") -> 8 | K6: =IFERROR(VALUE(SUBSTITUTE('04A_국토부원자료'!N7,",","")),"") -> 1992 | L6: =IFERROR('04A_국토부원자료'!O7,"") -> 송파대로 260 | M6: =IFERROR('04A_국토부원자료'!Q7,"") -> 중개거래 | N6: =IF(B6="","",IF('02_대상물건입력'!B5="",1,IF(ISNUMBER(SEARCH('02_대상물건입력'!B5,B6)),1,0))) -> 1 | O6: =IF(B6="","",IF('02_대상물건입력'!B6="",1,IF(ISNUMBER(SEARCH('02_대상물건입력'!B6,B6)),1,0))) -> 1 | P6: =IF(L6="","",IF('02_대상물건입력'!B15="",0,IF(ISNUMBER(SEARCH('02_대상물건입력'!B15,L6)),1,0))) -> 1 | Q6: =IF(D6="","",IF('02_대상물건입력'!B8="",0,IF(ISNUMBER(SEARCH('02_대상물건입력'!B8,D6)),1,0))) -> 0 | R6: =IFERROR(ABS(E6-'02_대상물건입력'!B11)/'02_대상물건입력'!B11,"") -> 0.14305431 | S6: =IFERROR(ABS(J6-'02_대상물건입력'!B10),"") -> 4 | T6: =IFERROR(ABS('01_설정'!B4-F6),"") -> 55 | U6: =IFERROR(ABS(K6-YEAR('02_대상물건입력'!B14)),"") -> 34 | V6: =IF(B6="","",IF(AND(E6>0,F6>0,H6>0,OR('04A_국토부원자료'!P7="",'04A_국토부원자료'!P7="-"),IF('01_설정'!B10=1,N6=1,TRUE),R6<='01_설정'!B5,S6<='01_설정'!B6,T6<='01_설정'!B7,U6<='01_설정'!B8),"Y","")) | W6: =IF(V6<>"Y","",MAX(0,(1-R6/'01_설정'!B5))*'01_설정'!B14+MAX(0,(1-S6/'01_설정'!B6))*'01_설정'!B15+MAX(0,(1-T6/'01_설정'!B7))*'01_설정'!B16+MAX(0,(1-U6/'01_설정'!B8))*'01_설정'!B17+O6*'01_설정'!B11+Q6*'01_설정'!B12+P6*'01_설정'!B13) | X6: =IF(W6="","",1+COUNTIFS($W$4:$W$3003,">"&W6)+COUNTIFS($W$4:W6,W6)-1)
A7: =IF('04A_국토부원자료'!A8="","",ROW()-3) -> 4 | B7: =IFERROR('04A_국토부원자료'!B8,"") -> 서울특별시 송파구 가락동 | C7: =IF(B7="","",IF('04A_국토부원자료'!C8<>"",'04A_국토부원자료'!C8,TRIM('04A_국토부원자료'!D8&IF('04A_국토부원자료'!E8<>"","-"&'04A_국토부원자료'!E8,"")))) -> 79-7 | D7: =IFERROR('04A_국토부원자료'!F8,"") -> (79-7) | E7: =IFERROR(VALUE(SUBSTITUTE('04A_국토부원자료'!G8,",","")),"") -> 29.52 | F7: =IFERROR(IF(AND('04A_국토부원자료'!H8<>"",'04A_국토부원자료'!I8<>""),DATE(INT(VALUE(SUBSTITUTE('04A_국토부원자료'!H8,",",""))/100),MOD(VALUE(SUBSTITUTE('04A_국토부원자료'!H8,",","")),100),VALUE(SUBSTITUTE('04A_국토부원자료'!I8,",",""))),""),"") -> 46050 | G7: =IFERROR(VALUE(SUBSTITUTE('04A_국토부원자료'!J8,",","")),"") -> 12500 | H7: =IF(G7="","",G7*10000) -> 125000000 | I7: =IFERROR(IF(AND(H7>0,E7>0),H7/E7,""),"") -> 4234417.3 | J7: =IFERROR(VALUE(SUBSTITUTE('04A_국토부원자료'!K8,",","")),"") -> 10 | K7: =IFERROR(VALUE(SUBSTITUTE('04A_국토부원자료'!N8,",","")),"") -> 1990 | L7: =IFERROR('04A_국토부원자료'!O8,"") -> 송파대로28길 32 | M7: =IFERROR('04A_국토부원자료'!Q8,"") -> 중개거래 | N7: =IF(B7="","",IF('02_대상물건입력'!B5="",1,IF(ISNUMBER(SEARCH('02_대상물건입력'!B5,B7)),1,0))) -> 1 | O7: =IF(B7="","",IF('02_대상물건입력'!B6="",1,IF(ISNUMBER(SEARCH('02_대상물건입력'!B6,B7)),1,0))) -> 1 | P7: =IF(L7="","",IF('02_대상물건입력'!B15="",0,IF(ISNUMBER(SEARCH('02_대상물건입력'!B15,L7)),1,0))) -> 1 | Q7: =IF(D7="","",IF('02_대상물건입력'!B8="",0,IF(ISNUMBER(SEARCH('02_대상물건입력'!B8,D7)),1,0))) -> 0 | R7: =IFERROR(ABS(E7-'02_대상물건입력'!B11)/'02_대상물건입력'!B11,"") -> 0.083589058 | S7: =IFERROR(ABS(J7-'02_대상물건입력'!B10),"") -> 2 | T7: =IFERROR(ABS('01_설정'!B4-F7),"") -> 62 | U7: =IFERROR(ABS(K7-YEAR('02_대상물건입력'!B14)),"") -> 36 | V7: =IF(B7="","",IF(AND(E7>0,F7>0,H7>0,OR('04A_국토부원자료'!P8="",'04A_국토부원자료'!P8="-"),IF('01_설정'!B10=1,N7=1,TRUE),R7<='01_설정'!B5,S7<='01_설정'!B6,T7<='01_설정'!B7,U7<='01_설정'!B8),"Y","")) | W7: =IF(V7<>"Y","",MAX(0,(1-R7/'01_설정'!B5))*'01_설정'!B14+MAX(0,(1-S7/'01_설정'!B6))*'01_설정'!B15+MAX(0,(1-T7/'01_설정'!B7))*'01_설정'!B16+MAX(0,(1-U7/'01_설정'!B8))*'01_설정'!B17+O7*'01_설정'!B11+Q7*'01_설정'!B12+P7*'01_설정'!B13) | X7: =IF(W7="","",1+COUNTIFS($W$4:$W$3003,">"&W7)+COUNTIFS($W$4:W7,W7)-1)
A8: =IF('04A_국토부원자료'!A9="","",ROW()-3) -> 5 | B8: =IFERROR('04A_국토부원자료'!B9,"") -> 서울특별시 송파구 가락동 | C8: =IF(B8="","",IF('04A_국토부원자료'!C9<>"",'04A_국토부원자료'!C9,TRIM('04A_국토부원자료'!D9&IF('04A_국토부원자료'!E9<>"","-"&'04A_국토부원자료'!E9,"")))) -> 79-7 | D8: =IFERROR('04A_국토부원자료'!F9,"") -> (79-7) | E8: =IFERROR(VALUE(SUBSTITUTE('04A_국토부원자료'!G9,",","")),"") -> 29.52 | F8: =IFERROR(IF(AND('04A_국토부원자료'!H9<>"",'04A_국토부원자료'!I9<>""),DATE(INT(VALUE(SUBSTITUTE('04A_국토부원자료'!H9,",",""))/100),MOD(VALUE(SUBSTITUTE('04A_국토부원자료'!H9,",","")),100),VALUE(SUBSTITUTE('04A_국토부원자료'!I9,",",""))),""),"") -> 46050 | G8: =IFERROR(VALUE(SUBSTITUTE('04A_국토부원자료'!J9,",","")),"") -> 13000 | H8: =IF(G8="","",G8*10000) -> 130000000 | I8: =IFERROR(IF(AND(H8>0,E8>0),H8/E8,""),"") -> 4403794 | J8: =IFERROR(VALUE(SUBSTITUTE('04A_국토부원자료'!K9,",","")),"") -> 2 | K8: =IFERROR(VALUE(SUBSTITUTE('04A_국토부원자료'!N9,",","")),"") -> 1990 | L8: =IFERROR('04A_국토부원자료'!O9,"") -> 송파대로28길 32 | M8: =IFERROR('04A_국토부원자료'!Q9,"") -> 직거래 | N8: =IF(B8="","",IF('02_대상물건입력'!B5="",1,IF(ISNUMBER(SEARCH('02_대상물건입력'!B5,B8)),1,0))) -> 1 | O8: =IF(B8="","",IF('02_대상물건입력'!B6="",1,IF(ISNUMBER(SEARCH('02_대상물건입력'!B6,B8)),1,0))) -> 1 | P8: =IF(L8="","",IF('02_대상물건입력'!B15="",0,IF(ISNUMBER(SEARCH('02_대상물건입력'!B15,L8)),1,0))) -> 1 | Q8: =IF(D8="","",IF('02_대상물건입력'!B8="",0,IF(ISNUMBER(SEARCH('02_대상물건입력'!B8,D8)),1,0))) -> 0 | R8: =IFERROR(ABS(E8-'02_대상물건입력'!B11)/'02_대상물건입력'!B11,"") -> 0.083589058 | S8: =IFERROR(ABS(J8-'02_대상물건입력'!B10),"") -> 10 | T8: =IFERROR(ABS('01_설정'!B4-F8),"") -> 62 | U8: =IFERROR(ABS(K8-YEAR('02_대상물건입력'!B14)),"") -> 36 | V8: =IF(B8="","",IF(AND(E8>0,F8>0,H8>0,OR('04A_국토부원자료'!P9="",'04A_국토부원자료'!P9="-"),IF('01_설정'!B10=1,N8=1,TRUE),R8<='01_설정'!B5,S8<='01_설정'!B6,T8<='01_설정'!B7,U8<='01_설정'!B8),"Y","")) | W8: =IF(V8<>"Y","",MAX(0,(1-R8/'01_설정'!B5))*'01_설정'!B14+MAX(0,(1-S8/'01_설정'!B6))*'01_설정'!B15+MAX(0,(1-T8/'01_설정'!B7))*'01_설정'!B16+MAX(0,(1-U8/'01_설정'!B8))*'01_설정'!B17+O8*'01_설정'!B11+Q8*'01_설정'!B12+P8*'01_설정'!B13) | X8: =IF(W8="","",1+COUNTIFS($W$4:$W$3003,">"&W8)+COUNTIFS($W$4:W8,W8)-1)
A9: =IF('04A_국토부원자료'!A10="","",ROW()-3) -> 6 | B9: =IFERROR('04A_국토부원자료'!B10,"") -> 서울특별시 송파구 가락동 | C9: =IF(B9="","",IF('04A_국토부원자료'!C10<>"",'04A_국토부원자료'!C10,TRIM('04A_국토부원자료'!D10&IF('04A_국토부원자료'!E10<>"","-"&'04A_국토부원자료'!E10,"")))) -> 79-7 | D9: =IFERROR('04A_국토부원자료'!F10,"") -> (79-7) | E9: =IFERROR(VALUE(SUBSTITUTE('04A_국토부원자료'!G10,",","")),"") -> 29.52 | F9: =IFERROR(IF(AND('04A_국토부원자료'!H10<>"",'04A_국토부원자료'!I10<>""),DATE(INT(VALUE(SUBSTITUTE('04A_국토부원자료'!H10,",",""))/100),MOD(VALUE(SUBSTITUTE('04A_국토부원자료'!H10,",","")),100),VALUE(SUBSTITUTE('04A_국토부원자료'!I10,",",""))),""),"") -> 46050 | G9: =IFERROR(VALUE(SUBSTITUTE('04A_국토부원자료'!J10,",","")),"") -> 12500 | H9: =IF(G9="","",G9*10000) -> 125000000 | I9: =IFERROR(IF(AND(H9>0,E9>0),H9/E9,""),"") -> 4234417.3 | J9: =IFERROR(VALUE(SUBSTITUTE('04A_국토부원자료'!K10,",","")),"") -> 10 | K9: =IFERROR(VALUE(SUBSTITUTE('04A_국토부원자료'!N10,",","")),"") -> 1990 | L9: =IFERROR('04A_국토부원자료'!O10,"") -> 송파대로28길 32 | M9: =IFERROR('04A_국토부원자료'!Q10,"") -> 중개거래 | N9: =IF(B9="","",IF('02_대상물건입력'!B5="",1,IF(ISNUMBER(SEARCH('02_대상물건입력'!B5,B9)),1,0))) -> 1 | O9: =IF(B9="","",IF('02_대상물건입력'!B6="",1,IF(ISNUMBER(SEARCH('02_대상물건입력'!B6,B9)),1,0))) -> 1 | P9: =IF(L9="","",IF('02_대상물건입력'!B15="",0,IF(ISNUMBER(SEARCH('02_대상물건입력'!B15,L9)),1,0))) -> 1 | Q9: =IF(D9="","",IF('02_대상물건입력'!B8="",0,IF(ISNUMBER(SEARCH('02_대상물건입력'!B8,D9)),1,0))) -> 0 | R9: =IFERROR(ABS(E9-'02_대상물건입력'!B11)/'02_대상물건입력'!B11,"") -> 0.083589058 | S9: =IFERROR(ABS(J9-'02_대상물건입력'!B10),"") -> 2 | T9: =IFERROR(ABS('01_설정'!B4-F9),"") -> 62 | U9: =IFERROR(ABS(K9-YEAR('02_대상물건입력'!B14)),"") -> 36 | V9: =IF(B9="","",IF(AND(E9>0,F9>0,H9>0,OR('04A_국토부원자료'!P10="",'04A_국토부원자료'!P10="-"),IF('01_설정'!B10=1,N9=1,TRUE),R9<='01_설정'!B5,S9<='01_설정'!B6,T9<='01_설정'!B7,U9<='01_설정'!B8),"Y","")) | W9: =IF(V9<>"Y","",MAX(0,(1-R9/'01_설정'!B5))*'01_설정'!B14+MAX(0,(1-S9/'01_설정'!B6))*'01_설정'!B15+MAX(0,(1-T9/'01_설정'!B7))*'01_설정'!B16+MAX(0,(1-U9/'01_설정'!B8))*'01_설정'!B17+O9*'01_설정'!B11+Q9*'01_설정'!B12+P9*'01_설정'!B13) | X9: =IF(W9="","",1+COUNTIFS($W$4:$W$3003,">"&W9)+COUNTIFS($W$4:W9,W9)-1)
A10: =IF('04A_국토부원자료'!A11="","",ROW()-3) -> 7 | B10: =IFERROR('04A_국토부원자료'!B11,"") -> 서울특별시 송파구 가락동 | C10: =IF(B10="","",IF('04A_국토부원자료'!C11<>"",'04A_국토부원자료'!C11,TRIM('04A_국토부원자료'!D11&IF('04A_국토부원자료'!E11<>"","-"&'04A_국토부원자료'!E11,"")))) -> 171 | D10: =IFERROR('04A_국토부원자료'!F11,"") -> 현진타워 | E10: =IFERROR(VALUE(SUBSTITUTE('04A_국토부원자료'!G11,",","")),"") -> 42.32 | F10: =IFERROR(IF(AND('04A_국토부원자료'!H11<>"",'04A_국토부원자료'!I11<>""),DATE(INT(VALUE(SUBSTITUTE('04A_국토부원자료'!H11,",",""))/100),MOD(VALUE(SUBSTITUTE('04A_국토부원자료'!H11,",","")),100),VALUE(SUBSTITUTE('04A_국토부원자료'!I11,",",""))),""),"") -> 46048 | G10: =IFERROR(VALUE(SUBSTITUTE('04A_국토부원자료'!J11,",","")),"") -> 32000 | H10: =IF(G10="","",G10*10000) -> 320000000 | I10: =IFERROR(IF(AND(H10>0,E10>0),H10/E10,""),"") -> 7561436.7 | J10: =IFERROR(VALUE(SUBSTITUTE('04A_국토부원자료'!K11,",","")),"") -> 5 | K10: =IFERROR(VALUE(SUBSTITUTE('04A_국토부원자료'!N11,",","")),"") -> 2015 | L10: =IFERROR('04A_국토부원자료'!O11,"") -> 오금로44가길 13 | M10: =IFERROR('04A_국토부원자료'!Q11,"") -> 중개거래 | N10: =IF(B10="","",IF('02_대상물건입력'!B5="",1,IF(ISNUMBER(SEARCH('02_대상물건입력'!B5,B10)),1,0))) -> 1 | O10: =IF(B10="","",IF('02_대상물건입력'!B6="",1,IF(ISNUMBER(SEARCH('02_대상물건입력'!B6,B10)),1,0))) -> 1 | P10: =IF(L10="","",IF('02_대상물건입력'!B15="",0,IF(ISNUMBER(SEARCH('02_대상물건입력'!B15,L10)),1,0))) -> 0 | Q10: =IF(D10="","",IF('02_대상물건입력'!B8="",0,IF(ISNUMBER(SEARCH('02_대상물건입력'!B8,D10)),1,0))) -> 0 | R10: =IFERROR(ABS(E10-'02_대상물건입력'!B11)/'02_대상물건입력'!B11,"") -> 0.55343797 | S10: =IFERROR(ABS(J10-'02_대상물건입력'!B10),"") -> 7 | T10: =IFERROR(ABS('01_설정'!B4-F10),"") -> 64 | U10: =IFERROR(ABS(K10-YEAR('02_대상물건입력'!B14)),"") -> 11 | V10: =IF(B10="","",IF(AND(E10>0,F10>0,H10>0,OR('04A_국토부원자료'!P11="",'04A_국토부원자료'!P11="-"),IF('01_설정'!B10=1,N10=1,TRUE),R10<='01_설정'!B5,S10<='01_설정'!B6,T10<='01_설정'!B7,U10<='01_설정'!B8),"Y","")) | W10: =IF(V10<>"Y","",MAX(0,(1-R10/'01_설정'!B5))*'01_설정'!B14+MAX(0,(1-S10/'01_설정'!B6))*'01_설정'!B15+MAX(0,(1-T10/'01_설정'!B7))*'01_설정'!B16+MAX(0,(1-U10/'01_설정'!B8))*'01_설정'!B17+O10*'01_설정'!B11+Q10*'01_설정'!B12+P10*'01_설정'!B13) | X10: =IF(W10="","",1+COUNTIFS($W$4:$W$3003,">"&W10)+COUNTIFS($W$4:W10,W10)-1)
A11: =IF('04A_국토부원자료'!A12="","",ROW()-3) -> 8 | B11: =IFERROR('04A_국토부원자료'!B12,"") -> 서울특별시 송파구 가락동 | C11: =IF(B11="","",IF('04A_국토부원자료'!C12<>"",'04A_국토부원자료'!C12,TRIM('04A_국토부원자료'!D12&IF('04A_국토부원자료'!E12<>"","-"&'04A_국토부원자료'!E12,"")))) -> 78-1 | D11: =IFERROR('04A_국토부원자료'!F12,"") -> 한화오벨리스크 | E11: =IFERROR(VALUE(SUBSTITUTE('04A_국토부원자료'!G12,",","")),"") -> 30.34 | F11: =IFERROR(IF(AND('04A_국토부원자료'!H12<>"",'04A_국토부원자료'!I12<>""),DATE(INT(VALUE(SUBSTITUTE('04A_국토부원자료'!H12,",",""))/100),MOD(VALUE(SUBSTITUTE('04A_국토부원자료'!H12,",","")),100),VALUE(SUBSTITUTE('04A_국토부원자료'!I12,",",""))),""),"") -> 46048 | G11: =IFERROR(VALUE(SUBSTITUTE('04A_국토부원자료'!J12,",","")),"") -> 18000 | H11: =IF(G11="","",G11*10000) -> 180000000 | I11: =IFERROR(IF(AND(H11>0,E11>0),H11/E11,""),"") -> 5932762 | J11: =IFERROR(VALUE(SUBSTITUTE('04A_국토부원자료'!K12,",","")),"") -> 11 | K11: =IFERROR(VALUE(SUBSTITUTE('04A_국토부원자료'!N12,",","")),"") -> 2004 | L11: =IFERROR('04A_국토부원자료'!O12,"") -> 중대로 127 | M11: =IFERROR('04A_국토부원자료'!Q12,"") -> 중개거래 | N11: =IF(B11="","",IF('02_대상물건입력'!B5="",1,IF(ISNUMBER(SEARCH('02_대상물건입력'!B5,B11)),1,0))) -> 1 | O11: =IF(B11="","",IF('02_대상물건입력'!B6="",1,IF(ISNUMBER(SEARCH('02_대상물건입력'!B6,B11)),1,0))) -> 1 | P11: =IF(L11="","",IF('02_대상물건입력'!B15="",0,IF(ISNUMBER(SEARCH('02_대상물건입력'!B15,L11)),1,0))) -> 0 | Q11: =IF(D11="","",IF('02_대상물건입력'!B8="",0,IF(ISNUMBER(SEARCH('02_대상물건입력'!B8,D11)),1,0))) -> 0 | R11: =IFERROR(ABS(E11-'02_대상물건입력'!B11)/'02_대상물건입력'!B11,"") -> 0.11368875 | S11: =IFERROR(ABS(J11-'02_대상물건입력'!B10),"") -> 1 | T11: =IFERROR(ABS('01_설정'!B4-F11),"") -> 64 | U11: =IFERROR(ABS(K11-YEAR('02_대상물건입력'!B14)),"") -> 22 | V11: =IF(B11="","",IF(AND(E11>0,F11>0,H11>0,OR('04A_국토부원자료'!P12="",'04A_국토부원자료'!P12="-"),IF('01_설정'!B10=1,N11=1,TRUE),R11<='01_설정'!B5,S11<='01_설정'!B6,T11<='01_설정'!B7,U11<='01_설정'!B8),"Y","")) | W11: =IF(V11<>"Y","",MAX(0,(1-R11/'01_설정'!B5))*'01_설정'!B14+MAX(0,(1-S11/'01_설정'!B6))*'01_설정'!B15+MAX(0,(1-T11/'01_설정'!B7))*'01_설정'!B16+MAX(0,(1-U11/'01_설정'!B8))*'01_설정'!B17+O11*'01_설정'!B11+Q11*'01_설정'!B12+P11*'01_설정'!B13) | X11: =IF(W11="","",1+COUNTIFS($W$4:$W$3003,">"&W11)+COUNTIFS($W$4:W11,W11)-1)
A12: =IF('04A_국토부원자료'!A13="","",ROW()-3) -> 9 | B12: =IFERROR('04A_국토부원자료'!B13,"") -> 서울특별시 송파구 가락동 | C12: =IF(B12="","",IF('04A_국토부원자료'!C13<>"",'04A_국토부원자료'!C13,TRIM('04A_국토부원자료'!D13&IF('04A_국토부원자료'!E13<>"","-"&'04A_국토부원자료'!E13,"")))) -> 171 | D12: =IFERROR('04A_국토부원자료'!F13,"") -> 현진타워 | E12: =IFERROR(VALUE(SUBSTITUTE('04A_국토부원자료'!G13,",","")),"") -> 42.18 | F12: =IFERROR(IF(AND('04A_국토부원자료'!H13<>"",'04A_국토부원자료'!I13<>""),DATE(INT(VALUE(SUBSTITUTE('04A_국토부원자료'!H13,",",""))/100),MOD(VALUE(SUBSTITUTE('04A_국토부원자료'!H13,",","")),100),VALUE(SUBSTITUTE('04A_국토부원자료'!I13,",",""))),""),"") -> 46046 | G12: =IFERROR(VALUE(SUBSTITUTE('04A_국토부원자료'!J13,",","")),"") -> 32800 | H12: =IF(G12="","",G12*10000) -> 328000000 | I12: =IFERROR(IF(AND(H12>0,E12>0),H12/E12,""),"") -> 7776197.2 | J12: =IFERROR(VALUE(SUBSTITUTE('04A_국토부원자료'!K13,",","")),"") -> 5 | K12: =IFERROR(VALUE(SUBSTITUTE('04A_국토부원자료'!N13,",","")),"") -> 2015 | L12: =IFERROR('04A_국토부원자료'!O13,"") -> 오금로44가길 13 | M12: =IFERROR('04A_국토부원자료'!Q13,"") -> 중개거래 | N12: =IF(B12="","",IF('02_대상물건입력'!B5="",1,IF(ISNUMBER(SEARCH('02_대상물건입력'!B5,B12)),1,0))) -> 1 | O12: =IF(B12="","",IF('02_대상물건입력'!B6="",1,IF(ISNUMBER(SEARCH('02_대상물건입력'!B6,B12)),1,0))) -> 1 | P12: =IF(L12="","",IF('02_대상물건입력'!B15="",0,IF(ISNUMBER(SEARCH('02_대상물건입력'!B15,L12)),1,0))) -> 0 | Q12: =IF(D12="","",IF('02_대상물건입력'!B8="",0,IF(ISNUMBER(SEARCH('02_대상물건입력'!B8,D12)),1,0))) -> 0 | R12: =IFERROR(ABS(E12-'02_대상물건입력'!B11)/'02_대상물건입력'!B11,"") -> 0.548299 | S12: =IFERROR(ABS(J12-'02_대상물건입력'!B10),"") -> 7 | T12: =IFERROR(ABS('01_설정'!B4-F12),"") -> 66 | U12: =IFERROR(ABS(K12-YEAR('02_대상물건입력'!B14)),"") -> 11 | V12: =IF(B12="","",IF(AND(E12>0,F12>0,H12>0,OR('04A_국토부원자료'!P13="",'04A_국토부원자료'!P13="-"),IF('01_설정'!B10=1,N12=1,TRUE),R12<='01_설정'!B5,S12<='01_설정'!B6,T12<='01_설정'!B7,U12<='01_설정'!B8),"Y","")) | W12: =IF(V12<>"Y","",MAX(0,(1-R12/'01_설정'!B5))*'01_설정'!B14+MAX(0,(1-S12/'01_설정'!B6))*'01_설정'!B15+MAX(0,(1-T12/'01_설정'!B7))*'01_설정'!B16+MAX(0,(1-U12/'01_설정'!B8))*'01_설정'!B17+O12*'01_설정'!B11+Q12*'01_설정'!B12+P12*'01_설정'!B13) | X12: =IF(W12="","",1+COUNTIFS($W$4:$W$3003,">"&W12)+COUNTIFS($W$4:W12,W12)-1)
A13: =IF('04A_국토부원자료'!A14="","",ROW()-3) -> 10 | B13: =IFERROR('04A_국토부원자료'!B14,"") -> 서울특별시 송파구 가락동 | C13: =IF(B13="","",IF('04A_국토부원자료'!C14<>"",'04A_국토부원자료'!C14,TRIM('04A_국토부원자료'!D14&IF('04A_국토부원자료'!E14<>"","-"&'04A_국토부원자료'!E14,"")))) -> 98-7 | D13: =IFERROR('04A_국토부원자료'!F14,"") -> (98-7) | E13: =IFERROR(VALUE(SUBSTITUTE('04A_국토부원자료'!G14,",","")),"") -> 35.24 | F13: =IFERROR(IF(AND('04A_국토부원자료'!H14<>"",'04A_국토부원자료'!I14<>""),DATE(INT(VALUE(SUBSTITUTE('04A_국토부원자료'!H14,",",""))/100),MOD(VALUE(SUBSTITUTE('04A_국토부원자료'!H14,",","")),100),VALUE(SUBSTITUTE('04A_국토부원자료'!I14,",",""))),""),"") -> 46044 | G13: =IFERROR(VALUE(SUBSTITUTE('04A_국토부원자료'!J14,",","")),"") -> 15900 | H13: =IF(G13="","",G13*10000) -> 159000000 | I13: =IFERROR(IF(AND(H13>0,E13>0),H13/E13,""),"") -> 4511918.3 | J13: =IFERROR(VALUE(SUBSTITUTE('04A_국토부원자료'!K14,",","")),"") -> 4 | K13: =IFERROR(VALUE(SUBSTITUTE('04A_국토부원자료'!N14,",","")),"") -> 1990 | L13: =IFERROR('04A_국토부원자료'!O14,"") -> 송파대로28길 13 | M13: =IFERROR('04A_국토부원자료'!Q14,"") -> 중개거래 | N13: =IF(B13="","",IF('02_대상물건입력'!B5="",1,IF(ISNUMBER(SEARCH('02_대상물건입력'!B5,B13)),1,0))) -> 1 | O13: =IF(B13="","",IF('02_대상물건입력'!B6="",1,IF(ISNUMBER(SEARCH('02_대상물건입력'!B6,B13)),1,0))) -> 1 | P13: =IF(L13="","",IF('02_대상물건입력'!B15="",0,IF(ISNUMBER(SEARCH('02_대상물건입력'!B15,L13)),1,0))) -> 1 | Q13: =IF(D13="","",IF('02_대상물건입력'!B8="",0,IF(ISNUMBER(SEARCH('02_대상물건입력'!B8,D13)),1,0))) -> 0 | R13: =IFERROR(ABS(E13-'02_대상물건입력'!B11)/'02_대상물건입력'!B11,"") -> 0.29355279 | S13: =IFERROR(ABS(J13-'02_대상물건입력'!B10),"") -> 8 | T13: =IFERROR(ABS('01_설정'!B4-F13),"") -> 68 | U13: =IFERROR(ABS(K13-YEAR('02_대상물건입력'!B14)),"") -> 36 | V13: =IF(B13="","",IF(AND(E13>0,F13>0,H13>0,OR('04A_국토부원자료'!P14="",'04A_국토부원자료'!P14="-"),IF('01_설정'!B10=1,N13=1,TRUE),R13<='01_설정'!B5,S13<='01_설정'!B6,T13<='01_설정'!B7,U13<='01_설정'!B8),"Y","")) | W13: =IF(V13<>"Y","",MAX(0,(1-R13/'01_설정'!B5))*'01_설정'!B14+MAX(0,(1-S13/'01_설정'!B6))*'01_설정'!B15+MAX(0,(1-T13/'01_설정'!B7))*'01_설정'!B16+MAX(0,(1-U13/'01_설정'!B8))*'01_설정'!B17+O13*'01_설정'!B11+Q13*'01_설정'!B12+P13*'01_설정'!B13) | X13: =IF(W13="","",1+COUNTIFS($W$4:$W$3003,">"&W13)+COUNTIFS($W$4:W13,W13)-1)
A14: =IF('04A_국토부원자료'!A15="","",ROW()-3) -> 11 | B14: =IFERROR('04A_국토부원자료'!B15,"") -> 서울특별시 송파구 가락동 | C14: =IF(B14="","",IF('04A_국토부원자료'!C15<>"",'04A_국토부원자료'!C15,TRIM('04A_국토부원자료'!D15&IF('04A_국토부원자료'!E15<>"","-"&'04A_국토부원자료'!E15,"")))) -> 78-1 | D14: =IFERROR('04A_국토부원자료'!F15,"") -> 한화오벨리스크 | E14: =IFERROR(VALUE(SUBSTITUTE('04A_국토부원자료'!G15,",","")),"") -> 37.93 | F14: =IFERROR(IF(AND('04A_국토부원자료'!H15<>"",'04A_국토부원자료'!I15<>""),DATE(INT(VALUE(SUBSTITUTE('04A_국토부원자료'!H15,",",""))/100),MOD(VALUE(SUBSTITUTE('04A_국토부원자료'!H15,",","")),100),VALUE(SUBSTITUTE('04A_국토부원자료'!I15,",",""))),""),"") -> 46041 | G14: =IFERROR(VALUE(SUBSTITUTE('04A_국토부원자료'!J15,",","")),"") -> 22000 | H14: =IF(G14="","",G14*10000) -> 220000000 | I14: =IFERROR(IF(AND(H14>0,E14>0),H14/E14,""),"") -> 5800158.2 | J14: =IFERROR(VALUE(SUBSTITUTE('04A_국토부원자료'!K15,",","")),"") -> 12 | K14: =IFERROR(VALUE(SUBSTITUTE('04A_국토부원자료'!N15,",","")),"") -> 2004 | L14: =IFERROR('04A_국토부원자료'!O15,"") -> 중대로 127 | M14: =IFERROR('04A_국토부원자료'!Q15,"") -> 중개거래 | N14: =IF(B14="","",IF('02_대상물건입력'!B5="",1,IF(ISNUMBER(SEARCH('02_대상물건입력'!B5,B14)),1,0))) -> 1 | O14: =IF(B14="","",IF('02_대상물건입력'!B6="",1,IF(ISNUMBER(SEARCH('02_대상물건입력'!B6,B14)),1,0))) -> 1 | P14: =IF(L14="","",IF('02_대상물건입력'!B15="",0,IF(ISNUMBER(SEARCH('02_대상물건입력'!B15,L14)),1,0))) -> 0 | Q14: =IF(D14="","",IF('02_대상물건입력'!B8="",0,IF(ISNUMBER(SEARCH('02_대상물건입력'!B8,D14)),1,0))) -> 0 | R14: =IFERROR(ABS(E14-'02_대상물건입력'!B11)/'02_대상물건입력'!B11,"") -> 0.39229448 | S14: =IFERROR(ABS(J14-'02_대상물건입력'!B10),"") -> 0 | T14: =IFERROR(ABS('01_설정'!B4-F14),"") -> 71 | U14: =IFERROR(ABS(K14-YEAR('02_대상물건입력'!B14)),"") -> 22 | V14: =IF(B14="","",IF(AND(E14>0,F14>0,H14>0,OR('04A_국토부원자료'!P15="",'04A_국토부원자료'!P15="-"),IF('01_설정'!B10=1,N14=1,TRUE),R14<='01_설정'!B5,S14<='01_설정'!B6,T14<='01_설정'!B7,U14<='01_설정'!B8),"Y","")) | W14: =IF(V14<>"Y","",MAX(0,(1-R14/'01_설정'!B5))*'01_설정'!B14+MAX(0,(1-S14/'01_설정'!B6))*'01_설정'!B15+MAX(0,(1-T14/'01_설정'!B7))*'01_설정'!B16+MAX(0,(1-U14/'01_설정'!B8))*'01_설정'!B17+O14*'01_설정'!B11+Q14*'01_설정'!B12+P14*'01_설정'!B13) | X14: =IF(W14="","",1+COUNTIFS($W$4:$W$3003,">"&W14)+COUNTIFS($W$4:W14,W14)-1)
A15: =IF('04A_국토부원자료'!A16="","",ROW()-3) -> 12 | B15: =IFERROR('04A_국토부원자료'!B16,"") -> 서울특별시 송파구 가락동 | C15: =IF(B15="","",IF('04A_국토부원자료'!C16<>"",'04A_국토부원자료'!C16,TRIM('04A_국토부원자료'!D16&IF('04A_국토부원자료'!E16<>"","-"&'04A_국토부원자료'!E16,"")))) -> 99-3 | D15: =IFERROR('04A_국토부원자료'!F16,"") -> 제일오피스텔 | E15: =IFERROR(VALUE(SUBSTITUTE('04A_국토부원자료'!G16,",","")),"") -> 31.14 | F15: =IFERROR(IF(AND('04A_국토부원자료'!H16<>"",'04A_국토부원자료'!I16<>""),DATE(INT(VALUE(SUBSTITUTE('04A_국토부원자료'!H16,",",""))/100),MOD(VALUE(SUBSTITUTE('04A_국토부원자료'!H16,",","")),100),VALUE(SUBSTITUTE('04A_국토부원자료'!I16,",",""))),""),"") -> 46039 | G15: =IFERROR(VALUE(SUBSTITUTE('04A_국토부원자료'!J16,",","")),"") -> 19000 | H15: =IF(G15="","",G15*10000) -> 190000000 | I15: =IFERROR(IF(AND(H15>0,E15>0),H15/E15,""),"") -> 6101477.2 | J15: =IFERROR(VALUE(SUBSTITUTE('04A_국토부원자료'!K16,",","")),"") -> 14 | K15: =IFERROR(VALUE(SUBSTITUTE('04A_국토부원자료'!N16,",","")),"") -> 1992 | L15: =IFERROR('04A_국토부원자료'!O16,"") -> 송파대로 260 | M15: =IFERROR('04A_국토부원자료'!Q16,"") -> 중개거래 | N15: =IF(B15="","",IF('02_대상물건입력'!B5="",1,IF(ISNUMBER(SEARCH('02_대상물건입력'!B5,B15)),1,0))) -> 1 | O15: =IF(B15="","",IF('02_대상물건입력'!B6="",1,IF(ISNUMBER(SEARCH('02_대상물건입력'!B6,B15)),1,0))) -> 1 | P15: =IF(L15="","",IF('02_대상물건입력'!B15="",0,IF(ISNUMBER(SEARCH('02_대상물건입력'!B15,L15)),1,0))) -> 1 | Q15: =IF(D15="","",IF('02_대상물건입력'!B8="",0,IF(ISNUMBER(SEARCH('02_대상물건입력'!B8,D15)),1,0))) -> 0 | R15: =IFERROR(ABS(E15-'02_대상물건입력'!B11)/'02_대상물건입력'!B11,"") -> 0.14305431 | S15: =IFERROR(ABS(J15-'02_대상물건입력'!B10),"") -> 2 | T15: =IFERROR(ABS('01_설정'!B4-F15),"") -> 73 | U15: =IFERROR(ABS(K15-YEAR('02_대상물건입력'!B14)),"") -> 34 | V15: =IF(B15="","",IF(AND(E15>0,F15>0,H15>0,OR('04A_국토부원자료'!P16="",'04A_국토부원자료'!P16="-"),IF('01_설정'!B10=1,N15=1,TRUE),R15<='01_설정'!B5,S15<='01_설정'!B6,T15<='01_설정'!B7,U15<='01_설정'!B8),"Y","")) | W15: =IF(V15<>"Y","",MAX(0,(1-R15/'01_설정'!B5))*'01_설정'!B14+MAX(0,(1-S15/'01_설정'!B6))*'01_설정'!B15+MAX(0,(1-T15/'01_설정'!B7))*'01_설정'!B16+MAX(0,(1-U15/'01_설정'!B8))*'01_설정'!B17+O15*'01_설정'!B11+Q15*'01_설정'!B12+P15*'01_설정'!B13) | X15: =IF(W15="","",1+COUNTIFS($W$4:$W$3003,">"&W15)+COUNTIFS($W$4:W15,W15)-1)
A16: =IF('04A_국토부원자료'!A17="","",ROW()-3) -> 13 | B16: =IFERROR('04A_국토부원자료'!B17,"") -> 서울특별시 송파구 가락동 | C16: =IF(B16="","",IF('04A_국토부원자료'!C17<>"",'04A_국토부원자료'!C17,TRIM('04A_국토부원자료'!D17&IF('04A_국토부원자료'!E17<>"","-"&'04A_국토부원자료'!E17,"")))) -> 98-2 | D16: =IFERROR('04A_국토부원자료'!F17,"") -> (98-2) | E16: =IFERROR(VALUE(SUBSTITUTE('04A_국토부원자료'!G17,",","")),"") -> 33.2 | F16: =IFERROR(IF(AND('04A_국토부원자료'!H17<>"",'04A_국토부원자료'!I17<>""),DATE(INT(VALUE(SUBSTITUTE('04A_국토부원자료'!H17,",",""))/100),MOD(VALUE(SUBSTITUTE('04A_국토부원자료'!H17,",","")),100),VALUE(SUBSTITUTE('04A_국토부원자료'!I17,",",""))),""),"") -> 46036 | G16: =IFERROR(VALUE(SUBSTITUTE('04A_국토부원자료'!J17,",","")),"") -> 11300 | H16: =IF(G16="","",G16*10000) -> 113000000 | I16: =IFERROR(IF(AND(H16>0,E16>0),H16/E16,""),"") -> 3403614.5 | J16: =IFERROR(VALUE(SUBSTITUTE('04A_국토부원자료'!K17,",","")),"") -> 5 | K16: =IFERROR(VALUE(SUBSTITUTE('04A_국토부원자료'!N17,",","")),"") -> 1990 | L16: =IFERROR('04A_국토부원자료'!O17,"") -> 송파대로30길 8 | M16: =IFERROR('04A_국토부원자료'!Q17,"") -> 중개거래 | N16: =IF(B16="","",IF('02_대상물건입력'!B5="",1,IF(ISNUMBER(SEARCH('02_대상물건입력'!B5,B16)),1,0))) -> 1 | O16: =IF(B16="","",IF('02_대상물건입력'!B6="",1,IF(ISNUMBER(SEARCH('02_대상물건입력'!B6,B16)),1,0))) -> 1 | P16: =IF(L16="","",IF('02_대상물건입력'!B15="",0,IF(ISNUMBER(SEARCH('02_대상물건입력'!B15,L16)),1,0))) -> 1 | Q16: =IF(D16="","",IF('02_대상물건입력'!B8="",0,IF(ISNUMBER(SEARCH('02_대상물건입력'!B8,D16)),1,0))) -> 0 | R16: =IFERROR(ABS(E16-'02_대상물건입력'!B11)/'02_대상물건입력'!B11,"") -> 0.21867062 | S16: =IFERROR(ABS(J16-'02_대상물건입력'!B10),"") -> 7 | T16: =IFERROR(ABS('01_설정'!B4-F16),"") -> 76 | U16: =IFERROR(ABS(K16-YEAR('02_대상물건입력'!B14)),"") -> 36 | V16: =IF(B16="","",IF(AND(E16>0,F16>0,H16>0,OR('04A_국토부원자료'!P17="",'04A_국토부원자료'!P17="-"),IF('01_설정'!B10=1,N16=1,TRUE),R16<='01_설정'!B5,S16<='01_설정'!B6,T16<='01_설정'!B7,U16<='01_설정'!B8),"Y","")) | W16: =IF(V16<>"Y","",MAX(0,(1-R16/'01_설정'!B5))*'01_설정'!B14+MAX(0,(1-S16/'01_설정'!B6))*'01_설정'!B15+MAX(0,(1-T16/'01_설정'!B7))*'01_설정'!B16+MAX(0,(1-U16/'01_설정'!B8))*'01_설정'!B17+O16*'01_설정'!B11+Q16*'01_설정'!B12+P16*'01_설정'!B13) | X16: =IF(W16="","",1+COUNTIFS($W$4:$W$3003,">"&W16)+COUNTIFS($W$4:W16,W16)-1)
A17: =IF('04A_국토부원자료'!A18="","",ROW()-3) -> 14 | B17: =IFERROR('04A_국토부원자료'!B18,"") -> 서울특별시 송파구 가락동 | C17: =IF(B17="","",IF('04A_국토부원자료'!C18<>"",'04A_국토부원자료'!C18,TRIM('04A_국토부원자료'!D18&IF('04A_국토부원자료'!E18<>"","-"&'04A_국토부원자료'!E18,"")))) -> 98-7 | D17: =IFERROR('04A_국토부원자료'!F18,"") -> (98-7) | E17: =IFERROR(VALUE(SUBSTITUTE('04A_국토부원자료'!G18,",","")),"") -> 35.24 | F17: =IFERROR(IF(AND('04A_국토부원자료'!H18<>"",'04A_국토부원자료'!I18<>""),DATE(INT(VALUE(SUBSTITUTE('04A_국토부원자료'!H18,",",""))/100),MOD(VALUE(SUBSTITUTE('04A_국토부원자료'!H18,",","")),100),VALUE(SUBSTITUTE('04A_국토부원자료'!I18,",",""))),""),"") -> 46029 | G17: =IFERROR(VALUE(SUBSTITUTE('04A_국토부원자료'!J18,",","")),"") -> 15900 | H17: =IF(G17="","",G17*10000) -> 159000000 | I17: =IFERROR(IF(AND(H17>0,E17>0),H17/E17,""),"") -> 4511918.3 | J17: =IFERROR(VALUE(SUBSTITUTE('04A_국토부원자료'!K18,",","")),"") -> 4 | K17: =IFERROR(VALUE(SUBSTITUTE('04A_국토부원자료'!N18,",","")),"") -> 1990 | L17: =IFERROR('04A_국토부원자료'!O18,"") -> 송파대로28길 13 | M17: =IFERROR('04A_국토부원자료'!Q18,"") -> 중개거래 | N17: =IF(B17="","",IF('02_대상물건입력'!B5="",1,IF(ISNUMBER(SEARCH('02_대상물건입력'!B5,B17)),1,0))) -> 1 | O17: =IF(B17="","",IF('02_대상물건입력'!B6="",1,IF(ISNUMBER(SEARCH('02_대상물건입력'!B6,B17)),1,0))) -> 1 | P17: =IF(L17="","",IF('02_대상물건입력'!B15="",0,IF(ISNUMBER(SEARCH('02_대상물건입력'!B15,L17)),1,0))) -> 1 | Q17: =IF(D17="","",IF('02_대상물건입력'!B8="",0,IF(ISNUMBER(SEARCH('02_대상물건입력'!B8,D17)),1,0))) -> 0 | R17: =IFERROR(ABS(E17-'02_대상물건입력'!B11)/'02_대상물건입력'!B11,"") -> 0.29355279 | S17: =IFERROR(ABS(J17-'02_대상물건입력'!B10),"") -> 8 | T17: =IFERROR(ABS('01_설정'!B4-F17),"") -> 83 | U17: =IFERROR(ABS(K17-YEAR('02_대상물건입력'!B14)),"") -> 36 | V17: =IF(B17="","",IF(AND(E17>0,F17>0,H17>0,OR('04A_국토부원자료'!P18="",'04A_국토부원자료'!P18="-"),IF('01_설정'!B10=1,N17=1,TRUE),R17<='01_설정'!B5,S17<='01_설정'!B6,T17<='01_설정'!B7,U17<='01_설정'!B8),"Y","")) | W17: =IF(V17<>"Y","",MAX(0,(1-R17/'01_설정'!B5))*'01_설정'!B14+MAX(0,(1-S17/'01_설정'!B6))*'01_설정'!B15+MAX(0,(1-T17/'01_설정'!B7))*'01_설정'!B16+MAX(0,(1-U17/'01_설정'!B8))*'01_설정'!B17+O17*'01_설정'!B11+Q17*'01_설정'!B12+P17*'01_설정'!B13) | X17: =IF(W17="","",1+COUNTIFS($W$4:$W$3003,">"&W17)+COUNTIFS($W$4:W17,W17)-1)
A18: =IF('04A_국토부원자료'!A19="","",ROW()-3) -> 15 | B18: =IFERROR('04A_국토부원자료'!B19,"") -> 서울특별시 송파구 가락동 | C18: =IF(B18="","",IF('04A_국토부원자료'!C19<>"",'04A_국토부원자료'!C19,TRIM('04A_국토부원자료'!D19&IF('04A_국토부원자료'!E19<>"","-"&'04A_국토부원자료'!E19,"")))) -> 98-7 | D18: =IFERROR('04A_국토부원자료'!F19,"") -> (98-7) | E18: =IFERROR(VALUE(SUBSTITUTE('04A_국토부원자료'!G19,",","")),"") -> 23.47 | F18: =IFERROR(IF(AND('04A_국토부원자료'!H19<>"",'04A_국토부원자료'!I19<>""),DATE(INT(VALUE(SUBSTITUTE('04A_국토부원자료'!H19,",",""))/100),MOD(VALUE(SUBSTITUTE('04A_국토부원자료'!H19,",","")),100),VALUE(SUBSTITUTE('04A_국토부원자료'!I19,",",""))),""),"") -> 46028 | G18: =IFERROR(VALUE(SUBSTITUTE('04A_국토부원자료'!J19,",","")),"") -> 9500 | H18: =IF(G18="","",G18*10000) -> 95000000 | I18: =IFERROR(IF(AND(H18>0,E18>0),H18/E18,""),"") -> 4047720.5 | J18: =IFERROR(VALUE(SUBSTITUTE('04A_국토부원자료'!K19,",","")),"") -> 10 | K18: =IFERROR(VALUE(SUBSTITUTE('04A_국토부원자료'!N19,",","")),"") -> 1990 | L18: =IFERROR('04A_국토부원자료'!O19,"") -> 송파대로28길 13 | M18: =IFERROR('04A_국토부원자료'!Q19,"") -> 중개거래 | N18: =IF(B18="","",IF('02_대상물건입력'!B5="",1,IF(ISNUMBER(SEARCH('02_대상물건입력'!B5,B18)),1,0))) -> 1 | O18: =IF(B18="","",IF('02_대상물건입력'!B6="",1,IF(ISNUMBER(SEARCH('02_대상물건입력'!B6,B18)),1,0))) -> 1 | P18: =IF(L18="","",IF('02_대상물건입력'!B15="",0,IF(ISNUMBER(SEARCH('02_대상물건입력'!B15,L18)),1,0))) -> 1 | Q18: =IF(D18="","",IF('02_대상물건입력'!B8="",0,IF(ISNUMBER(SEARCH('02_대상물건입력'!B8,D18)),1,0))) -> 0 | R18: =IFERROR(ABS(E18-'02_대상물건입력'!B11)/'02_대상물건입력'!B11,"") -> 0.13848797 | S18: =IFERROR(ABS(J18-'02_대상물건입력'!B10),"") -> 2 | T18: =IFERROR(ABS('01_설정'!B4-F18),"") -> 84 | U18: =IFERROR(ABS(K18-YEAR('02_대상물건입력'!B14)),"") -> 36 | V18: =IF(B18="","",IF(AND(E18>0,F18>0,H18>0,OR('04A_국토부원자료'!P19="",'04A_국토부원자료'!P19="-"),IF('01_설정'!B10=1,N18=1,TRUE),R18<='01_설정'!B5,S18<='01_설정'!B6,T18<='01_설정'!B7,U18<='01_설정'!B8),"Y","")) | W18: =IF(V18<>"Y","",MAX(0,(1-R18/'01_설정'!B5))*'01_설정'!B14+MAX(0,(1-S18/'01_설정'!B6))*'01_설정'!B15+MAX(0,(1-T18/'01_설정'!B7))*'01_설정'!B16+MAX(0,(1-U18/'01_설정'!B8))*'01_설정'!B17+O18*'01_설정'!B11+Q18*'01_설정'!B12+P18*'01_설정'!B13) | X18: =IF(W18="","",1+COUNTIFS($W$4:$W$3003,">"&W18)+COUNTIFS($W$4:W18,W18)-1)
A19: =IF('04A_국토부원자료'!A20="","",ROW()-3) -> 16 | B19: =IFERROR('04A_국토부원자료'!B20,"") -> 서울특별시 송파구 가락동 | C19: =IF(B19="","",IF('04A_국토부원자료'!C20<>"",'04A_국토부원자료'!C20,TRIM('04A_국토부원자료'!D20&IF('04A_국토부원자료'!E20<>"","-"&'04A_국토부원자료'!E20,"")))) -> 99-3 | D19: =IFERROR('04A_국토부원자료'!F20,"") -> 제일오피스텔 | E19: =IFERROR(VALUE(SUBSTITUTE('04A_국토부원자료'!G20,",","")),"") -> 25.39 | F19: =IFERROR(IF(AND('04A_국토부원자료'!H20<>"",'04A_국토부원자료'!I20<>""),DATE(INT(VALUE(SUBSTITUTE('04A_국토부원자료'!H20,",",""))/100),MOD(VALUE(SUBSTITUTE('04A_국토부원자료'!H20,",","")),100),VALUE(SUBSTITUTE('04A_국토부원자료'!I20,",",""))),""),"") -> 46022 | G19: =IFERROR(VALUE(SUBSTITUTE('04A_국토부원자료'!J20,",","")),"") -> 15000 | H19: =IF(G19="","",G19*10000) -> 150000000 | I19: =IFERROR(IF(AND(H19>0,E19>0),H19/E19,""),"") -> 5907837.7 | J19: =IFERROR(VALUE(SUBSTITUTE('04A_국토부원자료'!K20,",","")),"") -> 16 | K19: =IFERROR(VALUE(SUBSTITUTE('04A_국토부원자료'!N20,",","")),"") -> 1992 | L19: =IFERROR('04A_국토부원자료'!O20,"") -> 송파대로 260 | M19: =IFERROR('04A_국토부원자료'!Q20,"") -> 중개거래 | N19: =IF(B19="","",IF('02_대상물건입력'!B5="",1,IF(ISNUMBER(SEARCH('02_대상물건입력'!B5,B19)),1,0))) -> 1 | O19: =IF(B19="","",IF('02_대상물건입력'!B6="",1,IF(ISNUMBER(SEARCH('02_대상물건입력'!B6,B19)),1,0))) -> 1 | P19: =IF(L19="","",IF('02_대상물건입력'!B15="",0,IF(ISNUMBER(SEARCH('02_대상물건입력'!B15,L19)),1,0))) -> 1 | Q19: =IF(D19="","",IF('02_대상물건입력'!B8="",0,IF(ISNUMBER(SEARCH('02_대상물건입력'!B8,D19)),1,0))) -> 0 | R19: =IFERROR(ABS(E19-'02_대상물건입력'!B11)/'02_대상물건입력'!B11,"") -> 0.06801063 | S19: =IFERROR(ABS(J19-'02_대상물건입력'!B10),"") -> 4 | T19: =IFERROR(ABS('01_설정'!B4-F19),"") -> 90 | U19: =IFERROR(ABS(K19-YEAR('02_대상물건입력'!B14)),"") -> 34 | V19: =IF(B19="","",IF(AND(E19>0,F19>0,H19>0,OR('04A_국토부원자료'!P20="",'04A_국토부원자료'!P20="-"),IF('01_설정'!B10=1,N19=1,TRUE),R19<='01_설정'!B5,S19<='01_설정'!B6,T19<='01_설정'!B7,U19<='01_설정'!B8),"Y","")) | W19: =IF(V19<>"Y","",MAX(0,(1-R19/'01_설정'!B5))*'01_설정'!B14+MAX(0,(1-S19/'01_설정'!B6))*'01_설정'!B15+MAX(0,(1-T19/'01_설정'!B7))*'01_설정'!B16+MAX(0,(1-U19/'01_설정'!B8))*'01_설정'!B17+O19*'01_설정'!B11+Q19*'01_설정'!B12+P19*'01_설정'!B13) | X19: =IF(W19="","",1+COUNTIFS($W$4:$W$3003,">"&W19)+COUNTIFS($W$4:W19,W19)-1)
A20: =IF('04A_국토부원자료'!A21="","",ROW()-3) -> 17 | B20: =IFERROR('04A_국토부원자료'!B21,"") -> 서울특별시 송파구 가락동 | C20: =IF(B20="","",IF('04A_국토부원자료'!C21<>"",'04A_국토부원자료'!C21,TRIM('04A_국토부원자료'!D21&IF('04A_국토부원자료'!E21<>"","-"&'04A_국토부원자료'!E21,"")))) -> 78-1 | D20: =IFERROR('04A_국토부원자료'!F21,"") -> 한화오벨리스크 | E20: =IFERROR(VALUE(SUBSTITUTE('04A_국토부원자료'!G21,",","")),"") -> 37.93 | F20: =IFERROR(IF(AND('04A_국토부원자료'!H21<>"",'04A_국토부원자료'!I21<>""),DATE(INT(VALUE(SUBSTITUTE('04A_국토부원자료'!H21,",",""))/100),MOD(VALUE(SUBSTITUTE('04A_국토부원자료'!H21,",","")),100),VALUE(SUBSTITUTE('04A_국토부원자료'!I21,",",""))),""),"") -> 46011 | G20: =IFERROR(VALUE(SUBSTITUTE('04A_국토부원자료'!J21,",","")),"") -> 20200 | H20: =IF(G20="","",G20*10000) -> 202000000 | I20: =IFERROR(IF(AND(H20>0,E20>0),H20/E20,""),"") -> 5325599.8 | J20: =IFERROR(VALUE(SUBSTITUTE('04A_국토부원자료'!K21,",","")),"") -> 4 | K20: =IFERROR(VALUE(SUBSTITUTE('04A_국토부원자료'!N21,",","")),"") -> 2004 | L20: =IFERROR('04A_국토부원자료'!O21,"") -> 중대로 127 | M20: =IFERROR('04A_국토부원자료'!Q21,"") -> 중개거래 | N20: =IF(B20="","",IF('02_대상물건입력'!B5="",1,IF(ISNUMBER(SEARCH('02_대상물건입력'!B5,B20)),1,0))) -> 1 | O20: =IF(B20="","",IF('02_대상물건입력'!B6="",1,IF(ISNUMBER(SEARCH('02_대상물건입력'!B6,B20)),1,0))) -> 1 | P20: =IF(L20="","",IF('02_대상물건입력'!B15="",0,IF(ISNUMBER(SEARCH('02_대상물건입력'!B15,L20)),1,0))) -> 0 | Q20: =IF(D20="","",IF('02_대상물건입력'!B8="",0,IF(ISNUMBER(SEARCH('02_대상물건입력'!B8,D20)),1,0))) -> 0 | R20: =IFERROR(ABS(E20-'02_대상물건입력'!B11)/'02_대상물건입력'!B11,"") -> 0.39229448 | S20: =IFERROR(ABS(J20-'02_대상물건입력'!B10),"") -> 8 | T20: =IFERROR(ABS('01_설정'!B4-F20),"") -> 101 | U20: =IFERROR(ABS(K20-YEAR('02_대상물건입력'!B14)),"") -> 22 | V20: =IF(B20="","",IF(AND(E20>0,F20>0,H20>0,OR('04A_국토부원자료'!P21="",'04A_국토부원자료'!P21="-"),IF('01_설정'!B10=1,N20=1,TRUE),R20<='01_설정'!B5,S20<='01_설정'!B6,T20<='01_설정'!B7,U20<='01_설정'!B8),"Y","")) | W20: =IF(V20<>"Y","",MAX(0,(1-R20/'01_설정'!B5))*'01_설정'!B14+MAX(0,(1-S20/'01_설정'!B6))*'01_설정'!B15+MAX(0,(1-T20/'01_설정'!B7))*'01_설정'!B16+MAX(0,(1-U20/'01_설정'!B8))*'01_설정'!B17+O20*'01_설정'!B11+Q20*'01_설정'!B12+P20*'01_설정'!B13) | X20: =IF(W20="","",1+COUNTIFS($W$4:$W$3003,">"&W20)+COUNTIFS($W$4:W20,W20)-1)
A21: =IF('04A_국토부원자료'!A22="","",ROW()-3) -> 18 | B21: =IFERROR('04A_국토부원자료'!B22,"") -> 서울특별시 송파구 가락동 | C21: =IF(B21="","",IF('04A_국토부원자료'!C22<>"",'04A_국토부원자료'!C22,TRIM('04A_국토부원자료'!D22&IF('04A_국토부원자료'!E22<>"","-"&'04A_국토부원자료'!E22,"")))) -> 180-5 | D21: =IFERROR('04A_국토부원자료'!F22,"") -> (180-5) | E21: =IFERROR(VALUE(SUBSTITUTE('04A_국토부원자료'!G22,",","")),"") -> 38.58 | F21: =IFERROR(IF(AND('04A_국토부원자료'!H22<>"",'04A_국토부원자료'!I22<>""),DATE(INT(VALUE(SUBSTITUTE('04A_국토부원자료'!H22,",",""))/100),MOD(VALUE(SUBSTITUTE('04A_국토부원자료'!H22,",","")),100),VALUE(SUBSTITUTE('04A_국토부원자료'!I22,",",""))),""),"") -> 46008 | G21: =IFERROR(VALUE(SUBSTITUTE('04A_국토부원자료'!J22,",","")),"") -> 13500 | H21: =IF(G21="","",G21*10000) -> 135000000 | I21: =IFERROR(IF(AND(H21>0,E21>0),H21/E21,""),"") -> 3499222.4 | J21: =IFERROR(VALUE(SUBSTITUTE('04A_국토부원자료'!K22,",","")),"") -> 8 | K21: =IFERROR(VALUE(SUBSTITUTE('04A_국토부원자료'!N22,",","")),"") -> 2002 | L21: =IFERROR('04A_국토부원자료'!O22,"") -> 문정로 151 | M21: =IFERROR('04A_국토부원자료'!Q22,"") -> 중개거래 | N21: =IF(B21="","",IF('02_대상물건입력'!B5="",1,IF(ISNUMBER(SEARCH('02_대상물건입력'!B5,B21)),1,0))) -> 1 | O21: =IF(B21="","",IF('02_대상물건입력'!B6="",1,IF(ISNUMBER(SEARCH('02_대상물건입력'!B6,B21)),1,0))) -> 1 | P21: =IF(L21="","",IF('02_대상물건입력'!B15="",0,IF(ISNUMBER(SEARCH('02_대상물건입력'!B15,L21)),1,0))) -> 0 | Q21: =IF(D21="","",IF('02_대상물건입력'!B8="",0,IF(ISNUMBER(SEARCH('02_대상물건입력'!B8,D21)),1,0))) -> 0 | R21: =IFERROR(ABS(E21-'02_대상물건입력'!B11)/'02_대상물건입력'!B11,"") -> 0.41615399 | S21: =IFERROR(ABS(J21-'02_대상물건입력'!B10),"") -> 4 | T21: =IFERROR(ABS('01_설정'!B4-F21),"") -> 104 | U21: =IFERROR(ABS(K21-YEAR('02_대상물건입력'!B14)),"") -> 24 | V21: =IF(B21="","",IF(AND(E21>0,F21>0,H21>0,OR('04A_국토부원자료'!P22="",'04A_국토부원자료'!P22="-"),IF('01_설정'!B10=1,N21=1,TRUE),R21<='01_설정'!B5,S21<='01_설정'!B6,T21<='01_설정'!B7,U21<='01_설정'!B8),"Y","")) | W21: =IF(V21<>"Y","",MAX(0,(1-R21/'01_설정'!B5))*'01_설정'!B14+MAX(0,(1-S21/'01_설정'!B6))*'01_설정'!B15+MAX(0,(1-T21/'01_설정'!B7))*'01_설정'!B16+MAX(0,(1-U21/'01_설정'!B8))*'01_설정'!B17+O21*'01_설정'!B11+Q21*'01_설정'!B12+P21*'01_설정'!B13) | X21: =IF(W21="","",1+COUNTIFS($W$4:$W$3003,">"&W21)+COUNTIFS($W$4:W21,W21)-1)
A22: =IF('04A_국토부원자료'!A23="","",ROW()-3) -> 19 | B22: =IFERROR('04A_국토부원자료'!B23,"") -> 서울특별시 송파구 가락동 | C22: =IF(B22="","",IF('04A_국토부원자료'!C23<>"",'04A_국토부원자료'!C23,TRIM('04A_국토부원자료'!D23&IF('04A_국토부원자료'!E23<>"","-"&'04A_국토부원자료'!E23,"")))) -> 79-7 | D22: =IFERROR('04A_국토부원자료'!F23,"") -> (79-7) | E22: =IFERROR(VALUE(SUBSTITUTE('04A_국토부원자료'!G23,",","")),"") -> 29.52 | F22: =IFERROR(IF(AND('04A_국토부원자료'!H23<>"",'04A_국토부원자료'!I23<>""),DATE(INT(VALUE(SUBSTITUTE('04A_국토부원자료'!H23,",",""))/100),MOD(VALUE(SUBSTITUTE('04A_국토부원자료'!H23,",","")),100),VALUE(SUBSTITUTE('04A_국토부원자료'!I23,",",""))),""),"") -> 46007 | G22: =IFERROR(VALUE(SUBSTITUTE('04A_국토부원자료'!J23,",","")),"") -> 13000 | H22: =IF(G22="","",G22*10000) -> 130000000 | I22: =IFERROR(IF(AND(H22>0,E22>0),H22/E22,""),"") -> 4403794 | J22: =IFERROR(VALUE(SUBSTITUTE('04A_국토부원자료'!K23,",","")),"") -> 4 | K22: =IFERROR(VALUE(SUBSTITUTE('04A_국토부원자료'!N23,",","")),"") -> 1990 | L22: =IFERROR('04A_국토부원자료'!O23,"") -> 송파대로28길 32 | M22: =IFERROR('04A_국토부원자료'!Q23,"") -> 직거래 | N22: =IF(B22="","",IF('02_대상물건입력'!B5="",1,IF(ISNUMBER(SEARCH('02_대상물건입력'!B5,B22)),1,0))) -> 1 | O22: =IF(B22="","",IF('02_대상물건입력'!B6="",1,IF(ISNUMBER(SEARCH('02_대상물건입력'!B6,B22)),1,0))) -> 1 | P22: =IF(L22="","",IF('02_대상물건입력'!B15="",0,IF(ISNUMBER(SEARCH('02_대상물건입력'!B15,L22)),1,0))) -> 1 | Q22: =IF(D22="","",IF('02_대상물건입력'!B8="",0,IF(ISNUMBER(SEARCH('02_대상물건입력'!B8,D22)),1,0))) -> 0 | R22: =IFERROR(ABS(E22-'02_대상물건입력'!B11)/'02_대상물건입력'!B11,"") -> 0.083589058 | S22: =IFERROR(ABS(J22-'02_대상물건입력'!B10),"") -> 8 | T22: =IFERROR(ABS('01_설정'!B4-F22),"") -> 105 | U22: =IFERROR(ABS(K22-YEAR('02_대상물건입력'!B14)),"") -> 36 | V22: =IF(B22="","",IF(AND(E22>0,F22>0,H22>0,OR('04A_국토부원자료'!P23="",'04A_국토부원자료'!P23="-"),IF('01_설정'!B10=1,N22=1,TRUE),R22<='01_설정'!B5,S22<='01_설정'!B6,T22<='01_설정'!B7,U22<='01_설정'!B8),"Y","")) | W22: =IF(V22<>"Y","",MAX(0,(1-R22/'01_설정'!B5))*'01_설정'!B14+MAX(0,(1-S22/'01_설정'!B6))*'01_설정'!B15+MAX(0,(1-T22/'01_설정'!B7))*'01_설정'!B16+MAX(0,(1-U22/'01_설정'!B8))*'01_설정'!B17+O22*'01_설정'!B11+Q22*'01_설정'!B12+P22*'01_설정'!B13) | X22: =IF(W22="","",1+COUNTIFS($W$4:$W$3003,">"&W22)+COUNTIFS($W$4:W22,W22)-1)
A23: =IF('04A_국토부원자료'!A24="","",ROW()-3) -> 20 | B23: =IFERROR('04A_국토부원자료'!B24,"") -> 서울특별시 송파구 가락동 | C23: =IF(B23="","",IF('04A_국토부원자료'!C24<>"",'04A_국토부원자료'!C24,TRIM('04A_국토부원자료'!D24&IF('04A_국토부원자료'!E24<>"","-"&'04A_국토부원자료'!E24,"")))) -> 79-7 | D23: =IFERROR('04A_국토부원자료'!F24,"") -> (79-7) | E23: =IFERROR(VALUE(SUBSTITUTE('04A_국토부원자료'!G24,",","")),"") -> 34.44 | F23: =IFERROR(IF(AND('04A_국토부원자료'!H24<>"",'04A_국토부원자료'!I24<>""),DATE(INT(VALUE(SUBSTITUTE('04A_국토부원자료'!H24,",",""))/100),MOD(VALUE(SUBSTITUTE('04A_국토부원자료'!H24,",","")),100),VALUE(SUBSTITUTE('04A_국토부원자료'!I24,",",""))),""),"") -> 46007 | G23: =IFERROR(VALUE(SUBSTITUTE('04A_국토부원자료'!J24,",","")),"") -> 16000 | H23: =IF(G23="","",G23*10000) -> 160000000 | I23: =IFERROR(IF(AND(H23>0,E23>0),H23/E23,""),"") -> 4645760.7 | J23: =IFERROR(VALUE(SUBSTITUTE('04A_국토부원자료'!K24,",","")),"") -> 5 | K23: =IFERROR(VALUE(SUBSTITUTE('04A_국토부원자료'!N24,",","")),"") -> 1990 | L23: =IFERROR('04A_국토부원자료'!O24,"") -> 송파대로28길 32 | M23: =IFERROR('04A_국토부원자료'!Q24,"") -> 직거래 | N23: =IF(B23="","",IF('02_대상물건입력'!B5="",1,IF(ISNUMBER(SEARCH('02_대상물건입력'!B5,B23)),1,0))) -> 1 | O23: =IF(B23="","",IF('02_대상물건입력'!B6="",1,IF(ISNUMBER(SEARCH('02_대상물건입력'!B6,B23)),1,0))) -> 1 | P23: =IF(L23="","",IF('02_대상물건입력'!B15="",0,IF(ISNUMBER(SEARCH('02_대상물건입력'!B15,L23)),1,0))) -> 1 | Q23: =IF(D23="","",IF('02_대상물건입력'!B8="",0,IF(ISNUMBER(SEARCH('02_대상물건입력'!B8,D23)),1,0))) -> 0 | R23: =IFERROR(ABS(E23-'02_대상물건입력'!B11)/'02_대상물건입력'!B11,"") -> 0.26418723 | S23: =IFERROR(ABS(J23-'02_대상물건입력'!B10),"") -> 7 | T23: =IFERROR(ABS('01_설정'!B4-F23),"") -> 105 | U23: =IFERROR(ABS(K23-YEAR('02_대상물건입력'!B14)),"") -> 36 | V23: =IF(B23="","",IF(AND(E23>0,F23>0,H23>0,OR('04A_국토부원자료'!P24="",'04A_국토부원자료'!P24="-"),IF('01_설정'!B10=1,N23=1,TRUE),R23<='01_설정'!B5,S23<='01_설정'!B6,T23<='01_설정'!B7,U23<='01_설정'!B8),"Y","")) | W23: =IF(V23<>"Y","",MAX(0,(1-R23/'01_설정'!B5))*'01_설정'!B14+MAX(0,(1-S23/'01_설정'!B6))*'01_설정'!B15+MAX(0,(1-T23/'01_설정'!B7))*'01_설정'!B16+MAX(0,(1-U23/'01_설정'!B8))*'01_설정'!B17+O23*'01_설정'!B11+Q23*'01_설정'!B12+P23*'01_설정'!B13) | X23: =IF(W23="","",1+COUNTIFS($W$4:$W$3003,">"&W23)+COUNTIFS($W$4:W23,W23)-1)
A24: =IF('04A_국토부원자료'!A25="","",ROW()-3) -> 21 | B24: =IFERROR('04A_국토부원자료'!B25,"") -> 서울특별시 송파구 가락동 | C24: =IF(B24="","",IF('04A_국토부원자료'!C25<>"",'04A_국토부원자료'!C25,TRIM('04A_국토부원자료'!D25&IF('04A_국토부원자료'!E25<>"","-"&'04A_국토부원자료'!E25,"")))) -> 79-7 | D24: =IFERROR('04A_국토부원자료'!F25,"") -> (79-7) | E24: =IFERROR(VALUE(SUBSTITUTE('04A_국토부원자료'!G25,",","")),"") -> 29.52 | F24: =IFERROR(IF(AND('04A_국토부원자료'!H25<>"",'04A_국토부원자료'!I25<>""),DATE(INT(VALUE(SUBSTITUTE('04A_국토부원자료'!H25,",",""))/100),MOD(VALUE(SUBSTITUTE('04A_국토부원자료'!H25,",","")),100),VALUE(SUBSTITUTE('04A_국토부원자료'!I25,",",""))),""),"") -> 46007 | G24: =IFERROR(VALUE(SUBSTITUTE('04A_국토부원자료'!J25,",","")),"") -> 13000 | H24: =IF(G24="","",G24*10000) -> 130000000 | I24: =IFERROR(IF(AND(H24>0,E24>0),H24/E24,""),"") -> 4403794 | J24: =IFERROR(VALUE(SUBSTITUTE('04A_국토부원자료'!K25,",","")),"") -> 3 | K24: =IFERROR(VALUE(SUBSTITUTE('04A_국토부원자료'!N25,",","")),"") -> 1990 | L24: =IFERROR('04A_국토부원자료'!O25,"") -> 송파대로28길 32 | M24: =IFERROR('04A_국토부원자료'!Q25,"") -> 직거래 | N24: =IF(B24="","",IF('02_대상물건입력'!B5="",1,IF(ISNUMBER(SEARCH('02_대상물건입력'!B5,B24)),1,0))) -> 1 | O24: =IF(B24="","",IF('02_대상물건입력'!B6="",1,IF(ISNUMBER(SEARCH('02_대상물건입력'!B6,B24)),1,0))) -> 1 | P24: =IF(L24="","",IF('02_대상물건입력'!B15="",0,IF(ISNUMBER(SEARCH('02_대상물건입력'!B15,L24)),1,0))) -> 1 | Q24: =IF(D24="","",IF('02_대상물건입력'!B8="",0,IF(ISNUMBER(SEARCH('02_대상물건입력'!B8,D24)),1,0))) -> 0 | R24: =IFERROR(ABS(E24-'02_대상물건입력'!B11)/'02_대상물건입력'!B11,"") -> 0.083589058 | S24: =IFERROR(ABS(J24-'02_대상물건입력'!B10),"") -> 9 | T24: =IFERROR(ABS('01_설정'!B4-F24),"") -> 105 | U24: =IFERROR(ABS(K24-YEAR('02_대상물건입력'!B14)),"") -> 36 | V24: =IF(B24="","",IF(AND(E24>0,F24>0,H24>0,OR('04A_국토부원자료'!P25="",'04A_국토부원자료'!P25="-"),IF('01_설정'!B10=1,N24=1,TRUE),R24<='01_설정'!B5,S24<='01_설정'!B6,T24<='01_설정'!B7,U24<='01_설정'!B8),"Y","")) | W24: =IF(V24<>"Y","",MAX(0,(1-R24/'01_설정'!B5))*'01_설정'!B14+MAX(0,(1-S24/'01_설정'!B6))*'01_설정'!B15+MAX(0,(1-T24/'01_설정'!B7))*'01_설정'!B16+MAX(0,(1-U24/'01_설정'!B8))*'01_설정'!B17+O24*'01_설정'!B11+Q24*'01_설정'!B12+P24*'01_설정'!B13) | X24: =IF(W24="","",1+COUNTIFS($W$4:$W$3003,">"&W24)+COUNTIFS($W$4:W24,W24)-1)
A25: =IF('04A_국토부원자료'!A26="","",ROW()-3) -> 22 | B25: =IFERROR('04A_국토부원자료'!B26,"") -> 서울특별시 송파구 가락동 | C25: =IF(B25="","",IF('04A_국토부원자료'!C26<>"",'04A_국토부원자료'!C26,TRIM('04A_국토부원자료'!D26&IF('04A_국토부원자료'!E26<>"","-"&'04A_국토부원자료'!E26,"")))) -> 79-7 | D25: =IFERROR('04A_국토부원자료'!F26,"") -> (79-7) | E25: =IFERROR(VALUE(SUBSTITUTE('04A_국토부원자료'!G26,",","")),"") -> 29.52 | F25: =IFERROR(IF(AND('04A_국토부원자료'!H26<>"",'04A_국토부원자료'!I26<>""),DATE(INT(VALUE(SUBSTITUTE('04A_국토부원자료'!H26,",",""))/100),MOD(VALUE(SUBSTITUTE('04A_국토부원자료'!H26,",","")),100),VALUE(SUBSTITUTE('04A_국토부원자료'!I26,",",""))),""),"") -> 46007 | G25: =IFERROR(VALUE(SUBSTITUTE('04A_국토부원자료'!J26,",","")),"") -> 13000 | H25: =IF(G25="","",G25*10000) -> 130000000 | I25: =IFERROR(IF(AND(H25>0,E25>0),H25/E25,""),"") -> 4403794 | J25: =IFERROR(VALUE(SUBSTITUTE('04A_국토부원자료'!K26,",","")),"") -> 3 | K25: =IFERROR(VALUE(SUBSTITUTE('04A_국토부원자료'!N26,",","")),"") -> 1990 | L25: =IFERROR('04A_국토부원자료'!O26,"") -> 송파대로28길 32 | M25: =IFERROR('04A_국토부원자료'!Q26,"") -> 직거래 | N25: =IF(B25="","",IF('02_대상물건입력'!B5="",1,IF(ISNUMBER(SEARCH('02_대상물건입력'!B5,B25)),1,0))) -> 1 | O25: =IF(B25="","",IF('02_대상물건입력'!B6="",1,IF(ISNUMBER(SEARCH('02_대상물건입력'!B6,B25)),1,0))) -> 1 | P25: =IF(L25="","",IF('02_대상물건입력'!B15="",0,IF(ISNUMBER(SEARCH('02_대상물건입력'!B15,L25)),1,0))) -> 1 | Q25: =IF(D25="","",IF('02_대상물건입력'!B8="",0,IF(ISNUMBER(SEARCH('02_대상물건입력'!B8,D25)),1,0))) -> 0 | R25: =IFERROR(ABS(E25-'02_대상물건입력'!B11)/'02_대상물건입력'!B11,"") -> 0.083589058 | S25: =IFERROR(ABS(J25-'02_대상물건입력'!B10),"") -> 9 | T25: =IFERROR(ABS('01_설정'!B4-F25),"") -> 105 | U25: =IFERROR(ABS(K25-YEAR('02_대상물건입력'!B14)),"") -> 36 | V25: =IF(B25="","",IF(AND(E25>0,F25>0,H25>0,OR('04A_국토부원자료'!P26="",'04A_국토부원자료'!P26="-"),IF('01_설정'!B10=1,N25=1,TRUE),R25<='01_설정'!B5,S25<='01_설정'!B6,T25<='01_설정'!B7,U25<='01_설정'!B8),"Y","")) | W25: =IF(V25<>"Y","",MAX(0,(1-R25/'01_설정'!B5))*'01_설정'!B14+MAX(0,(1-S25/'01_설정'!B6))*'01_설정'!B15+MAX(0,(1-T25/'01_설정'!B7))*'01_설정'!B16+MAX(0,(1-U25/'01_설정'!B8))*'01_설정'!B17+O25*'01_설정'!B11+Q25*'01_설정'!B12+P25*'01_설정'!B13) | X25: =IF(W25="","",1+COUNTIFS($W$4:$W$3003,">"&W25)+COUNTIFS($W$4:W25,W25)-1)
A26: =IF('04A_국토부원자료'!A27="","",ROW()-3) -> 23 | B26: =IFERROR('04A_국토부원자료'!B27,"") -> 서울특별시 송파구 가락동 | C26: =IF(B26="","",IF('04A_국토부원자료'!C27<>"",'04A_국토부원자료'!C27,TRIM('04A_국토부원자료'!D27&IF('04A_국토부원자료'!E27<>"","-"&'04A_국토부원자료'!E27,"")))) -> 78-1 | D26: =IFERROR('04A_국토부원자료'!F27,"") -> 한화오벨리스크 | E26: =IFERROR(VALUE(SUBSTITUTE('04A_국토부원자료'!G27,",","")),"") -> 30.34 | F26: =IFERROR(IF(AND('04A_국토부원자료'!H27<>"",'04A_국토부원자료'!I27<>""),DATE(INT(VALUE(SUBSTITUTE('04A_국토부원자료'!H27,",",""))/100),MOD(VALUE(SUBSTITUTE('04A_국토부원자료'!H27,",","")),100),VALUE(SUBSTITUTE('04A_국토부원자료'!I27,",",""))),""),"") -> 45993 | G26: =IFERROR(VALUE(SUBSTITUTE('04A_국토부원자료'!J27,",","")),"") -> 12000 | H26: =IF(G26="","",G26*10000) -> 120000000 | I26: =IFERROR(IF(AND(H26>0,E26>0),H26/E26,""),"") -> 3955174.7 | J26: =IFERROR(VALUE(SUBSTITUTE('04A_국토부원자료'!K27,",","")),"") -> 14 | K26: =IFERROR(VALUE(SUBSTITUTE('04A_국토부원자료'!N27,",","")),"") -> 2004 | L26: =IFERROR('04A_국토부원자료'!O27,"") -> 중대로 127 | M26: =IFERROR('04A_국토부원자료'!Q27,"") -> 직거래 | N26: =IF(B26="","",IF('02_대상물건입력'!B5="",1,IF(ISNUMBER(SEARCH('02_대상물건입력'!B5,B26)),1,0))) -> 1 | O26: =IF(B26="","",IF('02_대상물건입력'!B6="",1,IF(ISNUMBER(SEARCH('02_대상물건입력'!B6,B26)),1,0))) -> 1 | P26: =IF(L26="","",IF('02_대상물건입력'!B15="",0,IF(ISNUMBER(SEARCH('02_대상물건입력'!B15,L26)),1,0))) -> 0 | Q26: =IF(D26="","",IF('02_대상물건입력'!B8="",0,IF(ISNUMBER(SEARCH('02_대상물건입력'!B8,D26)),1,0))) -> 0 | R26: =IFERROR(ABS(E26-'02_대상물건입력'!B11)/'02_대상물건입력'!B11,"") -> 0.11368875 | S26: =IFERROR(ABS(J26-'02_대상물건입력'!B10),"") -> 2 | T26: =IFERROR(ABS('01_설정'!B4-F26),"") -> 119 | U26: =IFERROR(ABS(K26-YEAR('02_대상물건입력'!B14)),"") -> 22 | V26: =IF(B26="","",IF(AND(E26>0,F26>0,H26>0,OR('04A_국토부원자료'!P27="",'04A_국토부원자료'!P27="-"),IF('01_설정'!B10=1,N26=1,TRUE),R26<='01_설정'!B5,S26<='01_설정'!B6,T26<='01_설정'!B7,U26<='01_설정'!B8),"Y","")) | W26: =IF(V26<>"Y","",MAX(0,(1-R26/'01_설정'!B5))*'01_설정'!B14+MAX(0,(1-S26/'01_설정'!B6))*'01_설정'!B15+MAX(0,(1-T26/'01_설정'!B7))*'01_설정'!B16+MAX(0,(1-U26/'01_설정'!B8))*'01_설정'!B17+O26*'01_설정'!B11+Q26*'01_설정'!B12+P26*'01_설정'!B13) | X26: =IF(W26="","",1+COUNTIFS($W$4:$W$3003,">"&W26)+COUNTIFS($W$4:W26,W26)-1)
A27: =IF('04A_국토부원자료'!A28="","",ROW()-3) -> 24 | B27: =IFERROR('04A_국토부원자료'!B28,"") -> 서울특별시 송파구 가락동 | C27: =IF(B27="","",IF('04A_국토부원자료'!C28<>"",'04A_국토부원자료'!C28,TRIM('04A_국토부원자료'!D28&IF('04A_국토부원자료'!E28<>"","-"&'04A_국토부원자료'!E28,"")))) -> 99-1 | D27: =IFERROR('04A_국토부원자료'!F28,"") -> (99-1) | E27: =IFERROR(VALUE(SUBSTITUTE('04A_국토부원자료'!G28,",","")),"") -> 35.83 | F27: =IFERROR(IF(AND('04A_국토부원자료'!H28<>"",'04A_국토부원자료'!I28<>""),DATE(INT(VALUE(SUBSTITUTE('04A_국토부원자료'!H28,",",""))/100),MOD(VALUE(SUBSTITUTE('04A_국토부원자료'!H28,",","")),100),VALUE(SUBSTITUTE('04A_국토부원자료'!I28,",",""))),""),"") -> 45993 | G27: =IFERROR(VALUE(SUBSTITUTE('04A_국토부원자료'!J28,",","")),"") -> 11750 | H27: =IF(G27="","",G27*10000) -> 117500000 | I27: =IFERROR(IF(AND(H27>0,E27>0),H27/E27,""),"") -> 3279374.8 | J27: =IFERROR(VALUE(SUBSTITUTE('04A_국토부원자료'!K28,",","")),"") -> 6 | K27: =IFERROR(VALUE(SUBSTITUTE('04A_국토부원자료'!N28,",","")),"") -> 1990 | L27: =IFERROR('04A_국토부원자료'!O28,"") -> 송파대로28길 12 | M27: =IFERROR('04A_국토부원자료'!Q28,"") -> 중개거래 | N27: =IF(B27="","",IF('02_대상물건입력'!B5="",1,IF(ISNUMBER(SEARCH('02_대상물건입력'!B5,B27)),1,0))) -> 1 | O27: =IF(B27="","",IF('02_대상물건입력'!B6="",1,IF(ISNUMBER(SEARCH('02_대상물건입력'!B6,B27)),1,0))) -> 1 | P27: =IF(L27="","",IF('02_대상물건입력'!B15="",0,IF(ISNUMBER(SEARCH('02_대상물건입력'!B15,L27)),1,0))) -> 1 | Q27: =IF(D27="","",IF('02_대상물건입력'!B8="",0,IF(ISNUMBER(SEARCH('02_대상물건입력'!B8,D27)),1,0))) -> 0 | R27: =IFERROR(ABS(E27-'02_대상물건입력'!B11)/'02_대상물건입력'!B11,"") -> 0.31520989 | S27: =IFERROR(ABS(J27-'02_대상물건입력'!B10),"") -> 6 | T27: =IFERROR(ABS('01_설정'!B4-F27),"") -> 119 | U27: =IFERROR(ABS(K27-YEAR('02_대상물건입력'!B14)),"") -> 36 | V27: =IF(B27="","",IF(AND(E27>0,F27>0,H27>0,OR('04A_국토부원자료'!P28="",'04A_국토부원자료'!P28="-"),IF('01_설정'!B10=1,N27=1,TRUE),R27<='01_설정'!B5,S27<='01_설정'!B6,T27<='01_설정'!B7,U27<='01_설정'!B8),"Y","")) | W27: =IF(V27<>"Y","",MAX(0,(1-R27/'01_설정'!B5))*'01_설정'!B14+MAX(0,(1-S27/'01_설정'!B6))*'01_설정'!B15+MAX(0,(1-T27/'01_설정'!B7))*'01_설정'!B16+MAX(0,(1-U27/'01_설정'!B8))*'01_설정'!B17+O27*'01_설정'!B11+Q27*'01_설정'!B12+P27*'01_설정'!B13) | X27: =IF(W27="","",1+COUNTIFS($W$4:$W$3003,">"&W27)+COUNTIFS($W$4:W27,W27)-1)
A28: =IF('04A_국토부원자료'!A29="","",ROW()-3) -> 25 | B28: =IFERROR('04A_국토부원자료'!B29,"") -> 서울특별시 송파구 가락동 | C28: =IF(B28="","",IF('04A_국토부원자료'!C29<>"",'04A_국토부원자료'!C29,TRIM('04A_국토부원자료'!D29&IF('04A_국토부원자료'!E29<>"","-"&'04A_국토부원자료'!E29,"")))) -> 99-3 | D28: =IFERROR('04A_국토부원자료'!F29,"") -> 제일오피스텔 | E28: =IFERROR(VALUE(SUBSTITUTE('04A_국토부원자료'!G29,",","")),"") -> 30.06 | F28: =IFERROR(IF(AND('04A_국토부원자료'!H29<>"",'04A_국토부원자료'!I29<>""),DATE(INT(VALUE(SUBSTITUTE('04A_국토부원자료'!H29,",",""))/100),MOD(VALUE(SUBSTITUTE('04A_국토부원자료'!H29,",","")),100),VALUE(SUBSTITUTE('04A_국토부원자료'!I29,",",""))),""),"") -> 45992 | G28: =IFERROR(VALUE(SUBSTITUTE('04A_국토부원자료'!J29,",","")),"") -> 21500 | H28: =IF(G28="","",G28*10000) -> 215000000 | I28: =IFERROR(IF(AND(H28>0,E28>0),H28/E28,""),"") -> 7152361.9 | J28: =IFERROR(VALUE(SUBSTITUTE('04A_국토부원자료'!K29,",","")),"") -> 13 | K28: =IFERROR(VALUE(SUBSTITUTE('04A_국토부원자료'!N29,",","")),"") -> 1992 | L28: =IFERROR('04A_국토부원자료'!O29,"") -> 송파대로 260 | M28: =IFERROR('04A_국토부원자료'!Q29,"") -> 중개거래 | N28: =IF(B28="","",IF('02_대상물건입력'!B5="",1,IF(ISNUMBER(SEARCH('02_대상물건입력'!B5,B28)),1,0))) -> 1 | O28: =IF(B28="","",IF('02_대상물건입력'!B6="",1,IF(ISNUMBER(SEARCH('02_대상물건입력'!B6,B28)),1,0))) -> 1 | P28: =IF(L28="","",IF('02_대상물건입력'!B15="",0,IF(ISNUMBER(SEARCH('02_대상물건입력'!B15,L28)),1,0))) -> 1 | Q28: =IF(D28="","",IF('02_대상물건입력'!B8="",0,IF(ISNUMBER(SEARCH('02_대상물건입력'!B8,D28)),1,0))) -> 0 | R28: =IFERROR(ABS(E28-'02_대상물건입력'!B11)/'02_대상물건입력'!B11,"") -> 0.10341081 | S28: =IFERROR(ABS(J28-'02_대상물건입력'!B10),"") -> 1 | T28: =IFERROR(ABS('01_설정'!B4-F28),"") -> 120 | U28: =IFERROR(ABS(K28-YEAR('02_대상물건입력'!B14)),"") -> 34 | V28: =IF(B28="","",IF(AND(E28>0,F28>0,H28>0,OR('04A_국토부원자료'!P29="",'04A_국토부원자료'!P29="-"),IF('01_설정'!B10=1,N28=1,TRUE),R28<='01_설정'!B5,S28<='01_설정'!B6,T28<='01_설정'!B7,U28<='01_설정'!B8),"Y","")) | W28: =IF(V28<>"Y","",MAX(0,(1-R28/'01_설정'!B5))*'01_설정'!B14+MAX(0,(1-S28/'01_설정'!B6))*'01_설정'!B15+MAX(0,(1-T28/'01_설정'!B7))*'01_설정'!B16+MAX(0,(1-U28/'01_설정'!B8))*'01_설정'!B17+O28*'01_설정'!B11+Q28*'01_설정'!B12+P28*'01_설정'!B13) | X28: =IF(W28="","",1+COUNTIFS($W$4:$W$3003,">"&W28)+COUNTIFS($W$4:W28,W28)-1)
A29: =IF('04A_국토부원자료'!A30="","",ROW()-3) -> 26 | B29: =IFERROR('04A_국토부원자료'!B30,"") -> 서울특별시 송파구 가락동 | C29: =IF(B29="","",IF('04A_국토부원자료'!C30<>"",'04A_국토부원자료'!C30,TRIM('04A_국토부원자료'!D30&IF('04A_국토부원자료'!E30<>"","-"&'04A_국토부원자료'!E30,"")))) -> 99-3 | D29: =IFERROR('04A_국토부원자료'!F30,"") -> 제일오피스텔 | E29: =IFERROR(VALUE(SUBSTITUTE('04A_국토부원자료'!G30,",","")),"") -> 30.06 | F29: =IFERROR(IF(AND('04A_국토부원자료'!H30<>"",'04A_국토부원자료'!I30<>""),DATE(INT(VALUE(SUBSTITUTE('04A_국토부원자료'!H30,",",""))/100),MOD(VALUE(SUBSTITUTE('04A_국토부원자료'!H30,",","")),100),VALUE(SUBSTITUTE('04A_국토부원자료'!I30,",",""))),""),"") -> 45992 | G29: =IFERROR(VALUE(SUBSTITUTE('04A_국토부원자료'!J30,",","")),"") -> 20000 | H29: =IF(G29="","",G29*10000) -> 200000000 | I29: =IFERROR(IF(AND(H29>0,E29>0),H29/E29,""),"") -> 6653359.9 | J29: =IFERROR(VALUE(SUBSTITUTE('04A_국토부원자료'!K30,",","")),"") -> 13 | K29: =IFERROR(VALUE(SUBSTITUTE('04A_국토부원자료'!N30,",","")),"") -> 1992 | L29: =IFERROR('04A_국토부원자료'!O30,"") -> 송파대로 260 | M29: =IFERROR('04A_국토부원자료'!Q30,"") -> 중개거래 | N29: =IF(B29="","",IF('02_대상물건입력'!B5="",1,IF(ISNUMBER(SEARCH('02_대상물건입력'!B5,B29)),1,0))) -> 1 | O29: =IF(B29="","",IF('02_대상물건입력'!B6="",1,IF(ISNUMBER(SEARCH('02_대상물건입력'!B6,B29)),1,0))) -> 1 | P29: =IF(L29="","",IF('02_대상물건입력'!B15="",0,IF(ISNUMBER(SEARCH('02_대상물건입력'!B15,L29)),1,0))) -> 1 | Q29: =IF(D29="","",IF('02_대상물건입력'!B8="",0,IF(ISNUMBER(SEARCH('02_대상물건입력'!B8,D29)),1,0))) -> 0 | R29: =IFERROR(ABS(E29-'02_대상물건입력'!B11)/'02_대상물건입력'!B11,"") -> 0.10341081 | S29: =IFERROR(ABS(J29-'02_대상물건입력'!B10),"") -> 1 | T29: =IFERROR(ABS('01_설정'!B4-F29),"") -> 120 | U29: =IFERROR(ABS(K29-YEAR('02_대상물건입력'!B14)),"") -> 34 | V29: =IF(B29="","",IF(AND(E29>0,F29>0,H29>0,OR('04A_국토부원자료'!P30="",'04A_국토부원자료'!P30="-"),IF('01_설정'!B10=1,N29=1,TRUE),R29<='01_설정'!B5,S29<='01_설정'!B6,T29<='01_설정'!B7,U29<='01_설정'!B8),"Y","")) | W29: =IF(V29<>"Y","",MAX(0,(1-R29/'01_설정'!B5))*'01_설정'!B14+MAX(0,(1-S29/'01_설정'!B6))*'01_설정'!B15+MAX(0,(1-T29/'01_설정'!B7))*'01_설정'!B16+MAX(0,(1-U29/'01_설정'!B8))*'01_설정'!B17+O29*'01_설정'!B11+Q29*'01_설정'!B12+P29*'01_설정'!B13) | X29: =IF(W29="","",1+COUNTIFS($W$4:$W$3003,">"&W29)+COUNTIFS($W$4:W29,W29)-1)
A30: =IF('04A_국토부원자료'!A31="","",ROW()-3) -> 27 | B30: =IFERROR('04A_국토부원자료'!B31,"") -> 서울특별시 송파구 가락동 | C30: =IF(B30="","",IF('04A_국토부원자료'!C31<>"",'04A_국토부원자료'!C31,TRIM('04A_국토부원자료'!D31&IF('04A_국토부원자료'!E31<>"","-"&'04A_국토부원자료'!E31,"")))) -> 79-4 | D30: =IFERROR('04A_국토부원자료'!F31,"") -> (79-4) | E30: =IFERROR(VALUE(SUBSTITUTE('04A_국토부원자료'!G31,",","")),"") -> 37.56 | F30: =IFERROR(IF(AND('04A_국토부원자료'!H31<>"",'04A_국토부원자료'!I31<>""),DATE(INT(VALUE(SUBSTITUTE('04A_국토부원자료'!H31,",",""))/100),MOD(VALUE(SUBSTITUTE('04A_국토부원자료'!H31,",","")),100),VALUE(SUBSTITUTE('04A_국토부원자료'!I31,",",""))),""),"") -> 45992 | G30: =IFERROR(VALUE(SUBSTITUTE('04A_국토부원자료'!J31,",","")),"") -> 14500 | H30: =IF(G30="","",G30*10000) -> 145000000 | I30: =IFERROR(IF(AND(H30>0,E30>0),H30/E30,""),"") -> 3860489.9 | J30: =IFERROR(VALUE(SUBSTITUTE('04A_국토부원자료'!K31,",","")),"") -> 7 | K30: =IFERROR(VALUE(SUBSTITUTE('04A_국토부원자료'!N31,",","")),"") -> 1991 | L30: =IFERROR('04A_국토부원자료'!O31,"") -> 송파대로28길 20 | M30: =IFERROR('04A_국토부원자료'!Q31,"") -> 중개거래 | N30: =IF(B30="","",IF('02_대상물건입력'!B5="",1,IF(ISNUMBER(SEARCH('02_대상물건입력'!B5,B30)),1,0))) -> 1 | O30: =IF(B30="","",IF('02_대상물건입력'!B6="",1,IF(ISNUMBER(SEARCH('02_대상물건입력'!B6,B30)),1,0))) -> 1 | P30: =IF(L30="","",IF('02_대상물건입력'!B15="",0,IF(ISNUMBER(SEARCH('02_대상물건입력'!B15,L30)),1,0))) -> 1 | Q30: =IF(D30="","",IF('02_대상물건입력'!B8="",0,IF(ISNUMBER(SEARCH('02_대상물건입력'!B8,D30)),1,0))) -> 0 | R30: =IFERROR(ABS(E30-'02_대상물건입력'!B11)/'02_대상물건입력'!B11,"") -> 0.37871291 | S30: =IFERROR(ABS(J30-'02_대상물건입력'!B10),"") -> 5 | T30: =IFERROR(ABS('01_설정'!B4-F30),"") -> 120 | U30: =IFERROR(ABS(K30-YEAR('02_대상물건입력'!B14)),"") -> 35 | V30: =IF(B30="","",IF(AND(E30>0,F30>0,H30>0,OR('04A_국토부원자료'!P31="",'04A_국토부원자료'!P31="-"),IF('01_설정'!B10=1,N30=1,TRUE),R30<='01_설정'!B5,S30<='01_설정'!B6,T30<='01_설정'!B7,U30<='01_설정'!B8),"Y","")) | W30: =IF(V30<>"Y","",MAX(0,(1-R30/'01_설정'!B5))*'01_설정'!B14+MAX(0,(1-S30/'01_설정'!B6))*'01_설정'!B15+MAX(0,(1-T30/'01_설정'!B7))*'01_설정'!B16+MAX(0,(1-U30/'01_설정'!B8))*'01_설정'!B17+O30*'01_설정'!B11+Q30*'01_설정'!B12+P30*'01_설정'!B13) | X30: =IF(W30="","",1+COUNTIFS($W$4:$W$3003,">"&W30)+COUNTIFS($W$4:W30,W30)-1)
A31: =IF('04A_국토부원자료'!A32="","",ROW()-3) -> 28 | B31: =IFERROR('04A_국토부원자료'!B32,"") -> 서울특별시 송파구 가락동 | C31: =IF(B31="","",IF('04A_국토부원자료'!C32<>"",'04A_국토부원자료'!C32,TRIM('04A_국토부원자료'!D32&IF('04A_국토부원자료'!E32<>"","-"&'04A_국토부원자료'!E32,"")))) -> 99-2 | D31: =IFERROR('04A_국토부원자료'!F32,"") -> 가락동 훼미리 오피스텔2차 | E31: =IFERROR(VALUE(SUBSTITUTE('04A_국토부원자료'!G32,",","")),"") -> 32.39 | F31: =IFERROR(IF(AND('04A_국토부원자료'!H32<>"",'04A_국토부원자료'!I32<>""),DATE(INT(VALUE(SUBSTITUTE('04A_국토부원자료'!H32,",",""))/100),MOD(VALUE(SUBSTITUTE('04A_국토부원자료'!H32,",","")),100),VALUE(SUBSTITUTE('04A_국토부원자료'!I32,",",""))),""),"") -> 45988 | G31: =IFERROR(VALUE(SUBSTITUTE('04A_국토부원자료'!J32,",","")),"") -> 12500 | H31: =IF(G31="","",G31*10000) -> 125000000 | I31: =IFERROR(IF(AND(H31>0,E31>0),H31/E31,""),"") -> 3859215.8 | J31: =IFERROR(VALUE(SUBSTITUTE('04A_국토부원자료'!K32,",","")),"") -> 9 | K31: =IFERROR(VALUE(SUBSTITUTE('04A_국토부원자료'!N32,",","")),"") -> 1990 | L31: =IFERROR('04A_국토부원자료'!O32,"") -> 송파대로28길 6 | M31: =IFERROR('04A_국토부원자료'!Q32,"") -> 중개거래 | N31: =IF(B31="","",IF('02_대상물건입력'!B5="",1,IF(ISNUMBER(SEARCH('02_대상물건입력'!B5,B31)),1,0))) -> 1 | O31: =IF(B31="","",IF('02_대상물건입력'!B6="",1,IF(ISNUMBER(SEARCH('02_대상물건입력'!B6,B31)),1,0))) -> 1 | P31: =IF(L31="","",IF('02_대상물건입력'!B15="",0,IF(ISNUMBER(SEARCH('02_대상물건입력'!B15,L31)),1,0))) -> 1 | Q31: =IF(D31="","",IF('02_대상물건입력'!B8="",0,IF(ISNUMBER(SEARCH('02_대상물건입력'!B8,D31)),1,0))) -> 0 | R31: =IFERROR(ABS(E31-'02_대상물건입력'!B11)/'02_대상물건입력'!B11,"") -> 0.18893799 | S31: =IFERROR(ABS(J31-'02_대상물건입력'!B10),"") -> 3 | T31: =IFERROR(ABS('01_설정'!B4-F31),"") -> 124 | U31: =IFERROR(ABS(K31-YEAR('02_대상물건입력'!B14)),"") -> 36 | V31: =IF(B31="","",IF(AND(E31>0,F31>0,H31>0,OR('04A_국토부원자료'!P32="",'04A_국토부원자료'!P32="-"),IF('01_설정'!B10=1,N31=1,TRUE),R31<='01_설정'!B5,S31<='01_설정'!B6,T31<='01_설정'!B7,U31<='01_설정'!B8),"Y","")) | W31: =IF(V31<>"Y","",MAX(0,(1-R31/'01_설정'!B5))*'01_설정'!B14+MAX(0,(1-S31/'01_설정'!B6))*'01_설정'!B15+MAX(0,(1-T31/'01_설정'!B7))*'01_설정'!B16+MAX(0,(1-U31/'01_설정'!B8))*'01_설정'!B17+O31*'01_설정'!B11+Q31*'01_설정'!B12+P31*'01_설정'!B13) | X31: =IF(W31="","",1+COUNTIFS($W$4:$W$3003,">"&W31)+COUNTIFS($W$4:W31,W31)-1)
A32: =IF('04A_국토부원자료'!A33="","",ROW()-3) -> 29 | B32: =IFERROR('04A_국토부원자료'!B33,"") -> 서울특별시 송파구 가락동 | C32: =IF(B32="","",IF('04A_국토부원자료'!C33<>"",'04A_국토부원자료'!C33,TRIM('04A_국토부원자료'!D33&IF('04A_국토부원자료'!E33<>"","-"&'04A_국토부원자료'!E33,"")))) -> 99-2 | D32: =IFERROR('04A_국토부원자료'!F33,"") -> 가락동 훼미리 오피스텔2차 | E32: =IFERROR(VALUE(SUBSTITUTE('04A_국토부원자료'!G33,",","")),"") -> 32.39 | F32: =IFERROR(IF(AND('04A_국토부원자료'!H33<>"",'04A_국토부원자료'!I33<>""),DATE(INT(VALUE(SUBSTITUTE('04A_국토부원자료'!H33,",",""))/100),MOD(VALUE(SUBSTITUTE('04A_국토부원자료'!H33,",","")),100),VALUE(SUBSTITUTE('04A_국토부원자료'!I33,",",""))),""),"") -> 45985 | G32: =IFERROR(VALUE(SUBSTITUTE('04A_국토부원자료'!J33,",","")),"") -> 11500 | H32: =IF(G32="","",G32*10000) -> 115000000 | I32: =IFERROR(IF(AND(H32>0,E32>0),H32/E32,""),"") -> 3550478.5 | J32: =IFERROR(VALUE(SUBSTITUTE('04A_국토부원자료'!K33,",","")),"") -> 7 | K32: =IFERROR(VALUE(SUBSTITUTE('04A_국토부원자료'!N33,",","")),"") -> 1990 | L32: =IFERROR('04A_국토부원자료'!O33,"") -> 송파대로28길 6 | M32: =IFERROR('04A_국토부원자료'!Q33,"") -> 중개거래 | N32: =IF(B32="","",IF('02_대상물건입력'!B5="",1,IF(ISNUMBER(SEARCH('02_대상물건입력'!B5,B32)),1,0))) -> 1 | O32: =IF(B32="","",IF('02_대상물건입력'!B6="",1,IF(ISNUMBER(SEARCH('02_대상물건입력'!B6,B32)),1,0))) -> 1 | P32: =IF(L32="","",IF('02_대상물건입력'!B15="",0,IF(ISNUMBER(SEARCH('02_대상물건입력'!B15,L32)),1,0))) -> 1 | Q32: =IF(D32="","",IF('02_대상물건입력'!B8="",0,IF(ISNUMBER(SEARCH('02_대상물건입력'!B8,D32)),1,0))) -> 0 | R32: =IFERROR(ABS(E32-'02_대상물건입력'!B11)/'02_대상물건입력'!B11,"") -> 0.18893799 | S32: =IFERROR(ABS(J32-'02_대상물건입력'!B10),"") -> 5 | T32: =IFERROR(ABS('01_설정'!B4-F32),"") -> 127 | U32: =IFERROR(ABS(K32-YEAR('02_대상물건입력'!B14)),"") -> 36 | V32: =IF(B32="","",IF(AND(E32>0,F32>0,H32>0,OR('04A_국토부원자료'!P33="",'04A_국토부원자료'!P33="-"),IF('01_설정'!B10=1,N32=1,TRUE),R32<='01_설정'!B5,S32<='01_설정'!B6,T32<='01_설정'!B7,U32<='01_설정'!B8),"Y","")) | W32: =IF(V32<>"Y","",MAX(0,(1-R32/'01_설정'!B5))*'01_설정'!B14+MAX(0,(1-S32/'01_설정'!B6))*'01_설정'!B15+MAX(0,(1-T32/'01_설정'!B7))*'01_설정'!B16+MAX(0,(1-U32/'01_설정'!B8))*'01_설정'!B17+O32*'01_설정'!B11+Q32*'01_설정'!B12+P32*'01_설정'!B13) | X32: =IF(W32="","",1+COUNTIFS($W$4:$W$3003,">"&W32)+COUNTIFS($W$4:W32,W32)-1)
A33: =IF('04A_국토부원자료'!A34="","",ROW()-3) -> 30 | B33: =IFERROR('04A_국토부원자료'!B34,"") -> 서울특별시 송파구 가락동 | C33: =IF(B33="","",IF('04A_국토부원자료'!C34<>"",'04A_국토부원자료'!C34,TRIM('04A_국토부원자료'!D34&IF('04A_국토부원자료'!E34<>"","-"&'04A_국토부원자료'!E34,"")))) -> 78-1 | D33: =IFERROR('04A_국토부원자료'!F34,"") -> 한화오벨리스크 | E33: =IFERROR(VALUE(SUBSTITUTE('04A_국토부원자료'!G34,",","")),"") -> 30.34 | F33: =IFERROR(IF(AND('04A_국토부원자료'!H34<>"",'04A_국토부원자료'!I34<>""),DATE(INT(VALUE(SUBSTITUTE('04A_국토부원자료'!H34,",",""))/100),MOD(VALUE(SUBSTITUTE('04A_국토부원자료'!H34,",","")),100),VALUE(SUBSTITUTE('04A_국토부원자료'!I34,",",""))),""),"") -> 45974 | G33: =IFERROR(VALUE(SUBSTITUTE('04A_국토부원자료'!J34,",","")),"") -> 17000 | H33: =IF(G33="","",G33*10000) -> 170000000 | I33: =IFERROR(IF(AND(H33>0,E33>0),H33/E33,""),"") -> 5603164.1 | J33: =IFERROR(VALUE(SUBSTITUTE('04A_국토부원자료'!K34,",","")),"") -> 11 | K33: =IFERROR(VALUE(SUBSTITUTE('04A_국토부원자료'!N34,",","")),"") -> 2004 | L33: =IFERROR('04A_국토부원자료'!O34,"") -> 중대로 127 | M33: =IFERROR('04A_국토부원자료'!Q34,"") -> 중개거래 | N33: =IF(B33="","",IF('02_대상물건입력'!B5="",1,IF(ISNUMBER(SEARCH('02_대상물건입력'!B5,B33)),1,0))) -> 1 | O33: =IF(B33="","",IF('02_대상물건입력'!B6="",1,IF(ISNUMBER(SEARCH('02_대상물건입력'!B6,B33)),1,0))) -> 1 | P33: =IF(L33="","",IF('02_대상물건입력'!B15="",0,IF(ISNUMBER(SEARCH('02_대상물건입력'!B15,L33)),1,0))) -> 0 | Q33: =IF(D33="","",IF('02_대상물건입력'!B8="",0,IF(ISNUMBER(SEARCH('02_대상물건입력'!B8,D33)),1,0))) -> 0 | R33: =IFERROR(ABS(E33-'02_대상물건입력'!B11)/'02_대상물건입력'!B11,"") -> 0.11368875 | S33: =IFERROR(ABS(J33-'02_대상물건입력'!B10),"") -> 1 | T33: =IFERROR(ABS('01_설정'!B4-F33),"") -> 138 | U33: =IFERROR(ABS(K33-YEAR('02_대상물건입력'!B14)),"") -> 22 | V33: =IF(B33="","",IF(AND(E33>0,F33>0,H33>0,OR('04A_국토부원자료'!P34="",'04A_국토부원자료'!P34="-"),IF('01_설정'!B10=1,N33=1,TRUE),R33<='01_설정'!B5,S33<='01_설정'!B6,T33<='01_설정'!B7,U33<='01_설정'!B8),"Y","")) | W33: =IF(V33<>"Y","",MAX(0,(1-R33/'01_설정'!B5))*'01_설정'!B14+MAX(0,(1-S33/'01_설정'!B6))*'01_설정'!B15+MAX(0,(1-T33/'01_설정'!B7))*'01_설정'!B16+MAX(0,(1-U33/'01_설정'!B8))*'01_설정'!B17+O33*'01_설정'!B11+Q33*'01_설정'!B12+P33*'01_설정'!B13) | X33: =IF(W33="","",1+COUNTIFS($W$4:$W$3003,">"&W33)+COUNTIFS($W$4:W33,W33)-1)
A34: =IF('04A_국토부원자료'!A35="","",ROW()-3) -> 31 | B34: =IFERROR('04A_국토부원자료'!B35,"") -> 서울특별시 송파구 가락동 | C34: =IF(B34="","",IF('04A_국토부원자료'!C35<>"",'04A_국토부원자료'!C35,TRIM('04A_국토부원자료'!D35&IF('04A_국토부원자료'!E35<>"","-"&'04A_국토부원자료'!E35,"")))) -> 77-4 | D34: =IFERROR('04A_국토부원자료'!F35,"") -> 송파KCC웰츠타워 | E34: =IFERROR(VALUE(SUBSTITUTE('04A_국토부원자료'!G35,",","")),"") -> 57.15 | F34: =IFERROR(IF(AND('04A_국토부원자료'!H35<>"",'04A_국토부원자료'!I35<>""),DATE(INT(VALUE(SUBSTITUTE('04A_국토부원자료'!H35,",",""))/100),MOD(VALUE(SUBSTITUTE('04A_국토부원자료'!H35,",","")),100),VALUE(SUBSTITUTE('04A_국토부원자료'!I35,",",""))),""),"") -> 45973 | G34: =IFERROR(VALUE(SUBSTITUTE('04A_국토부원자료'!J35,",","")),"") -> 42700 | H34: =IF(G34="","",G34*10000) -> 427000000 | I34: =IFERROR(IF(AND(H34>0,E34>0),H34/E34,""),"") -> 7471566.1 | J34: =IFERROR(VALUE(SUBSTITUTE('04A_국토부원자료'!K35,",","")),"") -> 14 | K34: =IFERROR(VALUE(SUBSTITUTE('04A_국토부원자료'!N35,",","")),"") -> 2011 | L34: =IFERROR('04A_국토부원자료'!O35,"") -> 송파대로28길 43 | M34: =IFERROR('04A_국토부원자료'!Q35,"") -> 중개거래 | N34: =IF(B34="","",IF('02_대상물건입력'!B5="",1,IF(ISNUMBER(SEARCH('02_대상물건입력'!B5,B34)),1,0))) -> 1 | O34: =IF(B34="","",IF('02_대상물건입력'!B6="",1,IF(ISNUMBER(SEARCH('02_대상물건입력'!B6,B34)),1,0))) -> 1 | P34: =IF(L34="","",IF('02_대상물건입력'!B15="",0,IF(ISNUMBER(SEARCH('02_대상물건입력'!B15,L34)),1,0))) -> 1 | Q34: =IF(D34="","",IF('02_대상물건입력'!B8="",0,IF(ISNUMBER(SEARCH('02_대상물건입력'!B8,D34)),1,0))) -> 0 | R34: =IFERROR(ABS(E34-'02_대상물건입력'!B11)/'02_대상물건입력'!B11,"") -> 1.097802 | S34: =IFERROR(ABS(J34-'02_대상물건입력'!B10),"") -> 2 | T34: =IFERROR(ABS('01_설정'!B4-F34),"") -> 139 | U34: =IFERROR(ABS(K34-YEAR('02_대상물건입력'!B14)),"") -> 15 | V34: =IF(B34="","",IF(AND(E34>0,F34>0,H34>0,OR('04A_국토부원자료'!P35="",'04A_국토부원자료'!P35="-"),IF('01_설정'!B10=1,N34=1,TRUE),R34<='01_설정'!B5,S34<='01_설정'!B6,T34<='01_설정'!B7,U34<='01_설정'!B8),"Y","")) | W34: =IF(V34<>"Y","",MAX(0,(1-R34/'01_설정'!B5))*'01_설정'!B14+MAX(0,(1-S34/'01_설정'!B6))*'01_설정'!B15+MAX(0,(1-T34/'01_설정'!B7))*'01_설정'!B16+MAX(0,(1-U34/'01_설정'!B8))*'01_설정'!B17+O34*'01_설정'!B11+Q34*'01_설정'!B12+P34*'01_설정'!B13) | X34: =IF(W34="","",1+COUNTIFS($W$4:$W$3003,">"&W34)+COUNTIFS($W$4:W34,W34)-1)
A35: =IF('04A_국토부원자료'!A36="","",ROW()-3) -> 32 | B35: =IFERROR('04A_국토부원자료'!B36,"") -> 서울특별시 송파구 가락동 | C35: =IF(B35="","",IF('04A_국토부원자료'!C36<>"",'04A_국토부원자료'!C36,TRIM('04A_국토부원자료'!D36&IF('04A_국토부원자료'!E36<>"","-"&'04A_국토부원자료'!E36,"")))) -> 99-1 | D35: =IFERROR('04A_국토부원자료'!F36,"") -> (99-1) | E35: =IFERROR(VALUE(SUBSTITUTE('04A_국토부원자료'!G36,",","")),"") -> 31.44 | F35: =IFERROR(IF(AND('04A_국토부원자료'!H36<>"",'04A_국토부원자료'!I36<>""),DATE(INT(VALUE(SUBSTITUTE('04A_국토부원자료'!H36,",",""))/100),MOD(VALUE(SUBSTITUTE('04A_국토부원자료'!H36,",","")),100),VALUE(SUBSTITUTE('04A_국토부원자료'!I36,",",""))),""),"") -> 45972 | G35: =IFERROR(VALUE(SUBSTITUTE('04A_국토부원자료'!J36,",","")),"") -> 12900 | H35: =IF(G35="","",G35*10000) -> 129000000 | I35: =IFERROR(IF(AND(H35>0,E35>0),H35/E35,""),"") -> 4103053.4 | J35: =IFERROR(VALUE(SUBSTITUTE('04A_국토부원자료'!K36,",","")),"") -> 10 | K35: =IFERROR(VALUE(SUBSTITUTE('04A_국토부원자료'!N36,",","")),"") -> 1990 | L35: =IFERROR('04A_국토부원자료'!O36,"") -> 송파대로28길 12 | M35: =IFERROR('04A_국토부원자료'!Q36,"") -> 중개거래 | N35: =IF(B35="","",IF('02_대상물건입력'!B5="",1,IF(ISNUMBER(SEARCH('02_대상물건입력'!B5,B35)),1,0))) -> 1 | O35: =IF(B35="","",IF('02_대상물건입력'!B6="",1,IF(ISNUMBER(SEARCH('02_대상물건입력'!B6,B35)),1,0))) -> 1 | P35: =IF(L35="","",IF('02_대상물건입력'!B15="",0,IF(ISNUMBER(SEARCH('02_대상물건입력'!B15,L35)),1,0))) -> 1 | Q35: =IF(D35="","",IF('02_대상물건입력'!B8="",0,IF(ISNUMBER(SEARCH('02_대상물건입력'!B8,D35)),1,0))) -> 0 | R35: =IFERROR(ABS(E35-'02_대상물건입력'!B11)/'02_대상물건입력'!B11,"") -> 0.1540664 | S35: =IFERROR(ABS(J35-'02_대상물건입력'!B10),"") -> 2 | T35: =IFERROR(ABS('01_설정'!B4-F35),"") -> 140 | U35: =IFERROR(ABS(K35-YEAR('02_대상물건입력'!B14)),"") -> 36 | V35: =IF(B35="","",IF(AND(E35>0,F35>0,H35>0,OR('04A_국토부원자료'!P36="",'04A_국토부원자료'!P36="-"),IF('01_설정'!B10=1,N35=1,TRUE),R35<='01_설정'!B5,S35<='01_설정'!B6,T35<='01_설정'!B7,U35<='01_설정'!B8),"Y","")) | W35: =IF(V35<>"Y","",MAX(0,(1-R35/'01_설정'!B5))*'01_설정'!B14+MAX(0,(1-S35/'01_설정'!B6))*'01_설정'!B15+MAX(0,(1-T35/'01_설정'!B7))*'01_설정'!B16+MAX(0,(1-U35/'01_설정'!B8))*'01_설정'!B17+O35*'01_설정'!B11+Q35*'01_설정'!B12+P35*'01_설정'!B13) | X35: =IF(W35="","",1+COUNTIFS($W$4:$W$3003,">"&W35)+COUNTIFS($W$4:W35,W35)-1)
A36: =IF('04A_국토부원자료'!A37="","",ROW()-3) -> 33 | B36: =IFERROR('04A_국토부원자료'!B37,"") -> 서울특별시 송파구 가락동 | C36: =IF(B36="","",IF('04A_국토부원자료'!C37<>"",'04A_국토부원자료'!C37,TRIM('04A_국토부원자료'!D37&IF('04A_국토부원자료'!E37<>"","-"&'04A_국토부원자료'!E37,"")))) -> 79-5 | D36: =IFERROR('04A_국토부원자료'!F37,"") -> (79-5) | E36: =IFERROR(VALUE(SUBSTITUTE('04A_국토부원자료'!G37,",","")),"") -> 30.96 | F36: =IFERROR(IF(AND('04A_국토부원자료'!H37<>"",'04A_국토부원자료'!I37<>""),DATE(INT(VALUE(SUBSTITUTE('04A_국토부원자료'!H37,",",""))/100),MOD(VALUE(SUBSTITUTE('04A_국토부원자료'!H37,",","")),100),VALUE(SUBSTITUTE('04A_국토부원자료'!I37,",",""))),""),"") -> 45969 | G36: =IFERROR(VALUE(SUBSTITUTE('04A_국토부원자료'!J37,",","")),"") -> 10400 | H36: =IF(G36="","",G36*10000) -> 104000000 | I36: =IFERROR(IF(AND(H36>0,E36>0),H36/E36,""),"") -> 3359173.1 | J36: =IFERROR(VALUE(SUBSTITUTE('04A_국토부원자료'!K37,",","")),"") -> 11 | K36: =IFERROR(VALUE(SUBSTITUTE('04A_국토부원자료'!N37,",","")),"") -> 1994 | L36: =IFERROR('04A_국토부원자료'!O37,"") -> 송파대로28길 24 | M36: =IFERROR('04A_국토부원자료'!Q37,"") -> 중개거래 | N36: =IF(B36="","",IF('02_대상물건입력'!B5="",1,IF(ISNUMBER(SEARCH('02_대상물건입력'!B5,B36)),1,0))) -> 1 | O36: =IF(B36="","",IF('02_대상물건입력'!B6="",1,IF(ISNUMBER(SEARCH('02_대상물건입력'!B6,B36)),1,0))) -> 1 | P36: =IF(L36="","",IF('02_대상물건입력'!B15="",0,IF(ISNUMBER(SEARCH('02_대상물건입력'!B15,L36)),1,0))) -> 1 | Q36: =IF(D36="","",IF('02_대상물건입력'!B8="",0,IF(ISNUMBER(SEARCH('02_대상물건입력'!B8,D36)),1,0))) -> 0 | R36: =IFERROR(ABS(E36-'02_대상물건입력'!B11)/'02_대상물건입력'!B11,"") -> 0.13644706 | S36: =IFERROR(ABS(J36-'02_대상물건입력'!B10),"") -> 1 | T36: =IFERROR(ABS('01_설정'!B4-F36),"") -> 143 | U36: =IFERROR(ABS(K36-YEAR('02_대상물건입력'!B14)),"") -> 32 | V36: =IF(B36="","",IF(AND(E36>0,F36>0,H36>0,OR('04A_국토부원자료'!P37="",'04A_국토부원자료'!P37="-"),IF('01_설정'!B10=1,N36=1,TRUE),R36<='01_설정'!B5,S36<='01_설정'!B6,T36<='01_설정'!B7,U36<='01_설정'!B8),"Y","")) | W36: =IF(V36<>"Y","",MAX(0,(1-R36/'01_설정'!B5))*'01_설정'!B14+MAX(0,(1-S36/'01_설정'!B6))*'01_설정'!B15+MAX(0,(1-T36/'01_설정'!B7))*'01_설정'!B16+MAX(0,(1-U36/'01_설정'!B8))*'01_설정'!B17+O36*'01_설정'!B11+Q36*'01_설정'!B12+P36*'01_설정'!B13) | X36: =IF(W36="","",1+COUNTIFS($W$4:$W$3003,">"&W36)+COUNTIFS($W$4:W36,W36)-1)
A37: =IF('04A_국토부원자료'!A38="","",ROW()-3) -> 34 | B37: =IFERROR('04A_국토부원자료'!B38,"") -> 서울특별시 송파구 가락동 | C37: =IF(B37="","",IF('04A_국토부원자료'!C38<>"",'04A_국토부원자료'!C38,TRIM('04A_국토부원자료'!D38&IF('04A_국토부원자료'!E38<>"","-"&'04A_국토부원자료'!E38,"")))) -> 79-5 | D37: =IFERROR('04A_국토부원자료'!F38,"") -> (79-5) | E37: =IFERROR(VALUE(SUBSTITUTE('04A_국토부원자료'!G38,",","")),"") -> 30.24 | F37: =IFERROR(IF(AND('04A_국토부원자료'!H38<>"",'04A_국토부원자료'!I38<>""),DATE(INT(VALUE(SUBSTITUTE('04A_국토부원자료'!H38,",",""))/100),MOD(VALUE(SUBSTITUTE('04A_국토부원자료'!H38,",","")),100),VALUE(SUBSTITUTE('04A_국토부원자료'!I38,",",""))),""),"") -> 45961 | G37: =IFERROR(VALUE(SUBSTITUTE('04A_국토부원자료'!J38,",","")),"") -> 10100 | H37: =IF(G37="","",G37*10000) -> 101000000 | I37: =IFERROR(IF(AND(H37>0,E37>0),H37/E37,""),"") -> 3339947.1 | J37: =IFERROR(VALUE(SUBSTITUTE('04A_국토부원자료'!K38,",","")),"") -> 4 | K37: =IFERROR(VALUE(SUBSTITUTE('04A_국토부원자료'!N38,",","")),"") -> 1994 | L37: =IFERROR('04A_국토부원자료'!O38,"") -> 송파대로28길 24 | M37: =IFERROR('04A_국토부원자료'!Q38,"") -> 중개거래 | N37: =IF(B37="","",IF('02_대상물건입력'!B5="",1,IF(ISNUMBER(SEARCH('02_대상물건입력'!B5,B37)),1,0))) -> 1 | O37: =IF(B37="","",IF('02_대상물건입력'!B6="",1,IF(ISNUMBER(SEARCH('02_대상물건입력'!B6,B37)),1,0))) -> 1 | P37: =IF(L37="","",IF('02_대상물건입력'!B15="",0,IF(ISNUMBER(SEARCH('02_대상물건입력'!B15,L37)),1,0))) -> 1 | Q37: =IF(D37="","",IF('02_대상물건입력'!B8="",0,IF(ISNUMBER(SEARCH('02_대상물건입력'!B8,D37)),1,0))) -> 0 | R37: =IFERROR(ABS(E37-'02_대상물건입력'!B11)/'02_대상물건입력'!B11,"") -> 0.11001806 | S37: =IFERROR(ABS(J37-'02_대상물건입력'!B10),"") -> 8 | T37: =IFERROR(ABS('01_설정'!B4-F37),"") -> 151 | U37: =IFERROR(ABS(K37-YEAR('02_대상물건입력'!B14)),"") -> 32 | V37: =IF(B37="","",IF(AND(E37>0,F37>0,H37>0,OR('04A_국토부원자료'!P38="",'04A_국토부원자료'!P38="-"),IF('01_설정'!B10=1,N37=1,TRUE),R37<='01_설정'!B5,S37<='01_설정'!B6,T37<='01_설정'!B7,U37<='01_설정'!B8),"Y","")) | W37: =IF(V37<>"Y","",MAX(0,(1-R37/'01_설정'!B5))*'01_설정'!B14+MAX(0,(1-S37/'01_설정'!B6))*'01_설정'!B15+MAX(0,(1-T37/'01_설정'!B7))*'01_설정'!B16+MAX(0,(1-U37/'01_설정'!B8))*'01_설정'!B17+O37*'01_설정'!B11+Q37*'01_설정'!B12+P37*'01_설정'!B13) | X37: =IF(W37="","",1+COUNTIFS($W$4:$W$3003,">"&W37)+COUNTIFS($W$4:W37,W37)-1)
A38: =IF('04A_국토부원자료'!A39="","",ROW()-3) -> 35 | B38: =IFERROR('04A_국토부원자료'!B39,"") -> 서울특별시 송파구 가락동 | C38: =IF(B38="","",IF('04A_국토부원자료'!C39<>"",'04A_국토부원자료'!C39,TRIM('04A_국토부원자료'!D39&IF('04A_국토부원자료'!E39<>"","-"&'04A_국토부원자료'!E39,"")))) -> 79-5 | D38: =IFERROR('04A_국토부원자료'!F39,"") -> (79-5) | E38: =IFERROR(VALUE(SUBSTITUTE('04A_국토부원자료'!G39,",","")),"") -> 43.25 | F38: =IFERROR(IF(AND('04A_국토부원자료'!H39<>"",'04A_국토부원자료'!I39<>""),DATE(INT(VALUE(SUBSTITUTE('04A_국토부원자료'!H39,",",""))/100),MOD(VALUE(SUBSTITUTE('04A_국토부원자료'!H39,",","")),100),VALUE(SUBSTITUTE('04A_국토부원자료'!I39,",",""))),""),"") -> 45960 | G38: =IFERROR(VALUE(SUBSTITUTE('04A_국토부원자료'!J39,",","")),"") -> 14500 | H38: =IF(G38="","",G38*10000) -> 145000000 | I38: =IFERROR(IF(AND(H38>0,E38>0),H38/E38,""),"") -> 3352601.2 | J38: =IFERROR(VALUE(SUBSTITUTE('04A_국토부원자료'!K39,",","")),"") -> 6 | K38: =IFERROR(VALUE(SUBSTITUTE('04A_국토부원자료'!N39,",","")),"") -> 1994 | L38: =IFERROR('04A_국토부원자료'!O39,"") -> 송파대로28길 24 | M38: =IFERROR('04A_국토부원자료'!Q39,"") -> 중개거래 | N38: =IF(B38="","",IF('02_대상물건입력'!B5="",1,IF(ISNUMBER(SEARCH('02_대상물건입력'!B5,B38)),1,0))) -> 1 | O38: =IF(B38="","",IF('02_대상물건입력'!B6="",1,IF(ISNUMBER(SEARCH('02_대상물건입력'!B6,B38)),1,0))) -> 1 | P38: =IF(L38="","",IF('02_대상물건입력'!B15="",0,IF(ISNUMBER(SEARCH('02_대상물건입력'!B15,L38)),1,0))) -> 1 | Q38: =IF(D38="","",IF('02_대상물건입력'!B8="",0,IF(ISNUMBER(SEARCH('02_대상물건입력'!B8,D38)),1,0))) -> 0 | R38: =IFERROR(ABS(E38-'02_대상물건입력'!B11)/'02_대상물건입력'!B11,"") -> 0.58757543 | S38: =IFERROR(ABS(J38-'02_대상물건입력'!B10),"") -> 6 | T38: =IFERROR(ABS('01_설정'!B4-F38),"") -> 152 | U38: =IFERROR(ABS(K38-YEAR('02_대상물건입력'!B14)),"") -> 32 | V38: =IF(B38="","",IF(AND(E38>0,F38>0,H38>0,OR('04A_국토부원자료'!P39="",'04A_국토부원자료'!P39="-"),IF('01_설정'!B10=1,N38=1,TRUE),R38<='01_설정'!B5,S38<='01_설정'!B6,T38<='01_설정'!B7,U38<='01_설정'!B8),"Y","")) | W38: =IF(V38<>"Y","",MAX(0,(1-R38/'01_설정'!B5))*'01_설정'!B14+MAX(0,(1-S38/'01_설정'!B6))*'01_설정'!B15+MAX(0,(1-T38/'01_설정'!B7))*'01_설정'!B16+MAX(0,(1-U38/'01_설정'!B8))*'01_설정'!B17+O38*'01_설정'!B11+Q38*'01_설정'!B12+P38*'01_설정'!B13) | X38: =IF(W38="","",1+COUNTIFS($W$4:$W$3003,">"&W38)+COUNTIFS($W$4:W38,W38)-1)
A39: =IF('04A_국토부원자료'!A40="","",ROW()-3) -> 36 | B39: =IFERROR('04A_국토부원자료'!B40,"") -> 서울특별시 송파구 가락동 | C39: =IF(B39="","",IF('04A_국토부원자료'!C40<>"",'04A_국토부원자료'!C40,TRIM('04A_국토부원자료'!D40&IF('04A_국토부원자료'!E40<>"","-"&'04A_국토부원자료'!E40,"")))) -> 78-1 | D39: =IFERROR('04A_국토부원자료'!F40,"") -> 한화오벨리스크 | E39: =IFERROR(VALUE(SUBSTITUTE('04A_국토부원자료'!G40,",","")),"") -> 30.34 | F39: =IFERROR(IF(AND('04A_국토부원자료'!H40<>"",'04A_국토부원자료'!I40<>""),DATE(INT(VALUE(SUBSTITUTE('04A_국토부원자료'!H40,",",""))/100),MOD(VALUE(SUBSTITUTE('04A_국토부원자료'!H40,",","")),100),VALUE(SUBSTITUTE('04A_국토부원자료'!I40,",",""))),""),"") -> 45960 | G39: =IFERROR(VALUE(SUBSTITUTE('04A_국토부원자료'!J40,",","")),"") -> 17750 | H39: =IF(G39="","",G39*10000) -> 177500000 | I39: =IFERROR(IF(AND(H39>0,E39>0),H39/E39,""),"") -> 5850362.6 | J39: =IFERROR(VALUE(SUBSTITUTE('04A_국토부원자료'!K40,",","")),"") -> 11 | K39: =IFERROR(VALUE(SUBSTITUTE('04A_국토부원자료'!N40,",","")),"") -> 2004 | L39: =IFERROR('04A_국토부원자료'!O40,"") -> 중대로 127 | M39: =IFERROR('04A_국토부원자료'!Q40,"") -> 중개거래 | N39: =IF(B39="","",IF('02_대상물건입력'!B5="",1,IF(ISNUMBER(SEARCH('02_대상물건입력'!B5,B39)),1,0))) -> 1 | O39: =IF(B39="","",IF('02_대상물건입력'!B6="",1,IF(ISNUMBER(SEARCH('02_대상물건입력'!B6,B39)),1,0))) -> 1 | P39: =IF(L39="","",IF('02_대상물건입력'!B15="",0,IF(ISNUMBER(SEARCH('02_대상물건입력'!B15,L39)),1,0))) -> 0 | Q39: =IF(D39="","",IF('02_대상물건입력'!B8="",0,IF(ISNUMBER(SEARCH('02_대상물건입력'!B8,D39)),1,0))) -> 0 | R39: =IFERROR(ABS(E39-'02_대상물건입력'!B11)/'02_대상물건입력'!B11,"") -> 0.11368875 | S39: =IFERROR(ABS(J39-'02_대상물건입력'!B10),"") -> 1 | T39: =IFERROR(ABS('01_설정'!B4-F39),"") -> 152 | U39: =IFERROR(ABS(K39-YEAR('02_대상물건입력'!B14)),"") -> 22 | V39: =IF(B39="","",IF(AND(E39>0,F39>0,H39>0,OR('04A_국토부원자료'!P40="",'04A_국토부원자료'!P40="-"),IF('01_설정'!B10=1,N39=1,TRUE),R39<='01_설정'!B5,S39<='01_설정'!B6,T39<='01_설정'!B7,U39<='01_설정'!B8),"Y","")) | W39: =IF(V39<>"Y","",MAX(0,(1-R39/'01_설정'!B5))*'01_설정'!B14+MAX(0,(1-S39/'01_설정'!B6))*'01_설정'!B15+MAX(0,(1-T39/'01_설정'!B7))*'01_설정'!B16+MAX(0,(1-U39/'01_설정'!B8))*'01_설정'!B17+O39*'01_설정'!B11+Q39*'01_설정'!B12+P39*'01_설정'!B13) | X39: =IF(W39="","",1+COUNTIFS($W$4:$W$3003,">"&W39)+COUNTIFS($W$4:W39,W39)-1)
A40: =IF('04A_국토부원자료'!A41="","",ROW()-3) -> 37 | B40: =IFERROR('04A_국토부원자료'!B41,"") -> 서울특별시 송파구 가락동 | C40: =IF(B40="","",IF('04A_국토부원자료'!C41<>"",'04A_국토부원자료'!C41,TRIM('04A_국토부원자료'!D41&IF('04A_국토부원자료'!E41<>"","-"&'04A_국토부원자료'!E41,"")))) -> 79-5 | D40: =IFERROR('04A_국토부원자료'!F41,"") -> (79-5) | E40: =IFERROR(VALUE(SUBSTITUTE('04A_국토부원자료'!G41,",","")),"") -> 30.68 | F40: =IFERROR(IF(AND('04A_국토부원자료'!H41<>"",'04A_국토부원자료'!I41<>""),DATE(INT(VALUE(SUBSTITUTE('04A_국토부원자료'!H41,",",""))/100),MOD(VALUE(SUBSTITUTE('04A_국토부원자료'!H41,",","")),100),VALUE(SUBSTITUTE('04A_국토부원자료'!I41,",",""))),""),"") -> 45957 | G40: =IFERROR(VALUE(SUBSTITUTE('04A_국토부원자료'!J41,",","")),"") -> 11100 | H40: =IF(G40="","",G40*10000) -> 111000000 | I40: =IFERROR(IF(AND(H40>0,E40>0),H40/E40,""),"") -> 3617992.2 | J40: =IFERROR(VALUE(SUBSTITUTE('04A_국토부원자료'!K41,",","")),"") -> 5 | K40: =IFERROR(VALUE(SUBSTITUTE('04A_국토부원자료'!N41,",","")),"") -> 1994 | L40: =IFERROR('04A_국토부원자료'!O41,"") -> 송파대로28길 24 | M40: =IFERROR('04A_국토부원자료'!Q41,"") -> 중개거래 | N40: =IF(B40="","",IF('02_대상물건입력'!B5="",1,IF(ISNUMBER(SEARCH('02_대상물건입력'!B5,B40)),1,0))) -> 1 | O40: =IF(B40="","",IF('02_대상물건입력'!B6="",1,IF(ISNUMBER(SEARCH('02_대상물건입력'!B6,B40)),1,0))) -> 1 | P40: =IF(L40="","",IF('02_대상물건입력'!B15="",0,IF(ISNUMBER(SEARCH('02_대상물건입력'!B15,L40)),1,0))) -> 1 | Q40: =IF(D40="","",IF('02_대상물건입력'!B8="",0,IF(ISNUMBER(SEARCH('02_대상물건입력'!B8,D40)),1,0))) -> 0 | R40: =IFERROR(ABS(E40-'02_대상물건입력'!B11)/'02_대상물건입력'!B11,"") -> 0.12616912 | S40: =IFERROR(ABS(J40-'02_대상물건입력'!B10),"") -> 7 | T40: =IFERROR(ABS('01_설정'!B4-F40),"") -> 155 | U40: =IFERROR(ABS(K40-YEAR('02_대상물건입력'!B14)),"") -> 32 | V40: =IF(B40="","",IF(AND(E40>0,F40>0,H40>0,OR('04A_국토부원자료'!P41="",'04A_국토부원자료'!P41="-"),IF('01_설정'!B10=1,N40=1,TRUE),R40<='01_설정'!B5,S40<='01_설정'!B6,T40<='01_설정'!B7,U40<='01_설정'!B8),"Y","")) | W40: =IF(V40<>"Y","",MAX(0,(1-R40/'01_설정'!B5))*'01_설정'!B14+MAX(0,(1-S40/'01_설정'!B6))*'01_설정'!B15+MAX(0,(1-T40/'01_설정'!B7))*'01_설정'!B16+MAX(0,(1-U40/'01_설정'!B8))*'01_설정'!B17+O40*'01_설정'!B11+Q40*'01_설정'!B12+P40*'01_설정'!B13) | X40: =IF(W40="","",1+COUNTIFS($W$4:$W$3003,">"&W40)+COUNTIFS($W$4:W40,W40)-1)
A41: =IF('04A_국토부원자료'!A42="","",ROW()-3) -> 38 | B41: =IFERROR('04A_국토부원자료'!B42,"") -> 서울특별시 송파구 가락동 | C41: =IF(B41="","",IF('04A_국토부원자료'!C42<>"",'04A_국토부원자료'!C42,TRIM('04A_국토부원자료'!D42&IF('04A_국토부원자료'!E42<>"","-"&'04A_국토부원자료'!E42,"")))) -> 98-7 | D41: =IFERROR('04A_국토부원자료'!F42,"") -> (98-7) | E41: =IFERROR(VALUE(SUBSTITUTE('04A_국토부원자료'!G42,",","")),"") -> 35.24 | F41: =IFERROR(IF(AND('04A_국토부원자료'!H42<>"",'04A_국토부원자료'!I42<>""),DATE(INT(VALUE(SUBSTITUTE('04A_국토부원자료'!H42,",",""))/100),MOD(VALUE(SUBSTITUTE('04A_국토부원자료'!H42,",","")),100),VALUE(SUBSTITUTE('04A_국토부원자료'!I42,",",""))),""),"") -> 45954 | G41: =IFERROR(VALUE(SUBSTITUTE('04A_국토부원자료'!J42,",","")),"") -> 12300 | H41: =IF(G41="","",G41*10000) -> 123000000 | I41: =IFERROR(IF(AND(H41>0,E41>0),H41/E41,""),"") -> 3490351.9 | J41: =IFERROR(VALUE(SUBSTITUTE('04A_국토부원자료'!K42,",","")),"") -> 10 | K41: =IFERROR(VALUE(SUBSTITUTE('04A_국토부원자료'!N42,",","")),"") -> 1990 | L41: =IFERROR('04A_국토부원자료'!O42,"") -> 송파대로28길 13 | M41: =IFERROR('04A_국토부원자료'!Q42,"") -> 중개거래 | N41: =IF(B41="","",IF('02_대상물건입력'!B5="",1,IF(ISNUMBER(SEARCH('02_대상물건입력'!B5,B41)),1,0))) -> 1 | O41: =IF(B41="","",IF('02_대상물건입력'!B6="",1,IF(ISNUMBER(SEARCH('02_대상물건입력'!B6,B41)),1,0))) -> 1 | P41: =IF(L41="","",IF('02_대상물건입력'!B15="",0,IF(ISNUMBER(SEARCH('02_대상물건입력'!B15,L41)),1,0))) -> 1 | Q41: =IF(D41="","",IF('02_대상물건입력'!B8="",0,IF(ISNUMBER(SEARCH('02_대상물건입력'!B8,D41)),1,0))) -> 0 | R41: =IFERROR(ABS(E41-'02_대상물건입력'!B11)/'02_대상물건입력'!B11,"") -> 0.29355279 | S41: =IFERROR(ABS(J41-'02_대상물건입력'!B10),"") -> 2 | T41: =IFERROR(ABS('01_설정'!B4-F41),"") -> 158 | U41: =IFERROR(ABS(K41-YEAR('02_대상물건입력'!B14)),"") -> 36 | V41: =IF(B41="","",IF(AND(E41>0,F41>0,H41>0,OR('04A_국토부원자료'!P42="",'04A_국토부원자료'!P42="-"),IF('01_설정'!B10=1,N41=1,TRUE),R41<='01_설정'!B5,S41<='01_설정'!B6,T41<='01_설정'!B7,U41<='01_설정'!B8),"Y","")) | W41: =IF(V41<>"Y","",MAX(0,(1-R41/'01_설정'!B5))*'01_설정'!B14+MAX(0,(1-S41/'01_설정'!B6))*'01_설정'!B15+MAX(0,(1-T41/'01_설정'!B7))*'01_설정'!B16+MAX(0,(1-U41/'01_설정'!B8))*'01_설정'!B17+O41*'01_설정'!B11+Q41*'01_설정'!B12+P41*'01_설정'!B13) | X41: =IF(W41="","",1+COUNTIFS($W$4:$W$3003,">"&W41)+COUNTIFS($W$4:W41,W41)-1)
A42: =IF('04A_국토부원자료'!A43="","",ROW()-3) -> 39 | B42: =IFERROR('04A_국토부원자료'!B43,"") -> 서울특별시 송파구 가락동 | C42: =IF(B42="","",IF('04A_국토부원자료'!C43<>"",'04A_국토부원자료'!C43,TRIM('04A_국토부원자료'!D43&IF('04A_국토부원자료'!E43<>"","-"&'04A_국토부원자료'!E43,"")))) -> 99-3 | D42: =IFERROR('04A_국토부원자료'!F43,"") -> 제일오피스텔 | E42: =IFERROR(VALUE(SUBSTITUTE('04A_국토부원자료'!G43,",","")),"") -> 30.06 | F42: =IFERROR(IF(AND('04A_국토부원자료'!H43<>"",'04A_국토부원자료'!I43<>""),DATE(INT(VALUE(SUBSTITUTE('04A_국토부원자료'!H43,",",""))/100),MOD(VALUE(SUBSTITUTE('04A_국토부원자료'!H43,",","")),100),VALUE(SUBSTITUTE('04A_국토부원자료'!I43,",",""))),""),"") -> 45931 | G42: =IFERROR(VALUE(SUBSTITUTE('04A_국토부원자료'!J43,",","")),"") -> 20700 | H42: =IF(G42="","",G42*10000) -> 207000000 | I42: =IFERROR(IF(AND(H42>0,E42>0),H42/E42,""),"") -> 6886227.5 | J42: =IFERROR(VALUE(SUBSTITUTE('04A_국토부원자료'!K43,",","")),"") -> 11 | K42: =IFERROR(VALUE(SUBSTITUTE('04A_국토부원자료'!N43,",","")),"") -> 1992 | L42: =IFERROR('04A_국토부원자료'!O43,"") -> 송파대로 260 | M42: =IFERROR('04A_국토부원자료'!Q43,"") -> 중개거래 | N42: =IF(B42="","",IF('02_대상물건입력'!B5="",1,IF(ISNUMBER(SEARCH('02_대상물건입력'!B5,B42)),1,0))) -> 1 | O42: =IF(B42="","",IF('02_대상물건입력'!B6="",1,IF(ISNUMBER(SEARCH('02_대상물건입력'!B6,B42)),1,0))) -> 1 | P42: =IF(L42="","",IF('02_대상물건입력'!B15="",0,IF(ISNUMBER(SEARCH('02_대상물건입력'!B15,L42)),1,0))) -> 1 | Q42: =IF(D42="","",IF('02_대상물건입력'!B8="",0,IF(ISNUMBER(SEARCH('02_대상물건입력'!B8,D42)),1,0))) -> 0 | R42: =IFERROR(ABS(E42-'02_대상물건입력'!B11)/'02_대상물건입력'!B11,"") -> 0.10341081 | S42: =IFERROR(ABS(J42-'02_대상물건입력'!B10),"") -> 1 | T42: =IFERROR(ABS('01_설정'!B4-F42),"") -> 181 | U42: =IFERROR(ABS(K42-YEAR('02_대상물건입력'!B14)),"") -> 34 | V42: =IF(B42="","",IF(AND(E42>0,F42>0,H42>0,OR('04A_국토부원자료'!P43="",'04A_국토부원자료'!P43="-"),IF('01_설정'!B10=1,N42=1,TRUE),R42<='01_설정'!B5,S42<='01_설정'!B6,T42<='01_설정'!B7,U42<='01_설정'!B8),"Y","")) | W42: =IF(V42<>"Y","",MAX(0,(1-R42/'01_설정'!B5))*'01_설정'!B14+MAX(0,(1-S42/'01_설정'!B6))*'01_설정'!B15+MAX(0,(1-T42/'01_설정'!B7))*'01_설정'!B16+MAX(0,(1-U42/'01_설정'!B8))*'01_설정'!B17+O42*'01_설정'!B11+Q42*'01_설정'!B12+P42*'01_설정'!B13) | X42: =IF(W42="","",1+COUNTIFS($W$4:$W$3003,">"&W42)+COUNTIFS($W$4:W42,W42)-1)
A43: =IF('04A_국토부원자료'!A44="","",ROW()-3) -> 40 | B43: =IFERROR('04A_국토부원자료'!B44,"") -> 서울특별시 송파구 가락동 | C43: =IF(B43="","",IF('04A_국토부원자료'!C44<>"",'04A_국토부원자료'!C44,TRIM('04A_국토부원자료'!D44&IF('04A_국토부원자료'!E44<>"","-"&'04A_국토부원자료'!E44,"")))) -> 79-5 | D43: =IFERROR('04A_국토부원자료'!F44,"") -> (79-5) | E43: =IFERROR(VALUE(SUBSTITUTE('04A_국토부원자료'!G44,",","")),"") -> 38.63 | F43: =IFERROR(IF(AND('04A_국토부원자료'!H44<>"",'04A_국토부원자료'!I44<>""),DATE(INT(VALUE(SUBSTITUTE('04A_국토부원자료'!H44,",",""))/100),MOD(VALUE(SUBSTITUTE('04A_국토부원자료'!H44,",","")),100),VALUE(SUBSTITUTE('04A_국토부원자료'!I44,",",""))),""),"") -> 45927 | G43: =IFERROR(VALUE(SUBSTITUTE('04A_국토부원자료'!J44,",","")),"") -> 13000 | H43: =IF(G43="","",G43*10000) -> 130000000 | I43: =IFERROR(IF(AND(H43>0,E43>0),H43/E43,""),"") -> 3365260.2 | J43: =IFERROR(VALUE(SUBSTITUTE('04A_국토부원자료'!K44,",","")),"") -> 4 | K43: =IFERROR(VALUE(SUBSTITUTE('04A_국토부원자료'!N44,",","")),"") -> 1994 | L43: =IFERROR('04A_국토부원자료'!O44,"") -> 송파대로28길 24 | M43: =IFERROR('04A_국토부원자료'!Q44,"") -> 중개거래 | N43: =IF(B43="","",IF('02_대상물건입력'!B5="",1,IF(ISNUMBER(SEARCH('02_대상물건입력'!B5,B43)),1,0))) -> 1 | O43: =IF(B43="","",IF('02_대상물건입력'!B6="",1,IF(ISNUMBER(SEARCH('02_대상물건입력'!B6,B43)),1,0))) -> 1 | P43: =IF(L43="","",IF('02_대상물건입력'!B15="",0,IF(ISNUMBER(SEARCH('02_대상물건입력'!B15,L43)),1,0))) -> 1 | Q43: =IF(D43="","",IF('02_대상물건입력'!B8="",0,IF(ISNUMBER(SEARCH('02_대상물건입력'!B8,D43)),1,0))) -> 0 | R43: =IFERROR(ABS(E43-'02_대상물건입력'!B11)/'02_대상물건입력'!B11,"") -> 0.41798934 | S43: =IFERROR(ABS(J43-'02_대상물건입력'!B10),"") -> 8 | T43: =IFERROR(ABS('01_설정'!B4-F43),"") -> 185 | U43: =IFERROR(ABS(K43-YEAR('02_대상물건입력'!B14)),"") -> 32 | V43: =IF(B43="","",IF(AND(E43>0,F43>0,H43>0,OR('04A_국토부원자료'!P44="",'04A_국토부원자료'!P44="-"),IF('01_설정'!B10=1,N43=1,TRUE),R43<='01_설정'!B5,S43<='01_설정'!B6,T43<='01_설정'!B7,U43<='01_설정'!B8),"Y","")) | W43: =IF(V43<>"Y","",MAX(0,(1-R43/'01_설정'!B5))*'01_설정'!B14+MAX(0,(1-S43/'01_설정'!B6))*'01_설정'!B15+MAX(0,(1-T43/'01_설정'!B7))*'01_설정'!B16+MAX(0,(1-U43/'01_설정'!B8))*'01_설정'!B17+O43*'01_설정'!B11+Q43*'01_설정'!B12+P43*'01_설정'!B13) | X43: =IF(W43="","",1+COUNTIFS($W$4:$W$3003,">"&W43)+COUNTIFS($W$4:W43,W43)-1)
A44: =IF('04A_국토부원자료'!A45="","",ROW()-3) -> 41 | B44: =IFERROR('04A_국토부원자료'!B45,"") -> 서울특별시 송파구 가락동 | C44: =IF(B44="","",IF('04A_국토부원자료'!C45<>"",'04A_국토부원자료'!C45,TRIM('04A_국토부원자료'!D45&IF('04A_국토부원자료'!E45<>"","-"&'04A_국토부원자료'!E45,"")))) -> 99-3 | D44: =IFERROR('04A_국토부원자료'!F45,"") -> 제일오피스텔 | E44: =IFERROR(VALUE(SUBSTITUTE('04A_국토부원자료'!G45,",","")),"") -> 50.02 | F44: =IFERROR(IF(AND('04A_국토부원자료'!H45<>"",'04A_국토부원자료'!I45<>""),DATE(INT(VALUE(SUBSTITUTE('04A_국토부원자료'!H45,",",""))/100),MOD(VALUE(SUBSTITUTE('04A_국토부원자료'!H45,",","")),100),VALUE(SUBSTITUTE('04A_국토부원자료'!I45,",",""))),""),"") -> 45925 | G44: =IFERROR(VALUE(SUBSTITUTE('04A_국토부원자료'!J45,",","")),"") -> 31000 | H44: =IF(G44="","",G44*10000) -> 310000000 | I44: =IFERROR(IF(AND(H44>0,E44>0),H44/E44,""),"") -> 6197521 | J44: =IFERROR(VALUE(SUBSTITUTE('04A_국토부원자료'!K45,",","")),"") -> 6 | K44: =IFERROR(VALUE(SUBSTITUTE('04A_국토부원자료'!N45,",","")),"") -> 1992 | L44: =IFERROR('04A_국토부원자료'!O45,"") -> 송파대로 260 | M44: =IFERROR('04A_국토부원자료'!Q45,"") -> 중개거래 | N44: =IF(B44="","",IF('02_대상물건입력'!B5="",1,IF(ISNUMBER(SEARCH('02_대상물건입력'!B5,B44)),1,0))) -> 1 | O44: =IF(B44="","",IF('02_대상물건입력'!B6="",1,IF(ISNUMBER(SEARCH('02_대상물건입력'!B6,B44)),1,0))) -> 1 | P44: =IF(L44="","",IF('02_대상물건입력'!B15="",0,IF(ISNUMBER(SEARCH('02_대상물건입력'!B15,L44)),1,0))) -> 1 | Q44: =IF(D44="","",IF('02_대상물건입력'!B8="",0,IF(ISNUMBER(SEARCH('02_대상물건입력'!B8,D44)),1,0))) -> 0 | R44: =IFERROR(ABS(E44-'02_대상물건입력'!B11)/'02_대상물건입력'!B11,"") -> 0.83608146 | S44: =IFERROR(ABS(J44-'02_대상물건입력'!B10),"") -> 6 | T44: =IFERROR(ABS('01_설정'!B4-F44),"") -> 187 | U44: =IFERROR(ABS(K44-YEAR('02_대상물건입력'!B14)),"") -> 34 | V44: =IF(B44="","",IF(AND(E44>0,F44>0,H44>0,OR('04A_국토부원자료'!P45="",'04A_국토부원자료'!P45="-"),IF('01_설정'!B10=1,N44=1,TRUE),R44<='01_설정'!B5,S44<='01_설정'!B6,T44<='01_설정'!B7,U44<='01_설정'!B8),"Y","")) | W44: =IF(V44<>"Y","",MAX(0,(1-R44/'01_설정'!B5))*'01_설정'!B14+MAX(0,(1-S44/'01_설정'!B6))*'01_설정'!B15+MAX(0,(1-T44/'01_설정'!B7))*'01_설정'!B16+MAX(0,(1-U44/'01_설정'!B8))*'01_설정'!B17+O44*'01_설정'!B11+Q44*'01_설정'!B12+P44*'01_설정'!B13) | X44: =IF(W44="","",1+COUNTIFS($W$4:$W$3003,">"&W44)+COUNTIFS($W$4:W44,W44)-1)
A45: =IF('04A_국토부원자료'!A46="","",ROW()-3) -> 42 | B45: =IFERROR('04A_국토부원자료'!B46,"") -> 서울특별시 송파구 가락동 | C45: =IF(B45="","",IF('04A_국토부원자료'!C46<>"",'04A_국토부원자료'!C46,TRIM('04A_국토부원자료'!D46&IF('04A_국토부원자료'!E46<>"","-"&'04A_국토부원자료'!E46,"")))) -> 99-3 | D45: =IFERROR('04A_국토부원자료'!F46,"") -> 제일오피스텔 | E45: =IFERROR(VALUE(SUBSTITUTE('04A_국토부원자료'!G46,",","")),"") -> 50.02 | F45: =IFERROR(IF(AND('04A_국토부원자료'!H46<>"",'04A_국토부원자료'!I46<>""),DATE(INT(VALUE(SUBSTITUTE('04A_국토부원자료'!H46,",",""))/100),MOD(VALUE(SUBSTITUTE('04A_국토부원자료'!H46,",","")),100),VALUE(SUBSTITUTE('04A_국토부원자료'!I46,",",""))),""),"") -> 45925 | G45: =IFERROR(VALUE(SUBSTITUTE('04A_국토부원자료'!J46,",","")),"") -> 31000 | H45: =IF(G45="","",G45*10000) -> 310000000 | I45: =IFERROR(IF(AND(H45>0,E45>0),H45/E45,""),"") -> 6197521 | J45: =IFERROR(VALUE(SUBSTITUTE('04A_국토부원자료'!K46,",","")),"") -> 6 | K45: =IFERROR(VALUE(SUBSTITUTE('04A_국토부원자료'!N46,",","")),"") -> 1992 | L45: =IFERROR('04A_국토부원자료'!O46,"") -> 송파대로 260 | M45: =IFERROR('04A_국토부원자료'!Q46,"") -> 중개거래 | N45: =IF(B45="","",IF('02_대상물건입력'!B5="",1,IF(ISNUMBER(SEARCH('02_대상물건입력'!B5,B45)),1,0))) -> 1 | O45: =IF(B45="","",IF('02_대상물건입력'!B6="",1,IF(ISNUMBER(SEARCH('02_대상물건입력'!B6,B45)),1,0))) -> 1 | P45: =IF(L45="","",IF('02_대상물건입력'!B15="",0,IF(ISNUMBER(SEARCH('02_대상물건입력'!B15,L45)),1,0))) -> 1 | Q45: =IF(D45="","",IF('02_대상물건입력'!B8="",0,IF(ISNUMBER(SEARCH('02_대상물건입력'!B8,D45)),1,0))) -> 0 | R45: =IFERROR(ABS(E45-'02_대상물건입력'!B11)/'02_대상물건입력'!B11,"") -> 0.83608146 | S45: =IFERROR(ABS(J45-'02_대상물건입력'!B10),"") -> 6 | T45: =IFERROR(ABS('01_설정'!B4-F45),"") -> 187 | U45: =IFERROR(ABS(K45-YEAR('02_대상물건입력'!B14)),"") -> 34 | V45: =IF(B45="","",IF(AND(E45>0,F45>0,H45>0,OR('04A_국토부원자료'!P46="",'04A_국토부원자료'!P46="-"),IF('01_설정'!B10=1,N45=1,TRUE),R45<='01_설정'!B5,S45<='01_설정'!B6,T45<='01_설정'!B7,U45<='01_설정'!B8),"Y","")) | W45: =IF(V45<>"Y","",MAX(0,(1-R45/'01_설정'!B5))*'01_설정'!B14+MAX(0,(1-S45/'01_설정'!B6))*'01_설정'!B15+MAX(0,(1-T45/'01_설정'!B7))*'01_설정'!B16+MAX(0,(1-U45/'01_설정'!B8))*'01_설정'!B17+O45*'01_설정'!B11+Q45*'01_설정'!B12+P45*'01_설정'!B13) | X45: =IF(W45="","",1+COUNTIFS($W$4:$W$3003,">"&W45)+COUNTIFS($W$4:W45,W45)-1)
A46: =IF('04A_국토부원자료'!A47="","",ROW()-3) -> 43 | B46: =IFERROR('04A_국토부원자료'!B47,"") -> 서울특별시 송파구 가락동 | C46: =IF(B46="","",IF('04A_국토부원자료'!C47<>"",'04A_국토부원자료'!C47,TRIM('04A_국토부원자료'!D47&IF('04A_국토부원자료'!E47<>"","-"&'04A_국토부원자료'!E47,"")))) -> 77-4 | D46: =IFERROR('04A_국토부원자료'!F47,"") -> 송파KCC웰츠타워 | E46: =IFERROR(VALUE(SUBSTITUTE('04A_국토부원자료'!G47,",","")),"") -> 40.07 | F46: =IFERROR(IF(AND('04A_국토부원자료'!H47<>"",'04A_국토부원자료'!I47<>""),DATE(INT(VALUE(SUBSTITUTE('04A_국토부원자료'!H47,",",""))/100),MOD(VALUE(SUBSTITUTE('04A_국토부원자료'!H47,",","")),100),VALUE(SUBSTITUTE('04A_국토부원자료'!I47,",",""))),""),"") -> 45916 | G46: =IFERROR(VALUE(SUBSTITUTE('04A_국토부원자료'!J47,",","")),"") -> 25800 | H46: =IF(G46="","",G46*10000) -> 258000000 | I46: =IFERROR(IF(AND(H46>0,E46>0),H46/E46,""),"") -> 6438732.2 | J46: =IFERROR(VALUE(SUBSTITUTE('04A_국토부원자료'!K47,",","")),"") -> 11 | K46: =IFERROR(VALUE(SUBSTITUTE('04A_국토부원자료'!N47,",","")),"") -> 2011 | L46: =IFERROR('04A_국토부원자료'!O47,"") -> 송파대로28길 43 | M46: =IFERROR('04A_국토부원자료'!Q47,"") -> 중개거래 | N46: =IF(B46="","",IF('02_대상물건입력'!B5="",1,IF(ISNUMBER(SEARCH('02_대상물건입력'!B5,B46)),1,0))) -> 1 | O46: =IF(B46="","",IF('02_대상물건입력'!B6="",1,IF(ISNUMBER(SEARCH('02_대상물건입력'!B6,B46)),1,0))) -> 1 | P46: =IF(L46="","",IF('02_대상물건입력'!B15="",0,IF(ISNUMBER(SEARCH('02_대상물건입력'!B15,L46)),1,0))) -> 1 | Q46: =IF(D46="","",IF('02_대상물건입력'!B8="",0,IF(ISNUMBER(SEARCH('02_대상물건입력'!B8,D46)),1,0))) -> 0 | R46: =IFERROR(ABS(E46-'02_대상물건입력'!B11)/'02_대상물건입력'!B11,"") -> 0.47084734 | S46: =IFERROR(ABS(J46-'02_대상물건입력'!B10),"") -> 1 | T46: =IFERROR(ABS('01_설정'!B4-F46),"") -> 196 | U46: =IFERROR(ABS(K46-YEAR('02_대상물건입력'!B14)),"") -> 15 | V46: =IF(B46="","",IF(AND(E46>0,F46>0,H46>0,OR('04A_국토부원자료'!P47="",'04A_국토부원자료'!P47="-"),IF('01_설정'!B10=1,N46=1,TRUE),R46<='01_설정'!B5,S46<='01_설정'!B6,T46<='01_설정'!B7,U46<='01_설정'!B8),"Y","")) | W46: =IF(V46<>"Y","",MAX(0,(1-R46/'01_설정'!B5))*'01_설정'!B14+MAX(0,(1-S46/'01_설정'!B6))*'01_설정'!B15+MAX(0,(1-T46/'01_설정'!B7))*'01_설정'!B16+MAX(0,(1-U46/'01_설정'!B8))*'01_설정'!B17+O46*'01_설정'!B11+Q46*'01_설정'!B12+P46*'01_설정'!B13) | X46: =IF(W46="","",1+COUNTIFS($W$4:$W$3003,">"&W46)+COUNTIFS($W$4:W46,W46)-1)
A47: =IF('04A_국토부원자료'!A48="","",ROW()-3) -> 44 | B47: =IFERROR('04A_국토부원자료'!B48,"") -> 서울특별시 송파구 가락동 | C47: =IF(B47="","",IF('04A_국토부원자료'!C48<>"",'04A_국토부원자료'!C48,TRIM('04A_국토부원자료'!D48&IF('04A_국토부원자료'!E48<>"","-"&'04A_국토부원자료'!E48,"")))) -> 79-7 | D47: =IFERROR('04A_국토부원자료'!F48,"") -> (79-7) | E47: =IFERROR(VALUE(SUBSTITUTE('04A_국토부원자료'!G48,",","")),"") -> 34.44 | F47: =IFERROR(IF(AND('04A_국토부원자료'!H48<>"",'04A_국토부원자료'!I48<>""),DATE(INT(VALUE(SUBSTITUTE('04A_국토부원자료'!H48,",",""))/100),MOD(VALUE(SUBSTITUTE('04A_국토부원자료'!H48,",","")),100),VALUE(SUBSTITUTE('04A_국토부원자료'!I48,",",""))),""),"") -> 45911 | G47: =IFERROR(VALUE(SUBSTITUTE('04A_국토부원자료'!J48,",","")),"") -> 14900 | H47: =IF(G47="","",G47*10000) -> 149000000 | I47: =IFERROR(IF(AND(H47>0,E47>0),H47/E47,""),"") -> 4326364.7 | J47: =IFERROR(VALUE(SUBSTITUTE('04A_국토부원자료'!K48,",","")),"") -> 9 | K47: =IFERROR(VALUE(SUBSTITUTE('04A_국토부원자료'!N48,",","")),"") -> 1990 | L47: =IFERROR('04A_국토부원자료'!O48,"") -> 송파대로28길 32 | M47: =IFERROR('04A_국토부원자료'!Q48,"") -> 중개거래 | N47: =IF(B47="","",IF('02_대상물건입력'!B5="",1,IF(ISNUMBER(SEARCH('02_대상물건입력'!B5,B47)),1,0))) -> 1 | O47: =IF(B47="","",IF('02_대상물건입력'!B6="",1,IF(ISNUMBER(SEARCH('02_대상물건입력'!B6,B47)),1,0))) -> 1 | P47: =IF(L47="","",IF('02_대상물건입력'!B15="",0,IF(ISNUMBER(SEARCH('02_대상물건입력'!B15,L47)),1,0))) -> 1 | Q47: =IF(D47="","",IF('02_대상물건입력'!B8="",0,IF(ISNUMBER(SEARCH('02_대상물건입력'!B8,D47)),1,0))) -> 0 | R47: =IFERROR(ABS(E47-'02_대상물건입력'!B11)/'02_대상물건입력'!B11,"") -> 0.26418723 | S47: =IFERROR(ABS(J47-'02_대상물건입력'!B10),"") -> 3 | T47: =IFERROR(ABS('01_설정'!B4-F47),"") -> 201 | U47: =IFERROR(ABS(K47-YEAR('02_대상물건입력'!B14)),"") -> 36 | V47: =IF(B47="","",IF(AND(E47>0,F47>0,H47>0,OR('04A_국토부원자료'!P48="",'04A_국토부원자료'!P48="-"),IF('01_설정'!B10=1,N47=1,TRUE),R47<='01_설정'!B5,S47<='01_설정'!B6,T47<='01_설정'!B7,U47<='01_설정'!B8),"Y","")) | W47: =IF(V47<>"Y","",MAX(0,(1-R47/'01_설정'!B5))*'01_설정'!B14+MAX(0,(1-S47/'01_설정'!B6))*'01_설정'!B15+MAX(0,(1-T47/'01_설정'!B7))*'01_설정'!B16+MAX(0,(1-U47/'01_설정'!B8))*'01_설정'!B17+O47*'01_설정'!B11+Q47*'01_설정'!B12+P47*'01_설정'!B13) | X47: =IF(W47="","",1+COUNTIFS($W$4:$W$3003,">"&W47)+COUNTIFS($W$4:W47,W47)-1)
A48: =IF('04A_국토부원자료'!A49="","",ROW()-3) -> 45 | B48: =IFERROR('04A_국토부원자료'!B49,"") -> 서울특별시 송파구 가락동 | C48: =IF(B48="","",IF('04A_국토부원자료'!C49<>"",'04A_국토부원자료'!C49,TRIM('04A_국토부원자료'!D49&IF('04A_국토부원자료'!E49<>"","-"&'04A_국토부원자료'!E49,"")))) -> 98-7 | D48: =IFERROR('04A_국토부원자료'!F49,"") -> (98-7) | E48: =IFERROR(VALUE(SUBSTITUTE('04A_국토부원자료'!G49,",","")),"") -> 35.24 | F48: =IFERROR(IF(AND('04A_국토부원자료'!H49<>"",'04A_국토부원자료'!I49<>""),DATE(INT(VALUE(SUBSTITUTE('04A_국토부원자료'!H49,",",""))/100),MOD(VALUE(SUBSTITUTE('04A_국토부원자료'!H49,",","")),100),VALUE(SUBSTITUTE('04A_국토부원자료'!I49,",",""))),""),"") -> 45909 | G48: =IFERROR(VALUE(SUBSTITUTE('04A_국토부원자료'!J49,",","")),"") -> 12000 | H48: =IF(G48="","",G48*10000) -> 120000000 | I48: =IFERROR(IF(AND(H48>0,E48>0),H48/E48,""),"") -> 3405221.3 | J48: =IFERROR(VALUE(SUBSTITUTE('04A_국토부원자료'!K49,",","")),"") -> 9 | K48: =IFERROR(VALUE(SUBSTITUTE('04A_국토부원자료'!N49,",","")),"") -> 1990 | L48: =IFERROR('04A_국토부원자료'!O49,"") -> 송파대로28길 13 | M48: =IFERROR('04A_국토부원자료'!Q49,"") -> 중개거래 | N48: =IF(B48="","",IF('02_대상물건입력'!B5="",1,IF(ISNUMBER(SEARCH('02_대상물건입력'!B5,B48)),1,0))) -> 1 | O48: =IF(B48="","",IF('02_대상물건입력'!B6="",1,IF(ISNUMBER(SEARCH('02_대상물건입력'!B6,B48)),1,0))) -> 1 | P48: =IF(L48="","",IF('02_대상물건입력'!B15="",0,IF(ISNUMBER(SEARCH('02_대상물건입력'!B15,L48)),1,0))) -> 1 | Q48: =IF(D48="","",IF('02_대상물건입력'!B8="",0,IF(ISNUMBER(SEARCH('02_대상물건입력'!B8,D48)),1,0))) -> 0 | R48: =IFERROR(ABS(E48-'02_대상물건입력'!B11)/'02_대상물건입력'!B11,"") -> 0.29355279 | S48: =IFERROR(ABS(J48-'02_대상물건입력'!B10),"") -> 3 | T48: =IFERROR(ABS('01_설정'!B4-F48),"") -> 203 | U48: =IFERROR(ABS(K48-YEAR('02_대상물건입력'!B14)),"") -> 36 | V48: =IF(B48="","",IF(AND(E48>0,F48>0,H48>0,OR('04A_국토부원자료'!P49="",'04A_국토부원자료'!P49="-"),IF('01_설정'!B10=1,N48=1,TRUE),R48<='01_설정'!B5,S48<='01_설정'!B6,T48<='01_설정'!B7,U48<='01_설정'!B8),"Y","")) | W48: =IF(V48<>"Y","",MAX(0,(1-R48/'01_설정'!B5))*'01_설정'!B14+MAX(0,(1-S48/'01_설정'!B6))*'01_설정'!B15+MAX(0,(1-T48/'01_설정'!B7))*'01_설정'!B16+MAX(0,(1-U48/'01_설정'!B8))*'01_설정'!B17+O48*'01_설정'!B11+Q48*'01_설정'!B12+P48*'01_설정'!B13) | X48: =IF(W48="","",1+COUNTIFS($W$4:$W$3003,">"&W48)+COUNTIFS($W$4:W48,W48)-1)
A49: =IF('04A_국토부원자료'!A50="","",ROW()-3) -> 46 | B49: =IFERROR('04A_국토부원자료'!B50,"") -> 서울특별시 송파구 가락동 | C49: =IF(B49="","",IF('04A_국토부원자료'!C50<>"",'04A_국토부원자료'!C50,TRIM('04A_국토부원자료'!D50&IF('04A_국토부원자료'!E50<>"","-"&'04A_국토부원자료'!E50,"")))) -> 78-1 | D49: =IFERROR('04A_국토부원자료'!F50,"") -> 한화오벨리스크 | E49: =IFERROR(VALUE(SUBSTITUTE('04A_국토부원자료'!G50,",","")),"") -> 30.34 | F49: =IFERROR(IF(AND('04A_국토부원자료'!H50<>"",'04A_국토부원자료'!I50<>""),DATE(INT(VALUE(SUBSTITUTE('04A_국토부원자료'!H50,",",""))/100),MOD(VALUE(SUBSTITUTE('04A_국토부원자료'!H50,",","")),100),VALUE(SUBSTITUTE('04A_국토부원자료'!I50,",",""))),""),"") -> 45905 | G49: =IFERROR(VALUE(SUBSTITUTE('04A_국토부원자료'!J50,",","")),"") -> 17000 | H49: =IF(G49="","",G49*10000) -> 170000000 | I49: =IFERROR(IF(AND(H49>0,E49>0),H49/E49,""),"") -> 5603164.1 | J49: =IFERROR(VALUE(SUBSTITUTE('04A_국토부원자료'!K50,",","")),"") -> 9 | K49: =IFERROR(VALUE(SUBSTITUTE('04A_국토부원자료'!N50,",","")),"") -> 2004 | L49: =IFERROR('04A_국토부원자료'!O50,"") -> 중대로 127 | M49: =IFERROR('04A_국토부원자료'!Q50,"") -> 중개거래 | N49: =IF(B49="","",IF('02_대상물건입력'!B5="",1,IF(ISNUMBER(SEARCH('02_대상물건입력'!B5,B49)),1,0))) -> 1 | O49: =IF(B49="","",IF('02_대상물건입력'!B6="",1,IF(ISNUMBER(SEARCH('02_대상물건입력'!B6,B49)),1,0))) -> 1 | P49: =IF(L49="","",IF('02_대상물건입력'!B15="",0,IF(ISNUMBER(SEARCH('02_대상물건입력'!B15,L49)),1,0))) -> 0 | Q49: =IF(D49="","",IF('02_대상물건입력'!B8="",0,IF(ISNUMBER(SEARCH('02_대상물건입력'!B8,D49)),1,0))) -> 0 | R49: =IFERROR(ABS(E49-'02_대상물건입력'!B11)/'02_대상물건입력'!B11,"") -> 0.11368875 | S49: =IFERROR(ABS(J49-'02_대상물건입력'!B10),"") -> 3 | T49: =IFERROR(ABS('01_설정'!B4-F49),"") -> 207 | U49: =IFERROR(ABS(K49-YEAR('02_대상물건입력'!B14)),"") -> 22 | V49: =IF(B49="","",IF(AND(E49>0,F49>0,H49>0,OR('04A_국토부원자료'!P50="",'04A_국토부원자료'!P50="-"),IF('01_설정'!B10=1,N49=1,TRUE),R49<='01_설정'!B5,S49<='01_설정'!B6,T49<='01_설정'!B7,U49<='01_설정'!B8),"Y","")) | W49: =IF(V49<>"Y","",MAX(0,(1-R49/'01_설정'!B5))*'01_설정'!B14+MAX(0,(1-S49/'01_설정'!B6))*'01_설정'!B15+MAX(0,(1-T49/'01_설정'!B7))*'01_설정'!B16+MAX(0,(1-U49/'01_설정'!B8))*'01_설정'!B17+O49*'01_설정'!B11+Q49*'01_설정'!B12+P49*'01_설정'!B13) | X49: =IF(W49="","",1+COUNTIFS($W$4:$W$3003,">"&W49)+COUNTIFS($W$4:W49,W49)-1)
A50: =IF('04A_국토부원자료'!A51="","",ROW()-3) -> 47 | B50: =IFERROR('04A_국토부원자료'!B51,"") -> 서울특별시 송파구 가락동 | C50: =IF(B50="","",IF('04A_국토부원자료'!C51<>"",'04A_국토부원자료'!C51,TRIM('04A_국토부원자료'!D51&IF('04A_국토부원자료'!E51<>"","-"&'04A_국토부원자료'!E51,"")))) -> 98-2 | D50: =IFERROR('04A_국토부원자료'!F51,"") -> (98-2) | E50: =IFERROR(VALUE(SUBSTITUTE('04A_국토부원자료'!G51,",","")),"") -> 33.2 | F50: =IFERROR(IF(AND('04A_국토부원자료'!H51<>"",'04A_국토부원자료'!I51<>""),DATE(INT(VALUE(SUBSTITUTE('04A_국토부원자료'!H51,",",""))/100),MOD(VALUE(SUBSTITUTE('04A_국토부원자료'!H51,",","")),100),VALUE(SUBSTITUTE('04A_국토부원자료'!I51,",",""))),""),"") -> 45898 | G50: =IFERROR(VALUE(SUBSTITUTE('04A_국토부원자료'!J51,",","")),"") -> 11500 | H50: =IF(G50="","",G50*10000) -> 115000000 | I50: =IFERROR(IF(AND(H50>0,E50>0),H50/E50,""),"") -> 3463855.4 | J50: =IFERROR(VALUE(SUBSTITUTE('04A_국토부원자료'!K51,",","")),"") -> 4 | K50: =IFERROR(VALUE(SUBSTITUTE('04A_국토부원자료'!N51,",","")),"") -> 1990 | L50: =IFERROR('04A_국토부원자료'!O51,"") -> 송파대로30길 8 | M50: =IFERROR('04A_국토부원자료'!Q51,"") -> 중개거래 | N50: =IF(B50="","",IF('02_대상물건입력'!B5="",1,IF(ISNUMBER(SEARCH('02_대상물건입력'!B5,B50)),1,0))) -> 1 | O50: =IF(B50="","",IF('02_대상물건입력'!B6="",1,IF(ISNUMBER(SEARCH('02_대상물건입력'!B6,B50)),1,0))) -> 1 | P50: =IF(L50="","",IF('02_대상물건입력'!B15="",0,IF(ISNUMBER(SEARCH('02_대상물건입력'!B15,L50)),1,0))) -> 1 | Q50: =IF(D50="","",IF('02_대상물건입력'!B8="",0,IF(ISNUMBER(SEARCH('02_대상물건입력'!B8,D50)),1,0))) -> 0 | R50: =IFERROR(ABS(E50-'02_대상물건입력'!B11)/'02_대상물건입력'!B11,"") -> 0.21867062 | S50: =IFERROR(ABS(J50-'02_대상물건입력'!B10),"") -> 8 | T50: =IFERROR(ABS('01_설정'!B4-F50),"") -> 214 | U50: =IFERROR(ABS(K50-YEAR('02_대상물건입력'!B14)),"") -> 36 | V50: =IF(B50="","",IF(AND(E50>0,F50>0,H50>0,OR('04A_국토부원자료'!P51="",'04A_국토부원자료'!P51="-"),IF('01_설정'!B10=1,N50=1,TRUE),R50<='01_설정'!B5,S50<='01_설정'!B6,T50<='01_설정'!B7,U50<='01_설정'!B8),"Y","")) | W50: =IF(V50<>"Y","",MAX(0,(1-R50/'01_설정'!B5))*'01_설정'!B14+MAX(0,(1-S50/'01_설정'!B6))*'01_설정'!B15+MAX(0,(1-T50/'01_설정'!B7))*'01_설정'!B16+MAX(0,(1-U50/'01_설정'!B8))*'01_설정'!B17+O50*'01_설정'!B11+Q50*'01_설정'!B12+P50*'01_설정'!B13) | X50: =IF(W50="","",1+COUNTIFS($W$4:$W$3003,">"&W50)+COUNTIFS($W$4:W50,W50)-1)
A51: =IF('04A_국토부원자료'!A52="","",ROW()-3) -> 48 | B51: =IFERROR('04A_국토부원자료'!B52,"") -> 서울특별시 송파구 가락동 | C51: =IF(B51="","",IF('04A_국토부원자료'!C52<>"",'04A_국토부원자료'!C52,TRIM('04A_국토부원자료'!D52&IF('04A_국토부원자료'!E52<>"","-"&'04A_국토부원자료'!E52,"")))) -> 180-6 | D51: =IFERROR('04A_국토부원자료'!F52,"") -> (180-6) | E51: =IFERROR(VALUE(SUBSTITUTE('04A_국토부원자료'!G52,",","")),"") -> 47.33 | F51: =IFERROR(IF(AND('04A_국토부원자료'!H52<>"",'04A_국토부원자료'!I52<>""),DATE(INT(VALUE(SUBSTITUTE('04A_국토부원자료'!H52,",",""))/100),MOD(VALUE(SUBSTITUTE('04A_국토부원자료'!H52,",","")),100),VALUE(SUBSTITUTE('04A_국토부원자료'!I52,",",""))),""),"") -> 45890 | G51: =IFERROR(VALUE(SUBSTITUTE('04A_국토부원자료'!J52,",","")),"") -> 19000 | H51: =IF(G51="","",G51*10000) -> 190000000 | I51: =IFERROR(IF(AND(H51>0,E51>0),H51/E51,""),"") -> 4014367.2 | J51: =IFERROR(VALUE(SUBSTITUTE('04A_국토부원자료'!K52,",","")),"") -> 2 | K51: =IFERROR(VALUE(SUBSTITUTE('04A_국토부원자료'!N52,",","")),"") -> 2000 | L51: =IFERROR('04A_국토부원자료'!O52,"") -> 문정로 149 | M51: =IFERROR('04A_국토부원자료'!Q52,"") -> 중개거래 | N51: =IF(B51="","",IF('02_대상물건입력'!B5="",1,IF(ISNUMBER(SEARCH('02_대상물건입력'!B5,B51)),1,0))) -> 1 | O51: =IF(B51="","",IF('02_대상물건입력'!B6="",1,IF(ISNUMBER(SEARCH('02_대상물건입력'!B6,B51)),1,0))) -> 1 | P51: =IF(L51="","",IF('02_대상물건입력'!B15="",0,IF(ISNUMBER(SEARCH('02_대상물건입력'!B15,L51)),1,0))) -> 0 | Q51: =IF(D51="","",IF('02_대상물건입력'!B8="",0,IF(ISNUMBER(SEARCH('02_대상물건입력'!B8,D51)),1,0))) -> 0 | R51: =IFERROR(ABS(E51-'02_대상물건입력'!B11)/'02_대상물건입력'!B11,"") -> 0.73733977 | S51: =IFERROR(ABS(J51-'02_대상물건입력'!B10),"") -> 10 | T51: =IFERROR(ABS('01_설정'!B4-F51),"") -> 222 | U51: =IFERROR(ABS(K51-YEAR('02_대상물건입력'!B14)),"") -> 26 | V51: =IF(B51="","",IF(AND(E51>0,F51>0,H51>0,OR('04A_국토부원자료'!P52="",'04A_국토부원자료'!P52="-"),IF('01_설정'!B10=1,N51=1,TRUE),R51<='01_설정'!B5,S51<='01_설정'!B6,T51<='01_설정'!B7,U51<='01_설정'!B8),"Y","")) | W51: =IF(V51<>"Y","",MAX(0,(1-R51/'01_설정'!B5))*'01_설정'!B14+MAX(0,(1-S51/'01_설정'!B6))*'01_설정'!B15+MAX(0,(1-T51/'01_설정'!B7))*'01_설정'!B16+MAX(0,(1-U51/'01_설정'!B8))*'01_설정'!B17+O51*'01_설정'!B11+Q51*'01_설정'!B12+P51*'01_설정'!B13) | X51: =IF(W51="","",1+COUNTIFS($W$4:$W$3003,">"&W51)+COUNTIFS($W$4:W51,W51)-1)
A52: =IF('04A_국토부원자료'!A53="","",ROW()-3) -> 49 | B52: =IFERROR('04A_국토부원자료'!B53,"") -> 서울특별시 송파구 가락동 | C52: =IF(B52="","",IF('04A_국토부원자료'!C53<>"",'04A_국토부원자료'!C53,TRIM('04A_국토부원자료'!D53&IF('04A_국토부원자료'!E53<>"","-"&'04A_국토부원자료'!E53,"")))) -> 79-5 | D52: =IFERROR('04A_국토부원자료'!F53,"") -> (79-5) | E52: =IFERROR(VALUE(SUBSTITUTE('04A_국토부원자료'!G53,",","")),"") -> 30.68 | F52: =IFERROR(IF(AND('04A_국토부원자료'!H53<>"",'04A_국토부원자료'!I53<>""),DATE(INT(VALUE(SUBSTITUTE('04A_국토부원자료'!H53,",",""))/100),MOD(VALUE(SUBSTITUTE('04A_국토부원자료'!H53,",","")),100),VALUE(SUBSTITUTE('04A_국토부원자료'!I53,",",""))),""),"") -> 45888 | G52: =IFERROR(VALUE(SUBSTITUTE('04A_국토부원자료'!J53,",","")),"") -> 11000 | H52: =IF(G52="","",G52*10000) -> 110000000 | I52: =IFERROR(IF(AND(H52>0,E52>0),H52/E52,""),"") -> 3585397.7 | J52: =IFERROR(VALUE(SUBSTITUTE('04A_국토부원자료'!K53,",","")),"") -> 7 | K52: =IFERROR(VALUE(SUBSTITUTE('04A_국토부원자료'!N53,",","")),"") -> 1994 | L52: =IFERROR('04A_국토부원자료'!O53,"") -> 송파대로28길 24 | M52: =IFERROR('04A_국토부원자료'!Q53,"") -> 중개거래 | N52: =IF(B52="","",IF('02_대상물건입력'!B5="",1,IF(ISNUMBER(SEARCH('02_대상물건입력'!B5,B52)),1,0))) -> 1 | O52: =IF(B52="","",IF('02_대상물건입력'!B6="",1,IF(ISNUMBER(SEARCH('02_대상물건입력'!B6,B52)),1,0))) -> 1 | P52: =IF(L52="","",IF('02_대상물건입력'!B15="",0,IF(ISNUMBER(SEARCH('02_대상물건입력'!B15,L52)),1,0))) -> 1 | Q52: =IF(D52="","",IF('02_대상물건입력'!B8="",0,IF(ISNUMBER(SEARCH('02_대상물건입력'!B8,D52)),1,0))) -> 0 | R52: =IFERROR(ABS(E52-'02_대상물건입력'!B11)/'02_대상물건입력'!B11,"") -> 0.12616912 | S52: =IFERROR(ABS(J52-'02_대상물건입력'!B10),"") -> 5 | T52: =IFERROR(ABS('01_설정'!B4-F52),"") -> 224 | U52: =IFERROR(ABS(K52-YEAR('02_대상물건입력'!B14)),"") -> 32 | V52: =IF(B52="","",IF(AND(E52>0,F52>0,H52>0,OR('04A_국토부원자료'!P53="",'04A_국토부원자료'!P53="-"),IF('01_설정'!B10=1,N52=1,TRUE),R52<='01_설정'!B5,S52<='01_설정'!B6,T52<='01_설정'!B7,U52<='01_설정'!B8),"Y","")) | W52: =IF(V52<>"Y","",MAX(0,(1-R52/'01_설정'!B5))*'01_설정'!B14+MAX(0,(1-S52/'01_설정'!B6))*'01_설정'!B15+MAX(0,(1-T52/'01_설정'!B7))*'01_설정'!B16+MAX(0,(1-U52/'01_설정'!B8))*'01_설정'!B17+O52*'01_설정'!B11+Q52*'01_설정'!B12+P52*'01_설정'!B13) | X52: =IF(W52="","",1+COUNTIFS($W$4:$W$3003,">"&W52)+COUNTIFS($W$4:W52,W52)-1)
A53: =IF('04A_국토부원자료'!A54="","",ROW()-3) -> 50 | B53: =IFERROR('04A_국토부원자료'!B54,"") -> 서울특별시 송파구 가락동 | C53: =IF(B53="","",IF('04A_국토부원자료'!C54<>"",'04A_국토부원자료'!C54,TRIM('04A_국토부원자료'!D54&IF('04A_국토부원자료'!E54<>"","-"&'04A_국토부원자료'!E54,"")))) -> 79-5 | D53: =IFERROR('04A_국토부원자료'!F54,"") -> (79-5) | E53: =IFERROR(VALUE(SUBSTITUTE('04A_국토부원자료'!G54,",","")),"") -> 30.96 | F53: =IFERROR(IF(AND('04A_국토부원자료'!H54<>"",'04A_국토부원자료'!I54<>""),DATE(INT(VALUE(SUBSTITUTE('04A_국토부원자료'!H54,",",""))/100),MOD(VALUE(SUBSTITUTE('04A_국토부원자료'!H54,",","")),100),VALUE(SUBSTITUTE('04A_국토부원자료'!I54,",",""))),""),"") -> 45884 | G53: =IFERROR(VALUE(SUBSTITUTE('04A_국토부원자료'!J54,",","")),"") -> 10500 | H53: =IF(G53="","",G53*10000) -> 105000000 | I53: =IFERROR(IF(AND(H53>0,E53>0),H53/E53,""),"") -> 3391472.9 | J53: =IFERROR(VALUE(SUBSTITUTE('04A_국토부원자료'!K54,",","")),"") -> 7 | K53: =IFERROR(VALUE(SUBSTITUTE('04A_국토부원자료'!N54,",","")),"") -> 1994 | L53: =IFERROR('04A_국토부원자료'!O54,"") -> 송파대로28길 24 | M53: =IFERROR('04A_국토부원자료'!Q54,"") -> 중개거래 | N53: =IF(B53="","",IF('02_대상물건입력'!B5="",1,IF(ISNUMBER(SEARCH('02_대상물건입력'!B5,B53)),1,0))) -> 1 | O53: =IF(B53="","",IF('02_대상물건입력'!B6="",1,IF(ISNUMBER(SEARCH('02_대상물건입력'!B6,B53)),1,0))) -> 1 | P53: =IF(L53="","",IF('02_대상물건입력'!B15="",0,IF(ISNUMBER(SEARCH('02_대상물건입력'!B15,L53)),1,0))) -> 1 | Q53: =IF(D53="","",IF('02_대상물건입력'!B8="",0,IF(ISNUMBER(SEARCH('02_대상물건입력'!B8,D53)),1,0))) -> 0 | R53: =IFERROR(ABS(E53-'02_대상물건입력'!B11)/'02_대상물건입력'!B11,"") -> 0.13644706 | S53: =IFERROR(ABS(J53-'02_대상물건입력'!B10),"") -> 5 | T53: =IFERROR(ABS('01_설정'!B4-F53),"") -> 228 | U53: =IFERROR(ABS(K53-YEAR('02_대상물건입력'!B14)),"") -> 32 | V53: =IF(B53="","",IF(AND(E53>0,F53>0,H53>0,OR('04A_국토부원자료'!P54="",'04A_국토부원자료'!P54="-"),IF('01_설정'!B10=1,N53=1,TRUE),R53<='01_설정'!B5,S53<='01_설정'!B6,T53<='01_설정'!B7,U53<='01_설정'!B8),"Y","")) | W53: =IF(V53<>"Y","",MAX(0,(1-R53/'01_설정'!B5))*'01_설정'!B14+MAX(0,(1-S53/'01_설정'!B6))*'01_설정'!B15+MAX(0,(1-T53/'01_설정'!B7))*'01_설정'!B16+MAX(0,(1-U53/'01_설정'!B8))*'01_설정'!B17+O53*'01_설정'!B11+Q53*'01_설정'!B12+P53*'01_설정'!B13) | X53: =IF(W53="","",1+COUNTIFS($W$4:$W$3003,">"&W53)+COUNTIFS($W$4:W53,W53)-1)
A54: =IF('04A_국토부원자료'!A55="","",ROW()-3) -> 51 | B54: =IFERROR('04A_국토부원자료'!B55,"") -> 서울특별시 송파구 가락동 | C54: =IF(B54="","",IF('04A_국토부원자료'!C55<>"",'04A_국토부원자료'!C55,TRIM('04A_국토부원자료'!D55&IF('04A_국토부원자료'!E55<>"","-"&'04A_국토부원자료'!E55,"")))) -> 79-5 | D54: =IFERROR('04A_국토부원자료'!F55,"") -> (79-5) | E54: =IFERROR(VALUE(SUBSTITUTE('04A_국토부원자료'!G55,",","")),"") -> 30.96 | F54: =IFERROR(IF(AND('04A_국토부원자료'!H55<>"",'04A_국토부원자료'!I55<>""),DATE(INT(VALUE(SUBSTITUTE('04A_국토부원자료'!H55,",",""))/100),MOD(VALUE(SUBSTITUTE('04A_국토부원자료'!H55,",","")),100),VALUE(SUBSTITUTE('04A_국토부원자료'!I55,",",""))),""),"") -> 45884 | G54: =IFERROR(VALUE(SUBSTITUTE('04A_국토부원자료'!J55,",","")),"") -> 10500 | H54: =IF(G54="","",G54*10000) -> 105000000 | I54: =IFERROR(IF(AND(H54>0,E54>0),H54/E54,""),"") -> 3391472.9 | J54: =IFERROR(VALUE(SUBSTITUTE('04A_국토부원자료'!K55,",","")),"") -> 7 | K54: =IFERROR(VALUE(SUBSTITUTE('04A_국토부원자료'!N55,",","")),"") -> 1994 | L54: =IFERROR('04A_국토부원자료'!O55,"") -> 송파대로28길 24 | M54: =IFERROR('04A_국토부원자료'!Q55,"") -> 중개거래 | N54: =IF(B54="","",IF('02_대상물건입력'!B5="",1,IF(ISNUMBER(SEARCH('02_대상물건입력'!B5,B54)),1,0))) -> 1 | O54: =IF(B54="","",IF('02_대상물건입력'!B6="",1,IF(ISNUMBER(SEARCH('02_대상물건입력'!B6,B54)),1,0))) -> 1 | P54: =IF(L54="","",IF('02_대상물건입력'!B15="",0,IF(ISNUMBER(SEARCH('02_대상물건입력'!B15,L54)),1,0))) -> 1 | Q54: =IF(D54="","",IF('02_대상물건입력'!B8="",0,IF(ISNUMBER(SEARCH('02_대상물건입력'!B8,D54)),1,0))) -> 0 | R54: =IFERROR(ABS(E54-'02_대상물건입력'!B11)/'02_대상물건입력'!B11,"") -> 0.13644706 | S54: =IFERROR(ABS(J54-'02_대상물건입력'!B10),"") -> 5 | T54: =IFERROR(ABS('01_설정'!B4-F54),"") -> 228 | U54: =IFERROR(ABS(K54-YEAR('02_대상물건입력'!B14)),"") -> 32 | V54: =IF(B54="","",IF(AND(E54>0,F54>0,H54>0,OR('04A_국토부원자료'!P55="",'04A_국토부원자료'!P55="-"),IF('01_설정'!B10=1,N54=1,TRUE),R54<='01_설정'!B5,S54<='01_설정'!B6,T54<='01_설정'!B7,U54<='01_설정'!B8),"Y","")) | W54: =IF(V54<>"Y","",MAX(0,(1-R54/'01_설정'!B5))*'01_설정'!B14+MAX(0,(1-S54/'01_설정'!B6))*'01_설정'!B15+MAX(0,(1-T54/'01_설정'!B7))*'01_설정'!B16+MAX(0,(1-U54/'01_설정'!B8))*'01_설정'!B17+O54*'01_설정'!B11+Q54*'01_설정'!B12+P54*'01_설정'!B13) | X54: =IF(W54="","",1+COUNTIFS($W$4:$W$3003,">"&W54)+COUNTIFS($W$4:W54,W54)-1)
A55: =IF('04A_국토부원자료'!A56="","",ROW()-3) -> 52 | B55: =IFERROR('04A_국토부원자료'!B56,"") -> 서울특별시 송파구 가락동 | C55: =IF(B55="","",IF('04A_국토부원자료'!C56<>"",'04A_국토부원자료'!C56,TRIM('04A_국토부원자료'!D56&IF('04A_국토부원자료'!E56<>"","-"&'04A_국토부원자료'!E56,"")))) -> 78-1 | D55: =IFERROR('04A_국토부원자료'!F56,"") -> 한화오벨리스크 | E55: =IFERROR(VALUE(SUBSTITUTE('04A_국토부원자료'!G56,",","")),"") -> 37.93 | F55: =IFERROR(IF(AND('04A_국토부원자료'!H56<>"",'04A_국토부원자료'!I56<>""),DATE(INT(VALUE(SUBSTITUTE('04A_국토부원자료'!H56,",",""))/100),MOD(VALUE(SUBSTITUTE('04A_국토부원자료'!H56,",","")),100),VALUE(SUBSTITUTE('04A_국토부원자료'!I56,",",""))),""),"") -> 45879 | G55: =IFERROR(VALUE(SUBSTITUTE('04A_국토부원자료'!J56,",","")),"") -> 20000 | H55: =IF(G55="","",G55*10000) -> 200000000 | I55: =IFERROR(IF(AND(H55>0,E55>0),H55/E55,""),"") -> 5272871.1 | J55: =IFERROR(VALUE(SUBSTITUTE('04A_국토부원자료'!K56,",","")),"") -> 11 | K55: =IFERROR(VALUE(SUBSTITUTE('04A_국토부원자료'!N56,",","")),"") -> 2004 | L55: =IFERROR('04A_국토부원자료'!O56,"") -> 중대로 127 | M55: =IFERROR('04A_국토부원자료'!Q56,"") -> 중개거래 | N55: =IF(B55="","",IF('02_대상물건입력'!B5="",1,IF(ISNUMBER(SEARCH('02_대상물건입력'!B5,B55)),1,0))) -> 1 | O55: =IF(B55="","",IF('02_대상물건입력'!B6="",1,IF(ISNUMBER(SEARCH('02_대상물건입력'!B6,B55)),1,0))) -> 1 | P55: =IF(L55="","",IF('02_대상물건입력'!B15="",0,IF(ISNUMBER(SEARCH('02_대상물건입력'!B15,L55)),1,0))) -> 0 | Q55: =IF(D55="","",IF('02_대상물건입력'!B8="",0,IF(ISNUMBER(SEARCH('02_대상물건입력'!B8,D55)),1,0))) -> 0 | R55: =IFERROR(ABS(E55-'02_대상물건입력'!B11)/'02_대상물건입력'!B11,"") -> 0.39229448 | S55: =IFERROR(ABS(J55-'02_대상물건입력'!B10),"") -> 1 | T55: =IFERROR(ABS('01_설정'!B4-F55),"") -> 233 | U55: =IFERROR(ABS(K55-YEAR('02_대상물건입력'!B14)),"") -> 22 | V55: =IF(B55="","",IF(AND(E55>0,F55>0,H55>0,OR('04A_국토부원자료'!P56="",'04A_국토부원자료'!P56="-"),IF('01_설정'!B10=1,N55=1,TRUE),R55<='01_설정'!B5,S55<='01_설정'!B6,T55<='01_설정'!B7,U55<='01_설정'!B8),"Y","")) | W55: =IF(V55<>"Y","",MAX(0,(1-R55/'01_설정'!B5))*'01_설정'!B14+MAX(0,(1-S55/'01_설정'!B6))*'01_설정'!B15+MAX(0,(1-T55/'01_설정'!B7))*'01_설정'!B16+MAX(0,(1-U55/'01_설정'!B8))*'01_설정'!B17+O55*'01_설정'!B11+Q55*'01_설정'!B12+P55*'01_설정'!B13) | X55: =IF(W55="","",1+COUNTIFS($W$4:$W$3003,">"&W55)+COUNTIFS($W$4:W55,W55)-1)
A56: =IF('04A_국토부원자료'!A57="","",ROW()-3) -> 53 | B56: =IFERROR('04A_국토부원자료'!B57,"") -> 서울특별시 송파구 가락동 | C56: =IF(B56="","",IF('04A_국토부원자료'!C57<>"",'04A_국토부원자료'!C57,TRIM('04A_국토부원자료'!D57&IF('04A_국토부원자료'!E57<>"","-"&'04A_국토부원자료'!E57,"")))) -> 180-6 | D56: =IFERROR('04A_국토부원자료'!F57,"") -> (180-6) | E56: =IFERROR(VALUE(SUBSTITUTE('04A_국토부원자료'!G57,",","")),"") -> 57.72 | F56: =IFERROR(IF(AND('04A_국토부원자료'!H57<>"",'04A_국토부원자료'!I57<>""),DATE(INT(VALUE(SUBSTITUTE('04A_국토부원자료'!H57,",",""))/100),MOD(VALUE(SUBSTITUTE('04A_국토부원자료'!H57,",","")),100),VALUE(SUBSTITUTE('04A_국토부원자료'!I57,",",""))),""),"") -> 45878 | G56: =IFERROR(VALUE(SUBSTITUTE('04A_국토부원자료'!J57,",","")),"") -> 23500 | H56: =IF(G56="","",G56*10000) -> 235000000 | I56: =IFERROR(IF(AND(H56>0,E56>0),H56/E56,""),"") -> 4071379.1 | J56: =IFERROR(VALUE(SUBSTITUTE('04A_국토부원자료'!K57,",","")),"") -> 4 | K56: =IFERROR(VALUE(SUBSTITUTE('04A_국토부원자료'!N57,",","")),"") -> 2000 | L56: =IFERROR('04A_국토부원자료'!O57,"") -> 문정로 149 | M56: =IFERROR('04A_국토부원자료'!Q57,"") -> 중개거래 | N56: =IF(B56="","",IF('02_대상물건입력'!B5="",1,IF(ISNUMBER(SEARCH('02_대상물건입력'!B5,B56)),1,0))) -> 1 | O56: =IF(B56="","",IF('02_대상물건입력'!B6="",1,IF(ISNUMBER(SEARCH('02_대상물건입력'!B6,B56)),1,0))) -> 1 | P56: =IF(L56="","",IF('02_대상물건입력'!B15="",0,IF(ISNUMBER(SEARCH('02_대상물건입력'!B15,L56)),1,0))) -> 0 | Q56: =IF(D56="","",IF('02_대상물건입력'!B8="",0,IF(ISNUMBER(SEARCH('02_대상물건입력'!B8,D56)),1,0))) -> 0 | R56: =IFERROR(ABS(E56-'02_대상물건입력'!B11)/'02_대상물건입력'!B11,"") -> 1.1187249 | S56: =IFERROR(ABS(J56-'02_대상물건입력'!B10),"") -> 8 | T56: =IFERROR(ABS('01_설정'!B4-F56),"") -> 234 | U56: =IFERROR(ABS(K56-YEAR('02_대상물건입력'!B14)),"") -> 26 | V56: =IF(B56="","",IF(AND(E56>0,F56>0,H56>0,OR('04A_국토부원자료'!P57="",'04A_국토부원자료'!P57="-"),IF('01_설정'!B10=1,N56=1,TRUE),R56<='01_설정'!B5,S56<='01_설정'!B6,T56<='01_설정'!B7,U56<='01_설정'!B8),"Y","")) | W56: =IF(V56<>"Y","",MAX(0,(1-R56/'01_설정'!B5))*'01_설정'!B14+MAX(0,(1-S56/'01_설정'!B6))*'01_설정'!B15+MAX(0,(1-T56/'01_설정'!B7))*'01_설정'!B16+MAX(0,(1-U56/'01_설정'!B8))*'01_설정'!B17+O56*'01_설정'!B11+Q56*'01_설정'!B12+P56*'01_설정'!B13) | X56: =IF(W56="","",1+COUNTIFS($W$4:$W$3003,">"&W56)+COUNTIFS($W$4:W56,W56)-1)
A57: =IF('04A_국토부원자료'!A58="","",ROW()-3) -> 54 | B57: =IFERROR('04A_국토부원자료'!B58,"") -> 서울특별시 송파구 가락동 | C57: =IF(B57="","",IF('04A_국토부원자료'!C58<>"",'04A_국토부원자료'!C58,TRIM('04A_국토부원자료'!D58&IF('04A_국토부원자료'!E58<>"","-"&'04A_국토부원자료'!E58,"")))) -> 77-4 | D57: =IFERROR('04A_국토부원자료'!F58,"") -> 송파KCC웰츠타워 | E57: =IFERROR(VALUE(SUBSTITUTE('04A_국토부원자료'!G58,",","")),"") -> 39.49 | F57: =IFERROR(IF(AND('04A_국토부원자료'!H58<>"",'04A_국토부원자료'!I58<>""),DATE(INT(VALUE(SUBSTITUTE('04A_국토부원자료'!H58,",",""))/100),MOD(VALUE(SUBSTITUTE('04A_국토부원자료'!H58,",","")),100),VALUE(SUBSTITUTE('04A_국토부원자료'!I58,",",""))),""),"") -> 45877 | G57: =IFERROR(VALUE(SUBSTITUTE('04A_국토부원자료'!J58,",","")),"") -> 25800 | H57: =IF(G57="","",G57*10000) -> 258000000 | I57: =IFERROR(IF(AND(H57>0,E57>0),H57/E57,""),"") -> 6533299.6 | J57: =IFERROR(VALUE(SUBSTITUTE('04A_국토부원자료'!K58,",","")),"") -> 8 | K57: =IFERROR(VALUE(SUBSTITUTE('04A_국토부원자료'!N58,",","")),"") -> 2011 | L57: =IFERROR('04A_국토부원자료'!O58,"") -> 송파대로28길 43 | M57: =IFERROR('04A_국토부원자료'!Q58,"") -> 중개거래 | N57: =IF(B57="","",IF('02_대상물건입력'!B5="",1,IF(ISNUMBER(SEARCH('02_대상물건입력'!B5,B57)),1,0))) -> 1 | O57: =IF(B57="","",IF('02_대상물건입력'!B6="",1,IF(ISNUMBER(SEARCH('02_대상물건입력'!B6,B57)),1,0))) -> 1 | P57: =IF(L57="","",IF('02_대상물건입력'!B15="",0,IF(ISNUMBER(SEARCH('02_대상물건입력'!B15,L57)),1,0))) -> 1 | Q57: =IF(D57="","",IF('02_대상물건입력'!B8="",0,IF(ISNUMBER(SEARCH('02_대상물건입력'!B8,D57)),1,0))) -> 0 | R57: =IFERROR(ABS(E57-'02_대상물건입력'!B11)/'02_대상물건입력'!B11,"") -> 0.44955731 | S57: =IFERROR(ABS(J57-'02_대상물건입력'!B10),"") -> 4 | T57: =IFERROR(ABS('01_설정'!B4-F57),"") -> 235 | U57: =IFERROR(ABS(K57-YEAR('02_대상물건입력'!B14)),"") -> 15 | V57: =IF(B57="","",IF(AND(E57>0,F57>0,H57>0,OR('04A_국토부원자료'!P58="",'04A_국토부원자료'!P58="-"),IF('01_설정'!B10=1,N57=1,TRUE),R57<='01_설정'!B5,S57<='01_설정'!B6,T57<='01_설정'!B7,U57<='01_설정'!B8),"Y","")) | W57: =IF(V57<>"Y","",MAX(0,(1-R57/'01_설정'!B5))*'01_설정'!B14+MAX(0,(1-S57/'01_설정'!B6))*'01_설정'!B15+MAX(0,(1-T57/'01_설정'!B7))*'01_설정'!B16+MAX(0,(1-U57/'01_설정'!B8))*'01_설정'!B17+O57*'01_설정'!B11+Q57*'01_설정'!B12+P57*'01_설정'!B13) | X57: =IF(W57="","",1+COUNTIFS($W$4:$W$3003,">"&W57)+COUNTIFS($W$4:W57,W57)-1)
A58: =IF('04A_국토부원자료'!A59="","",ROW()-3) -> 55 | B58: =IFERROR('04A_국토부원자료'!B59,"") -> 서울특별시 송파구 가락동 | C58: =IF(B58="","",IF('04A_국토부원자료'!C59<>"",'04A_국토부원자료'!C59,TRIM('04A_국토부원자료'!D59&IF('04A_국토부원자료'!E59<>"","-"&'04A_국토부원자료'!E59,"")))) -> 77-4 | D58: =IFERROR('04A_국토부원자료'!F59,"") -> 송파KCC웰츠타워 | E58: =IFERROR(VALUE(SUBSTITUTE('04A_국토부원자료'!G59,",","")),"") -> 41.96 | F58: =IFERROR(IF(AND('04A_국토부원자료'!H59<>"",'04A_국토부원자료'!I59<>""),DATE(INT(VALUE(SUBSTITUTE('04A_국토부원자료'!H59,",",""))/100),MOD(VALUE(SUBSTITUTE('04A_국토부원자료'!H59,",","")),100),VALUE(SUBSTITUTE('04A_국토부원자료'!I59,",",""))),""),"") -> 45870 | G58: =IFERROR(VALUE(SUBSTITUTE('04A_국토부원자료'!J59,",","")),"") -> 27500 | H58: =IF(G58="","",G58*10000) -> 275000000 | I58: =IFERROR(IF(AND(H58>0,E58>0),H58/E58,""),"") -> 6553860.8 | J58: =IFERROR(VALUE(SUBSTITUTE('04A_국토부원자료'!K59,",","")),"") -> 13 | K58: =IFERROR(VALUE(SUBSTITUTE('04A_국토부원자료'!N59,",","")),"") -> 2011 | L58: =IFERROR('04A_국토부원자료'!O59,"") -> 송파대로28길 43 | M58: =IFERROR('04A_국토부원자료'!Q59,"") -> 중개거래 | N58: =IF(B58="","",IF('02_대상물건입력'!B5="",1,IF(ISNUMBER(SEARCH('02_대상물건입력'!B5,B58)),1,0))) -> 1 | O58: =IF(B58="","",IF('02_대상물건입력'!B6="",1,IF(ISNUMBER(SEARCH('02_대상물건입력'!B6,B58)),1,0))) -> 1 | P58: =IF(L58="","",IF('02_대상물건입력'!B15="",0,IF(ISNUMBER(SEARCH('02_대상물건입력'!B15,L58)),1,0))) -> 1 | Q58: =IF(D58="","",IF('02_대상물건입력'!B8="",0,IF(ISNUMBER(SEARCH('02_대상물건입력'!B8,D58)),1,0))) -> 0 | R58: =IFERROR(ABS(E58-'02_대상물건입력'!B11)/'02_대상물건입력'!B11,"") -> 0.54022347 | S58: =IFERROR(ABS(J58-'02_대상물건입력'!B10),"") -> 1 | T58: =IFERROR(ABS('01_설정'!B4-F58),"") -> 242 | U58: =IFERROR(ABS(K58-YEAR('02_대상물건입력'!B14)),"") -> 15 | V58: =IF(B58="","",IF(AND(E58>0,F58>0,H58>0,OR('04A_국토부원자료'!P59="",'04A_국토부원자료'!P59="-"),IF('01_설정'!B10=1,N58=1,TRUE),R58<='01_설정'!B5,S58<='01_설정'!B6,T58<='01_설정'!B7,U58<='01_설정'!B8),"Y","")) | W58: =IF(V58<>"Y","",MAX(0,(1-R58/'01_설정'!B5))*'01_설정'!B14+MAX(0,(1-S58/'01_설정'!B6))*'01_설정'!B15+MAX(0,(1-T58/'01_설정'!B7))*'01_설정'!B16+MAX(0,(1-U58/'01_설정'!B8))*'01_설정'!B17+O58*'01_설정'!B11+Q58*'01_설정'!B12+P58*'01_설정'!B13) | X58: =IF(W58="","",1+COUNTIFS($W$4:$W$3003,">"&W58)+COUNTIFS($W$4:W58,W58)-1)
A59: =IF('04A_국토부원자료'!A60="","",ROW()-3) -> 56 | B59: =IFERROR('04A_국토부원자료'!B60,"") -> 서울특별시 송파구 가락동 | C59: =IF(B59="","",IF('04A_국토부원자료'!C60<>"",'04A_국토부원자료'!C60,TRIM('04A_국토부원자료'!D60&IF('04A_국토부원자료'!E60<>"","-"&'04A_국토부원자료'!E60,"")))) -> 98 | D59: =IFERROR('04A_국토부원자료'!F60,"") -> 송파가락두산위브센티움 | E59: =IFERROR(VALUE(SUBSTITUTE('04A_국토부원자료'!G60,",","")),"") -> 29.3 | F59: =IFERROR(IF(AND('04A_국토부원자료'!H60<>"",'04A_국토부원자료'!I60<>""),DATE(INT(VALUE(SUBSTITUTE('04A_국토부원자료'!H60,",",""))/100),MOD(VALUE(SUBSTITUTE('04A_국토부원자료'!H60,",","")),100),VALUE(SUBSTITUTE('04A_국토부원자료'!I60,",",""))),""),"") -> 45866 | G59: =IFERROR(VALUE(SUBSTITUTE('04A_국토부원자료'!J60,",","")),"") -> 13500 | H59: =IF(G59="","",G59*10000) -> 135000000 | I59: =IFERROR(IF(AND(H59>0,E59>0),H59/E59,""),"") -> 4607508.5 | J59: =IFERROR(VALUE(SUBSTITUTE('04A_국토부원자료'!K60,",","")),"") -> 4 | K59: =IFERROR(VALUE(SUBSTITUTE('04A_국토부원자료'!N60,",","")),"") -> 2004 | L59: =IFERROR('04A_국토부원자료'!O60,"") -> 송파대로30길 16 | M59: =IFERROR('04A_국토부원자료'!Q60,"") -> 중개거래 | N59: =IF(B59="","",IF('02_대상물건입력'!B5="",1,IF(ISNUMBER(SEARCH('02_대상물건입력'!B5,B59)),1,0))) -> 1 | O59: =IF(B59="","",IF('02_대상물건입력'!B6="",1,IF(ISNUMBER(SEARCH('02_대상물건입력'!B6,B59)),1,0))) -> 1 | P59: =IF(L59="","",IF('02_대상물건입력'!B15="",0,IF(ISNUMBER(SEARCH('02_대상물건입력'!B15,L59)),1,0))) -> 1 | Q59: =IF(D59="","",IF('02_대상물건입력'!B8="",0,IF(ISNUMBER(SEARCH('02_대상물건입력'!B8,D59)),1,0))) -> 0 | R59: =IFERROR(ABS(E59-'02_대상물건입력'!B11)/'02_대상물건입력'!B11,"") -> 0.07551353 | S59: =IFERROR(ABS(J59-'02_대상물건입력'!B10),"") -> 8 | T59: =IFERROR(ABS('01_설정'!B4-F59),"") -> 246 | U59: =IFERROR(ABS(K59-YEAR('02_대상물건입력'!B14)),"") -> 22 | V59: =IF(B59="","",IF(AND(E59>0,F59>0,H59>0,OR('04A_국토부원자료'!P60="",'04A_국토부원자료'!P60="-"),IF('01_설정'!B10=1,N59=1,TRUE),R59<='01_설정'!B5,S59<='01_설정'!B6,T59<='01_설정'!B7,U59<='01_설정'!B8),"Y","")) | W59: =IF(V59<>"Y","",MAX(0,(1-R59/'01_설정'!B5))*'01_설정'!B14+MAX(0,(1-S59/'01_설정'!B6))*'01_설정'!B15+MAX(0,(1-T59/'01_설정'!B7))*'01_설정'!B16+MAX(0,(1-U59/'01_설정'!B8))*'01_설정'!B17+O59*'01_설정'!B11+Q59*'01_설정'!B12+P59*'01_설정'!B13) | X59: =IF(W59="","",1+COUNTIFS($W$4:$W$3003,">"&W59)+COUNTIFS($W$4:W59,W59)-1)
A60: =IF('04A_국토부원자료'!A61="","",ROW()-3) -> 57 | B60: =IFERROR('04A_국토부원자료'!B61,"") -> 서울특별시 송파구 가락동 | C60: =IF(B60="","",IF('04A_국토부원자료'!C61<>"",'04A_국토부원자료'!C61,TRIM('04A_국토부원자료'!D61&IF('04A_국토부원자료'!E61<>"","-"&'04A_국토부원자료'!E61,"")))) -> 79-7 | D60: =IFERROR('04A_국토부원자료'!F61,"") -> (79-7) | E60: =IFERROR(VALUE(SUBSTITUTE('04A_국토부원자료'!G61,",","")),"") -> 29.52 | F60: =IFERROR(IF(AND('04A_국토부원자료'!H61<>"",'04A_국토부원자료'!I61<>""),DATE(INT(VALUE(SUBSTITUTE('04A_국토부원자료'!H61,",",""))/100),MOD(VALUE(SUBSTITUTE('04A_국토부원자료'!H61,",","")),100),VALUE(SUBSTITUTE('04A_국토부원자료'!I61,",",""))),""),"") -> 45861 | G60: =IFERROR(VALUE(SUBSTITUTE('04A_국토부원자료'!J61,",","")),"") -> 12700 | H60: =IF(G60="","",G60*10000) -> 127000000 | I60: =IFERROR(IF(AND(H60>0,E60>0),H60/E60,""),"") -> 4302168 | J60: =IFERROR(VALUE(SUBSTITUTE('04A_국토부원자료'!K61,",","")),"") -> 5 | K60: =IFERROR(VALUE(SUBSTITUTE('04A_국토부원자료'!N61,",","")),"") -> 1990 | L60: =IFERROR('04A_국토부원자료'!O61,"") -> 송파대로28길 32 | M60: =IFERROR('04A_국토부원자료'!Q61,"") -> 중개거래 | N60: =IF(B60="","",IF('02_대상물건입력'!B5="",1,IF(ISNUMBER(SEARCH('02_대상물건입력'!B5,B60)),1,0))) -> 1 | O60: =IF(B60="","",IF('02_대상물건입력'!B6="",1,IF(ISNUMBER(SEARCH('02_대상물건입력'!B6,B60)),1,0))) -> 1 | P60: =IF(L60="","",IF('02_대상물건입력'!B15="",0,IF(ISNUMBER(SEARCH('02_대상물건입력'!B15,L60)),1,0))) -> 1 | Q60: =IF(D60="","",IF('02_대상물건입력'!B8="",0,IF(ISNUMBER(SEARCH('02_대상물건입력'!B8,D60)),1,0))) -> 0 | R60: =IFERROR(ABS(E60-'02_대상물건입력'!B11)/'02_대상물건입력'!B11,"") -> 0.083589058 | S60: =IFERROR(ABS(J60-'02_대상물건입력'!B10),"") -> 7 | T60: =IFERROR(ABS('01_설정'!B4-F60),"") -> 251 | U60: =IFERROR(ABS(K60-YEAR('02_대상물건입력'!B14)),"") -> 36 | V60: =IF(B60="","",IF(AND(E60>0,F60>0,H60>0,OR('04A_국토부원자료'!P61="",'04A_국토부원자료'!P61="-"),IF('01_설정'!B10=1,N60=1,TRUE),R60<='01_설정'!B5,S60<='01_설정'!B6,T60<='01_설정'!B7,U60<='01_설정'!B8),"Y","")) | W60: =IF(V60<>"Y","",MAX(0,(1-R60/'01_설정'!B5))*'01_설정'!B14+MAX(0,(1-S60/'01_설정'!B6))*'01_설정'!B15+MAX(0,(1-T60/'01_설정'!B7))*'01_설정'!B16+MAX(0,(1-U60/'01_설정'!B8))*'01_설정'!B17+O60*'01_설정'!B11+Q60*'01_설정'!B12+P60*'01_설정'!B13) | X60: =IF(W60="","",1+COUNTIFS($W$4:$W$3003,">"&W60)+COUNTIFS($W$4:W60,W60)-1)
A61: =IF('04A_국토부원자료'!A62="","",ROW()-3) -> 58 | B61: =IFERROR('04A_국토부원자료'!B62,"") -> 서울특별시 송파구 가락동 | C61: =IF(B61="","",IF('04A_국토부원자료'!C62<>"",'04A_국토부원자료'!C62,TRIM('04A_국토부원자료'!D62&IF('04A_국토부원자료'!E62<>"","-"&'04A_국토부원자료'!E62,"")))) -> 98 | D61: =IFERROR('04A_국토부원자료'!F62,"") -> 송파가락두산위브센티움 | E61: =IFERROR(VALUE(SUBSTITUTE('04A_국토부원자료'!G62,",","")),"") -> 29.3 | F61: =IFERROR(IF(AND('04A_국토부원자료'!H62<>"",'04A_국토부원자료'!I62<>""),DATE(INT(VALUE(SUBSTITUTE('04A_국토부원자료'!H62,",",""))/100),MOD(VALUE(SUBSTITUTE('04A_국토부원자료'!H62,",","")),100),VALUE(SUBSTITUTE('04A_국토부원자료'!I62,",",""))),""),"") -> 45859 | G61: =IFERROR(VALUE(SUBSTITUTE('04A_국토부원자료'!J62,",","")),"") -> 13300 | H61: =IF(G61="","",G61*10000) -> 133000000 | I61: =IFERROR(IF(AND(H61>0,E61>0),H61/E61,""),"") -> 4539249.1 | J61: =IFERROR(VALUE(SUBSTITUTE('04A_국토부원자료'!K62,",","")),"") -> 5 | K61: =IFERROR(VALUE(SUBSTITUTE('04A_국토부원자료'!N62,",","")),"") -> 2004 | L61: =IFERROR('04A_국토부원자료'!O62,"") -> 송파대로30길 16 | M61: =IFERROR('04A_국토부원자료'!Q62,"") -> 중개거래 | N61: =IF(B61="","",IF('02_대상물건입력'!B5="",1,IF(ISNUMBER(SEARCH('02_대상물건입력'!B5,B61)),1,0))) -> 1 | O61: =IF(B61="","",IF('02_대상물건입력'!B6="",1,IF(ISNUMBER(SEARCH('02_대상물건입력'!B6,B61)),1,0))) -> 1 | P61: =IF(L61="","",IF('02_대상물건입력'!B15="",0,IF(ISNUMBER(SEARCH('02_대상물건입력'!B15,L61)),1,0))) -> 1 | Q61: =IF(D61="","",IF('02_대상물건입력'!B8="",0,IF(ISNUMBER(SEARCH('02_대상물건입력'!B8,D61)),1,0))) -> 0 | R61: =IFERROR(ABS(E61-'02_대상물건입력'!B11)/'02_대상물건입력'!B11,"") -> 0.07551353 | S61: =IFERROR(ABS(J61-'02_대상물건입력'!B10),"") -> 7 | T61: =IFERROR(ABS('01_설정'!B4-F61),"") -> 253 | U61: =IFERROR(ABS(K61-YEAR('02_대상물건입력'!B14)),"") -> 22 | V61: =IF(B61="","",IF(AND(E61>0,F61>0,H61>0,OR('04A_국토부원자료'!P62="",'04A_국토부원자료'!P62="-"),IF('01_설정'!B10=1,N61=1,TRUE),R61<='01_설정'!B5,S61<='01_설정'!B6,T61<='01_설정'!B7,U61<='01_설정'!B8),"Y","")) | W61: =IF(V61<>"Y","",MAX(0,(1-R61/'01_설정'!B5))*'01_설정'!B14+MAX(0,(1-S61/'01_설정'!B6))*'01_설정'!B15+MAX(0,(1-T61/'01_설정'!B7))*'01_설정'!B16+MAX(0,(1-U61/'01_설정'!B8))*'01_설정'!B17+O61*'01_설정'!B11+Q61*'01_설정'!B12+P61*'01_설정'!B13) | X61: =IF(W61="","",1+COUNTIFS($W$4:$W$3003,">"&W61)+COUNTIFS($W$4:W61,W61)-1)
A62: =IF('04A_국토부원자료'!A63="","",ROW()-3) -> 59 | B62: =IFERROR('04A_국토부원자료'!B63,"") -> 서울특별시 송파구 가락동 | C62: =IF(B62="","",IF('04A_국토부원자료'!C63<>"",'04A_국토부원자료'!C63,TRIM('04A_국토부원자료'!D63&IF('04A_국토부원자료'!E63<>"","-"&'04A_국토부원자료'!E63,"")))) -> 98 | D62: =IFERROR('04A_국토부원자료'!F63,"") -> 송파가락두산위브센티움 | E62: =IFERROR(VALUE(SUBSTITUTE('04A_국토부원자료'!G63,",","")),"") -> 29.3 | F62: =IFERROR(IF(AND('04A_국토부원자료'!H63<>"",'04A_국토부원자료'!I63<>""),DATE(INT(VALUE(SUBSTITUTE('04A_국토부원자료'!H63,",",""))/100),MOD(VALUE(SUBSTITUTE('04A_국토부원자료'!H63,",","")),100),VALUE(SUBSTITUTE('04A_국토부원자료'!I63,",",""))),""),"") -> 45857 | G62: =IFERROR(VALUE(SUBSTITUTE('04A_국토부원자료'!J63,",","")),"") -> 13300 | H62: =IF(G62="","",G62*10000) -> 133000000 | I62: =IFERROR(IF(AND(H62>0,E62>0),H62/E62,""),"") -> 4539249.1 | J62: =IFERROR(VALUE(SUBSTITUTE('04A_국토부원자료'!K63,",","")),"") -> 5 | K62: =IFERROR(VALUE(SUBSTITUTE('04A_국토부원자료'!N63,",","")),"") -> 2004 | L62: =IFERROR('04A_국토부원자료'!O63,"") -> 송파대로30길 16 | M62: =IFERROR('04A_국토부원자료'!Q63,"") -> 중개거래 | N62: =IF(B62="","",IF('02_대상물건입력'!B5="",1,IF(ISNUMBER(SEARCH('02_대상물건입력'!B5,B62)),1,0))) -> 1 | O62: =IF(B62="","",IF('02_대상물건입력'!B6="",1,IF(ISNUMBER(SEARCH('02_대상물건입력'!B6,B62)),1,0))) -> 1 | P62: =IF(L62="","",IF('02_대상물건입력'!B15="",0,IF(ISNUMBER(SEARCH('02_대상물건입력'!B15,L62)),1,0))) -> 1 | Q62: =IF(D62="","",IF('02_대상물건입력'!B8="",0,IF(ISNUMBER(SEARCH('02_대상물건입력'!B8,D62)),1,0))) -> 0 | R62: =IFERROR(ABS(E62-'02_대상물건입력'!B11)/'02_대상물건입력'!B11,"") -> 0.07551353 | S62: =IFERROR(ABS(J62-'02_대상물건입력'!B10),"") -> 7 | T62: =IFERROR(ABS('01_설정'!B4-F62),"") -> 255 | U62: =IFERROR(ABS(K62-YEAR('02_대상물건입력'!B14)),"") -> 22 | V62: =IF(B62="","",IF(AND(E62>0,F62>0,H62>0,OR('04A_국토부원자료'!P63="",'04A_국토부원자료'!P63="-"),IF('01_설정'!B10=1,N62=1,TRUE),R62<='01_설정'!B5,S62<='01_설정'!B6,T62<='01_설정'!B7,U62<='01_설정'!B8),"Y","")) | W62: =IF(V62<>"Y","",MAX(0,(1-R62/'01_설정'!B5))*'01_설정'!B14+MAX(0,(1-S62/'01_설정'!B6))*'01_설정'!B15+MAX(0,(1-T62/'01_설정'!B7))*'01_설정'!B16+MAX(0,(1-U62/'01_설정'!B8))*'01_설정'!B17+O62*'01_설정'!B11+Q62*'01_설정'!B12+P62*'01_설정'!B13) | X62: =IF(W62="","",1+COUNTIFS($W$4:$W$3003,">"&W62)+COUNTIFS($W$4:W62,W62)-1)
A63: =IF('04A_국토부원자료'!A64="","",ROW()-3) -> 60 | B63: =IFERROR('04A_국토부원자료'!B64,"") -> 서울특별시 송파구 가락동 | C63: =IF(B63="","",IF('04A_국토부원자료'!C64<>"",'04A_국토부원자료'!C64,TRIM('04A_국토부원자료'!D64&IF('04A_국토부원자료'!E64<>"","-"&'04A_국토부원자료'!E64,"")))) -> 98-7 | D63: =IFERROR('04A_국토부원자료'!F64,"") -> (98-7) | E63: =IFERROR(VALUE(SUBSTITUTE('04A_국토부원자료'!G64,",","")),"") -> 27.84 | F63: =IFERROR(IF(AND('04A_국토부원자료'!H64<>"",'04A_국토부원자료'!I64<>""),DATE(INT(VALUE(SUBSTITUTE('04A_국토부원자료'!H64,",",""))/100),MOD(VALUE(SUBSTITUTE('04A_국토부원자료'!H64,",","")),100),VALUE(SUBSTITUTE('04A_국토부원자료'!I64,",",""))),""),"") -> 45856 | G63: =IFERROR(VALUE(SUBSTITUTE('04A_국토부원자료'!J64,",","")),"") -> 9000 | H63: =IF(G63="","",G63*10000) -> 90000000 | I63: =IFERROR(IF(AND(H63>0,E63>0),H63/E63,""),"") -> 3232758.6 | J63: =IFERROR(VALUE(SUBSTITUTE('04A_국토부원자료'!K64,",","")),"") -> 8 | K63: =IFERROR(VALUE(SUBSTITUTE('04A_국토부원자료'!N64,",","")),"") -> 1990 | L63: =IFERROR('04A_국토부원자료'!O64,"") -> 송파대로28길 13 | M63: =IFERROR('04A_국토부원자료'!Q64,"") -> 중개거래 | N63: =IF(B63="","",IF('02_대상물건입력'!B5="",1,IF(ISNUMBER(SEARCH('02_대상물건입력'!B5,B63)),1,0))) -> 1 | O63: =IF(B63="","",IF('02_대상물건입력'!B6="",1,IF(ISNUMBER(SEARCH('02_대상물건입력'!B6,B63)),1,0))) -> 1 | P63: =IF(L63="","",IF('02_대상물건입력'!B15="",0,IF(ISNUMBER(SEARCH('02_대상물건입력'!B15,L63)),1,0))) -> 1 | Q63: =IF(D63="","",IF('02_대상물건입력'!B8="",0,IF(ISNUMBER(SEARCH('02_대상물건입력'!B8,D63)),1,0))) -> 0 | R63: =IFERROR(ABS(E63-'02_대상물건입력'!B11)/'02_대상물건입력'!B11,"") -> 0.021921388 | S63: =IFERROR(ABS(J63-'02_대상물건입력'!B10),"") -> 4 | T63: =IFERROR(ABS('01_설정'!B4-F63),"") -> 256 | U63: =IFERROR(ABS(K63-YEAR('02_대상물건입력'!B14)),"") -> 36 | V63: =IF(B63="","",IF(AND(E63>0,F63>0,H63>0,OR('04A_국토부원자료'!P64="",'04A_국토부원자료'!P64="-"),IF('01_설정'!B10=1,N63=1,TRUE),R63<='01_설정'!B5,S63<='01_설정'!B6,T63<='01_설정'!B7,U63<='01_설정'!B8),"Y","")) | W63: =IF(V63<>"Y","",MAX(0,(1-R63/'01_설정'!B5))*'01_설정'!B14+MAX(0,(1-S63/'01_설정'!B6))*'01_설정'!B15+MAX(0,(1-T63/'01_설정'!B7))*'01_설정'!B16+MAX(0,(1-U63/'01_설정'!B8))*'01_설정'!B17+O63*'01_설정'!B11+Q63*'01_설정'!B12+P63*'01_설정'!B13) | X63: =IF(W63="","",1+COUNTIFS($W$4:$W$3003,">"&W63)+COUNTIFS($W$4:W63,W63)-1)
A64: =IF('04A_국토부원자료'!A65="","",ROW()-3) -> 61 | B64: =IFERROR('04A_국토부원자료'!B65,"") -> 서울특별시 송파구 가락동 | C64: =IF(B64="","",IF('04A_국토부원자료'!C65<>"",'04A_국토부원자료'!C65,TRIM('04A_국토부원자료'!D65&IF('04A_국토부원자료'!E65<>"","-"&'04A_국토부원자료'!E65,"")))) -> 99-3 | D64: =IFERROR('04A_국토부원자료'!F65,"") -> 제일오피스텔 | E64: =IFERROR(VALUE(SUBSTITUTE('04A_국토부원자료'!G65,",","")),"") -> 37.86 | F64: =IFERROR(IF(AND('04A_국토부원자료'!H65<>"",'04A_국토부원자료'!I65<>""),DATE(INT(VALUE(SUBSTITUTE('04A_국토부원자료'!H65,",",""))/100),MOD(VALUE(SUBSTITUTE('04A_국토부원자료'!H65,",","")),100),VALUE(SUBSTITUTE('04A_국토부원자료'!I65,",",""))),""),"") -> 45856 | G64: =IFERROR(VALUE(SUBSTITUTE('04A_국토부원자료'!J65,",","")),"") -> 20800 | H64: =IF(G64="","",G64*10000) -> 208000000 | I64: =IFERROR(IF(AND(H64>0,E64>0),H64/E64,""),"") -> 5493925 | J64: =IFERROR(VALUE(SUBSTITUTE('04A_국토부원자료'!K65,",","")),"") -> 9 | K64: =IFERROR(VALUE(SUBSTITUTE('04A_국토부원자료'!N65,",","")),"") -> 1992 | L64: =IFERROR('04A_국토부원자료'!O65,"") -> 송파대로 260 | M64: =IFERROR('04A_국토부원자료'!Q65,"") -> 중개거래 | N64: =IF(B64="","",IF('02_대상물건입력'!B5="",1,IF(ISNUMBER(SEARCH('02_대상물건입력'!B5,B64)),1,0))) -> 1 | O64: =IF(B64="","",IF('02_대상물건입력'!B6="",1,IF(ISNUMBER(SEARCH('02_대상물건입력'!B6,B64)),1,0))) -> 1 | P64: =IF(L64="","",IF('02_대상물건입력'!B15="",0,IF(ISNUMBER(SEARCH('02_대상물건입력'!B15,L64)),1,0))) -> 1 | Q64: =IF(D64="","",IF('02_대상물건입력'!B8="",0,IF(ISNUMBER(SEARCH('02_대상물건입력'!B8,D64)),1,0))) -> 0 | R64: =IFERROR(ABS(E64-'02_대상물건입력'!B11)/'02_대상물건입력'!B11,"") -> 0.38972499 | S64: =IFERROR(ABS(J64-'02_대상물건입력'!B10),"") -> 3 | T64: =IFERROR(ABS('01_설정'!B4-F64),"") -> 256 | U64: =IFERROR(ABS(K64-YEAR('02_대상물건입력'!B14)),"") -> 34 | V64: =IF(B64="","",IF(AND(E64>0,F64>0,H64>0,OR('04A_국토부원자료'!P65="",'04A_국토부원자료'!P65="-"),IF('01_설정'!B10=1,N64=1,TRUE),R64<='01_설정'!B5,S64<='01_설정'!B6,T64<='01_설정'!B7,U64<='01_설정'!B8),"Y","")) | W64: =IF(V64<>"Y","",MAX(0,(1-R64/'01_설정'!B5))*'01_설정'!B14+MAX(0,(1-S64/'01_설정'!B6))*'01_설정'!B15+MAX(0,(1-T64/'01_설정'!B7))*'01_설정'!B16+MAX(0,(1-U64/'01_설정'!B8))*'01_설정'!B17+O64*'01_설정'!B11+Q64*'01_설정'!B12+P64*'01_설정'!B13) | X64: =IF(W64="","",1+COUNTIFS($W$4:$W$3003,">"&W64)+COUNTIFS($W$4:W64,W64)-1)
A65: =IF('04A_국토부원자료'!A66="","",ROW()-3) -> 62 | B65: =IFERROR('04A_국토부원자료'!B66,"") -> 서울특별시 송파구 가락동 | C65: =IF(B65="","",IF('04A_국토부원자료'!C66<>"",'04A_국토부원자료'!C66,TRIM('04A_국토부원자료'!D66&IF('04A_국토부원자료'!E66<>"","-"&'04A_국토부원자료'!E66,"")))) -> 99-3 | D65: =IFERROR('04A_국토부원자료'!F66,"") -> 제일오피스텔 | E65: =IFERROR(VALUE(SUBSTITUTE('04A_국토부원자료'!G66,",","")),"") -> 31.14 | F65: =IFERROR(IF(AND('04A_국토부원자료'!H66<>"",'04A_국토부원자료'!I66<>""),DATE(INT(VALUE(SUBSTITUTE('04A_국토부원자료'!H66,",",""))/100),MOD(VALUE(SUBSTITUTE('04A_국토부원자료'!H66,",","")),100),VALUE(SUBSTITUTE('04A_국토부원자료'!I66,",",""))),""),"") -> 45856 | G65: =IFERROR(VALUE(SUBSTITUTE('04A_국토부원자료'!J66,",","")),"") -> 20000 | H65: =IF(G65="","",G65*10000) -> 200000000 | I65: =IFERROR(IF(AND(H65>0,E65>0),H65/E65,""),"") -> 6422607.6 | J65: =IFERROR(VALUE(SUBSTITUTE('04A_국토부원자료'!K66,",","")),"") -> 9 | K65: =IFERROR(VALUE(SUBSTITUTE('04A_국토부원자료'!N66,",","")),"") -> 1992 | L65: =IFERROR('04A_국토부원자료'!O66,"") -> 송파대로 260 | M65: =IFERROR('04A_국토부원자료'!Q66,"") -> 중개거래 | N65: =IF(B65="","",IF('02_대상물건입력'!B5="",1,IF(ISNUMBER(SEARCH('02_대상물건입력'!B5,B65)),1,0))) -> 1 | O65: =IF(B65="","",IF('02_대상물건입력'!B6="",1,IF(ISNUMBER(SEARCH('02_대상물건입력'!B6,B65)),1,0))) -> 1 | P65: =IF(L65="","",IF('02_대상물건입력'!B15="",0,IF(ISNUMBER(SEARCH('02_대상물건입력'!B15,L65)),1,0))) -> 1 | Q65: =IF(D65="","",IF('02_대상물건입력'!B8="",0,IF(ISNUMBER(SEARCH('02_대상물건입력'!B8,D65)),1,0))) -> 0 | R65: =IFERROR(ABS(E65-'02_대상물건입력'!B11)/'02_대상물건입력'!B11,"") -> 0.14305431 | S65: =IFERROR(ABS(J65-'02_대상물건입력'!B10),"") -> 3 | T65: =IFERROR(ABS('01_설정'!B4-F65),"") -> 256 | U65: =IFERROR(ABS(K65-YEAR('02_대상물건입력'!B14)),"") -> 34 | V65: =IF(B65="","",IF(AND(E65>0,F65>0,H65>0,OR('04A_국토부원자료'!P66="",'04A_국토부원자료'!P66="-"),IF('01_설정'!B10=1,N65=1,TRUE),R65<='01_설정'!B5,S65<='01_설정'!B6,T65<='01_설정'!B7,U65<='01_설정'!B8),"Y","")) | W65: =IF(V65<>"Y","",MAX(0,(1-R65/'01_설정'!B5))*'01_설정'!B14+MAX(0,(1-S65/'01_설정'!B6))*'01_설정'!B15+MAX(0,(1-T65/'01_설정'!B7))*'01_설정'!B16+MAX(0,(1-U65/'01_설정'!B8))*'01_설정'!B17+O65*'01_설정'!B11+Q65*'01_설정'!B12+P65*'01_설정'!B13) | X65: =IF(W65="","",1+COUNTIFS($W$4:$W$3003,">"&W65)+COUNTIFS($W$4:W65,W65)-1)
A66: =IF('04A_국토부원자료'!A67="","",ROW()-3) -> 63 | B66: =IFERROR('04A_국토부원자료'!B67,"") -> 서울특별시 송파구 가락동 | C66: =IF(B66="","",IF('04A_국토부원자료'!C67<>"",'04A_국토부원자료'!C67,TRIM('04A_국토부원자료'!D67&IF('04A_국토부원자료'!E67<>"","-"&'04A_국토부원자료'!E67,"")))) -> 98-7 | D66: =IFERROR('04A_국토부원자료'!F67,"") -> (98-7) | E66: =IFERROR(VALUE(SUBSTITUTE('04A_국토부원자료'!G67,",","")),"") -> 27.84 | F66: =IFERROR(IF(AND('04A_국토부원자료'!H67<>"",'04A_국토부원자료'!I67<>""),DATE(INT(VALUE(SUBSTITUTE('04A_국토부원자료'!H67,",",""))/100),MOD(VALUE(SUBSTITUTE('04A_국토부원자료'!H67,",","")),100),VALUE(SUBSTITUTE('04A_국토부원자료'!I67,",",""))),""),"") -> 45856 | G66: =IFERROR(VALUE(SUBSTITUTE('04A_국토부원자료'!J67,",","")),"") -> 9000 | H66: =IF(G66="","",G66*10000) -> 90000000 | I66: =IFERROR(IF(AND(H66>0,E66>0),H66/E66,""),"") -> 3232758.6 | J66: =IFERROR(VALUE(SUBSTITUTE('04A_국토부원자료'!K67,",","")),"") -> 8 | K66: =IFERROR(VALUE(SUBSTITUTE('04A_국토부원자료'!N67,",","")),"") -> 1990 | L66: =IFERROR('04A_국토부원자료'!O67,"") -> 송파대로28길 13 | M66: =IFERROR('04A_국토부원자료'!Q67,"") -> 중개거래 | N66: =IF(B66="","",IF('02_대상물건입력'!B5="",1,IF(ISNUMBER(SEARCH('02_대상물건입력'!B5,B66)),1,0))) -> 1 | O66: =IF(B66="","",IF('02_대상물건입력'!B6="",1,IF(ISNUMBER(SEARCH('02_대상물건입력'!B6,B66)),1,0))) -> 1 | P66: =IF(L66="","",IF('02_대상물건입력'!B15="",0,IF(ISNUMBER(SEARCH('02_대상물건입력'!B15,L66)),1,0))) -> 1 | Q66: =IF(D66="","",IF('02_대상물건입력'!B8="",0,IF(ISNUMBER(SEARCH('02_대상물건입력'!B8,D66)),1,0))) -> 0 | R66: =IFERROR(ABS(E66-'02_대상물건입력'!B11)/'02_대상물건입력'!B11,"") -> 0.021921388 | S66: =IFERROR(ABS(J66-'02_대상물건입력'!B10),"") -> 4 | T66: =IFERROR(ABS('01_설정'!B4-F66),"") -> 256 | U66: =IFERROR(ABS(K66-YEAR('02_대상물건입력'!B14)),"") -> 36 | V66: =IF(B66="","",IF(AND(E66>0,F66>0,H66>0,OR('04A_국토부원자료'!P67="",'04A_국토부원자료'!P67="-"),IF('01_설정'!B10=1,N66=1,TRUE),R66<='01_설정'!B5,S66<='01_설정'!B6,T66<='01_설정'!B7,U66<='01_설정'!B8),"Y","")) | W66: =IF(V66<>"Y","",MAX(0,(1-R66/'01_설정'!B5))*'01_설정'!B14+MAX(0,(1-S66/'01_설정'!B6))*'01_설정'!B15+MAX(0,(1-T66/'01_설정'!B7))*'01_설정'!B16+MAX(0,(1-U66/'01_설정'!B8))*'01_설정'!B17+O66*'01_설정'!B11+Q66*'01_설정'!B12+P66*'01_설정'!B13) | X66: =IF(W66="","",1+COUNTIFS($W$4:$W$3003,">"&W66)+COUNTIFS($W$4:W66,W66)-1)
A67: =IF('04A_국토부원자료'!A68="","",ROW()-3) -> 64 | B67: =IFERROR('04A_국토부원자료'!B68,"") -> 서울특별시 송파구 가락동 | C67: =IF(B67="","",IF('04A_국토부원자료'!C68<>"",'04A_국토부원자료'!C68,TRIM('04A_국토부원자료'!D68&IF('04A_국토부원자료'!E68<>"","-"&'04A_국토부원자료'!E68,"")))) -> 98-7 | D67: =IFERROR('04A_국토부원자료'!F68,"") -> (98-7) | E67: =IFERROR(VALUE(SUBSTITUTE('04A_국토부원자료'!G68,",","")),"") -> 27.84 | F67: =IFERROR(IF(AND('04A_국토부원자료'!H68<>"",'04A_국토부원자료'!I68<>""),DATE(INT(VALUE(SUBSTITUTE('04A_국토부원자료'!H68,",",""))/100),MOD(VALUE(SUBSTITUTE('04A_국토부원자료'!H68,",","")),100),VALUE(SUBSTITUTE('04A_국토부원자료'!I68,",",""))),""),"") -> 45856 | G67: =IFERROR(VALUE(SUBSTITUTE('04A_국토부원자료'!J68,",","")),"") -> 9000 | H67: =IF(G67="","",G67*10000) -> 90000000 | I67: =IFERROR(IF(AND(H67>0,E67>0),H67/E67,""),"") -> 3232758.6 | J67: =IFERROR(VALUE(SUBSTITUTE('04A_국토부원자료'!K68,",","")),"") -> 8 | K67: =IFERROR(VALUE(SUBSTITUTE('04A_국토부원자료'!N68,",","")),"") -> 1990 | L67: =IFERROR('04A_국토부원자료'!O68,"") -> 송파대로28길 13 | M67: =IFERROR('04A_국토부원자료'!Q68,"") -> 중개거래 | N67: =IF(B67="","",IF('02_대상물건입력'!B5="",1,IF(ISNUMBER(SEARCH('02_대상물건입력'!B5,B67)),1,0))) -> 1 | O67: =IF(B67="","",IF('02_대상물건입력'!B6="",1,IF(ISNUMBER(SEARCH('02_대상물건입력'!B6,B67)),1,0))) -> 1 | P67: =IF(L67="","",IF('02_대상물건입력'!B15="",0,IF(ISNUMBER(SEARCH('02_대상물건입력'!B15,L67)),1,0))) -> 1 | Q67: =IF(D67="","",IF('02_대상물건입력'!B8="",0,IF(ISNUMBER(SEARCH('02_대상물건입력'!B8,D67)),1,0))) -> 0 | R67: =IFERROR(ABS(E67-'02_대상물건입력'!B11)/'02_대상물건입력'!B11,"") -> 0.021921388 | S67: =IFERROR(ABS(J67-'02_대상물건입력'!B10),"") -> 4 | T67: =IFERROR(ABS('01_설정'!B4-F67),"") -> 256 | U67: =IFERROR(ABS(K67-YEAR('02_대상물건입력'!B14)),"") -> 36 | V67: =IF(B67="","",IF(AND(E67>0,F67>0,H67>0,OR('04A_국토부원자료'!P68="",'04A_국토부원자료'!P68="-"),IF('01_설정'!B10=1,N67=1,TRUE),R67<='01_설정'!B5,S67<='01_설정'!B6,T67<='01_설정'!B7,U67<='01_설정'!B8),"Y","")) | W67: =IF(V67<>"Y","",MAX(0,(1-R67/'01_설정'!B5))*'01_설정'!B14+MAX(0,(1-S67/'01_설정'!B6))*'01_설정'!B15+MAX(0,(1-T67/'01_설정'!B7))*'01_설정'!B16+MAX(0,(1-U67/'01_설정'!B8))*'01_설정'!B17+O67*'01_설정'!B11+Q67*'01_설정'!B12+P67*'01_설정'!B13) | X67: =IF(W67="","",1+COUNTIFS($W$4:$W$3003,">"&W67)+COUNTIFS($W$4:W67,W67)-1)
A68: =IF('04A_국토부원자료'!A69="","",ROW()-3) -> 65 | B68: =IFERROR('04A_국토부원자료'!B69,"") -> 서울특별시 송파구 가락동 | C68: =IF(B68="","",IF('04A_국토부원자료'!C69<>"",'04A_국토부원자료'!C69,TRIM('04A_국토부원자료'!D69&IF('04A_국토부원자료'!E69<>"","-"&'04A_국토부원자료'!E69,"")))) -> 79-4 | D68: =IFERROR('04A_국토부원자료'!F69,"") -> (79-4) | E68: =IFERROR(VALUE(SUBSTITUTE('04A_국토부원자료'!G69,",","")),"") -> 28.2 | F68: =IFERROR(IF(AND('04A_국토부원자료'!H69<>"",'04A_국토부원자료'!I69<>""),DATE(INT(VALUE(SUBSTITUTE('04A_국토부원자료'!H69,",",""))/100),MOD(VALUE(SUBSTITUTE('04A_국토부원자료'!H69,",","")),100),VALUE(SUBSTITUTE('04A_국토부원자료'!I69,",",""))),""),"") -> 45848 | G68: =IFERROR(VALUE(SUBSTITUTE('04A_국토부원자료'!J69,",","")),"") -> 11800 | H68: =IF(G68="","",G68*10000) -> 118000000 | I68: =IFERROR(IF(AND(H68>0,E68>0),H68/E68,""),"") -> 4184397.2 | J68: =IFERROR(VALUE(SUBSTITUTE('04A_국토부원자료'!K69,",","")),"") -> 10 | K68: =IFERROR(VALUE(SUBSTITUTE('04A_국토부원자료'!N69,",","")),"") -> 1991 | L68: =IFERROR('04A_국토부원자료'!O69,"") -> 송파대로28길 20 | M68: =IFERROR('04A_국토부원자료'!Q69,"") -> 중개거래 | N68: =IF(B68="","",IF('02_대상물건입력'!B5="",1,IF(ISNUMBER(SEARCH('02_대상물건입력'!B5,B68)),1,0))) -> 1 | O68: =IF(B68="","",IF('02_대상물건입력'!B6="",1,IF(ISNUMBER(SEARCH('02_대상물건입력'!B6,B68)),1,0))) -> 1 | P68: =IF(L68="","",IF('02_대상물건입력'!B15="",0,IF(ISNUMBER(SEARCH('02_대상물건입력'!B15,L68)),1,0))) -> 1 | Q68: =IF(D68="","",IF('02_대상물건입력'!B8="",0,IF(ISNUMBER(SEARCH('02_대상물건입력'!B8,D68)),1,0))) -> 0 | R68: =IFERROR(ABS(E68-'02_대상물건입력'!B11)/'02_대상물건입력'!B11,"") -> 0.035135889 | S68: =IFERROR(ABS(J68-'02_대상물건입력'!B10),"") -> 2 | T68: =IFERROR(ABS('01_설정'!B4-F68),"") -> 264 | U68: =IFERROR(ABS(K68-YEAR('02_대상물건입력'!B14)),"") -> 35 | V68: =IF(B68="","",IF(AND(E68>0,F68>0,H68>0,OR('04A_국토부원자료'!P69="",'04A_국토부원자료'!P69="-"),IF('01_설정'!B10=1,N68=1,TRUE),R68<='01_설정'!B5,S68<='01_설정'!B6,T68<='01_설정'!B7,U68<='01_설정'!B8),"Y","")) | W68: =IF(V68<>"Y","",MAX(0,(1-R68/'01_설정'!B5))*'01_설정'!B14+MAX(0,(1-S68/'01_설정'!B6))*'01_설정'!B15+MAX(0,(1-T68/'01_설정'!B7))*'01_설정'!B16+MAX(0,(1-U68/'01_설정'!B8))*'01_설정'!B17+O68*'01_설정'!B11+Q68*'01_설정'!B12+P68*'01_설정'!B13) | X68: =IF(W68="","",1+COUNTIFS($W$4:$W$3003,">"&W68)+COUNTIFS($W$4:W68,W68)-1)
A69: =IF('04A_국토부원자료'!A70="","",ROW()-3) -> 66 | B69: =IFERROR('04A_국토부원자료'!B70,"") -> 서울특별시 송파구 가락동 | C69: =IF(B69="","",IF('04A_국토부원자료'!C70<>"",'04A_국토부원자료'!C70,TRIM('04A_국토부원자료'!D70&IF('04A_국토부원자료'!E70<>"","-"&'04A_국토부원자료'!E70,"")))) -> 79-7 | D69: =IFERROR('04A_국토부원자료'!F70,"") -> (79-7) | E69: =IFERROR(VALUE(SUBSTITUTE('04A_국토부원자료'!G70,",","")),"") -> 29.52 | F69: =IFERROR(IF(AND('04A_국토부원자료'!H70<>"",'04A_국토부원자료'!I70<>""),DATE(INT(VALUE(SUBSTITUTE('04A_국토부원자료'!H70,",",""))/100),MOD(VALUE(SUBSTITUTE('04A_국토부원자료'!H70,",","")),100),VALUE(SUBSTITUTE('04A_국토부원자료'!I70,",",""))),""),"") -> 45845 | G69: =IFERROR(VALUE(SUBSTITUTE('04A_국토부원자료'!J70,",","")),"") -> 12000 | H69: =IF(G69="","",G69*10000) -> 120000000 | I69: =IFERROR(IF(AND(H69>0,E69>0),H69/E69,""),"") -> 4065040.7 | J69: =IFERROR(VALUE(SUBSTITUTE('04A_국토부원자료'!K70,",","")),"") -> 8 | K69: =IFERROR(VALUE(SUBSTITUTE('04A_국토부원자료'!N70,",","")),"") -> 1990 | L69: =IFERROR('04A_국토부원자료'!O70,"") -> 송파대로28길 32 | M69: =IFERROR('04A_국토부원자료'!Q70,"") -> 중개거래 | N69: =IF(B69="","",IF('02_대상물건입력'!B5="",1,IF(ISNUMBER(SEARCH('02_대상물건입력'!B5,B69)),1,0))) -> 1 | O69: =IF(B69="","",IF('02_대상물건입력'!B6="",1,IF(ISNUMBER(SEARCH('02_대상물건입력'!B6,B69)),1,0))) -> 1 | P69: =IF(L69="","",IF('02_대상물건입력'!B15="",0,IF(ISNUMBER(SEARCH('02_대상물건입력'!B15,L69)),1,0))) -> 1 | Q69: =IF(D69="","",IF('02_대상물건입력'!B8="",0,IF(ISNUMBER(SEARCH('02_대상물건입력'!B8,D69)),1,0))) -> 0 | R69: =IFERROR(ABS(E69-'02_대상물건입력'!B11)/'02_대상물건입력'!B11,"") -> 0.083589058 | S69: =IFERROR(ABS(J69-'02_대상물건입력'!B10),"") -> 4 | T69: =IFERROR(ABS('01_설정'!B4-F69),"") -> 267 | U69: =IFERROR(ABS(K69-YEAR('02_대상물건입력'!B14)),"") -> 36 | V69: =IF(B69="","",IF(AND(E69>0,F69>0,H69>0,OR('04A_국토부원자료'!P70="",'04A_국토부원자료'!P70="-"),IF('01_설정'!B10=1,N69=1,TRUE),R69<='01_설정'!B5,S69<='01_설정'!B6,T69<='01_설정'!B7,U69<='01_설정'!B8),"Y","")) | W69: =IF(V69<>"Y","",MAX(0,(1-R69/'01_설정'!B5))*'01_설정'!B14+MAX(0,(1-S69/'01_설정'!B6))*'01_설정'!B15+MAX(0,(1-T69/'01_설정'!B7))*'01_설정'!B16+MAX(0,(1-U69/'01_설정'!B8))*'01_설정'!B17+O69*'01_설정'!B11+Q69*'01_설정'!B12+P69*'01_설정'!B13) | X69: =IF(W69="","",1+COUNTIFS($W$4:$W$3003,">"&W69)+COUNTIFS($W$4:W69,W69)-1)
A70: =IF('04A_국토부원자료'!A71="","",ROW()-3) -> 67 | B70: =IFERROR('04A_국토부원자료'!B71,"") -> 서울특별시 송파구 가락동 | C70: =IF(B70="","",IF('04A_국토부원자료'!C71<>"",'04A_국토부원자료'!C71,TRIM('04A_국토부원자료'!D71&IF('04A_국토부원자료'!E71<>"","-"&'04A_국토부원자료'!E71,"")))) -> 78-1 | D70: =IFERROR('04A_국토부원자료'!F71,"") -> 한화오벨리스크 | E70: =IFERROR(VALUE(SUBSTITUTE('04A_국토부원자료'!G71,",","")),"") -> 37.93 | F70: =IFERROR(IF(AND('04A_국토부원자료'!H71<>"",'04A_국토부원자료'!I71<>""),DATE(INT(VALUE(SUBSTITUTE('04A_국토부원자료'!H71,",",""))/100),MOD(VALUE(SUBSTITUTE('04A_국토부원자료'!H71,",","")),100),VALUE(SUBSTITUTE('04A_국토부원자료'!I71,",",""))),""),"") -> 45845 | G70: =IFERROR(VALUE(SUBSTITUTE('04A_국토부원자료'!J71,",","")),"") -> 23000 | H70: =IF(G70="","",G70*10000) -> 230000000 | I70: =IFERROR(IF(AND(H70>0,E70>0),H70/E70,""),"") -> 6063801.7 | J70: =IFERROR(VALUE(SUBSTITUTE('04A_국토부원자료'!K71,",","")),"") -> 13 | K70: =IFERROR(VALUE(SUBSTITUTE('04A_국토부원자료'!N71,",","")),"") -> 2004 | L70: =IFERROR('04A_국토부원자료'!O71,"") -> 중대로 127 | M70: =IFERROR('04A_국토부원자료'!Q71,"") -> 중개거래 | N70: =IF(B70="","",IF('02_대상물건입력'!B5="",1,IF(ISNUMBER(SEARCH('02_대상물건입력'!B5,B70)),1,0))) -> 1 | O70: =IF(B70="","",IF('02_대상물건입력'!B6="",1,IF(ISNUMBER(SEARCH('02_대상물건입력'!B6,B70)),1,0))) -> 1 | P70: =IF(L70="","",IF('02_대상물건입력'!B15="",0,IF(ISNUMBER(SEARCH('02_대상물건입력'!B15,L70)),1,0))) -> 0 | Q70: =IF(D70="","",IF('02_대상물건입력'!B8="",0,IF(ISNUMBER(SEARCH('02_대상물건입력'!B8,D70)),1,0))) -> 0 | R70: =IFERROR(ABS(E70-'02_대상물건입력'!B11)/'02_대상물건입력'!B11,"") -> 0.39229448 | S70: =IFERROR(ABS(J70-'02_대상물건입력'!B10),"") -> 1 | T70: =IFERROR(ABS('01_설정'!B4-F70),"") -> 267 | U70: =IFERROR(ABS(K70-YEAR('02_대상물건입력'!B14)),"") -> 22 | V70: =IF(B70="","",IF(AND(E70>0,F70>0,H70>0,OR('04A_국토부원자료'!P71="",'04A_국토부원자료'!P71="-"),IF('01_설정'!B10=1,N70=1,TRUE),R70<='01_설정'!B5,S70<='01_설정'!B6,T70<='01_설정'!B7,U70<='01_설정'!B8),"Y","")) | W70: =IF(V70<>"Y","",MAX(0,(1-R70/'01_설정'!B5))*'01_설정'!B14+MAX(0,(1-S70/'01_설정'!B6))*'01_설정'!B15+MAX(0,(1-T70/'01_설정'!B7))*'01_설정'!B16+MAX(0,(1-U70/'01_설정'!B8))*'01_설정'!B17+O70*'01_설정'!B11+Q70*'01_설정'!B12+P70*'01_설정'!B13) | X70: =IF(W70="","",1+COUNTIFS($W$4:$W$3003,">"&W70)+COUNTIFS($W$4:W70,W70)-1)
A71: =IF('04A_국토부원자료'!A72="","",ROW()-3) -> 68 | B71: =IFERROR('04A_국토부원자료'!B72,"") -> 서울특별시 송파구 가락동 | C71: =IF(B71="","",IF('04A_국토부원자료'!C72<>"",'04A_국토부원자료'!C72,TRIM('04A_국토부원자료'!D72&IF('04A_국토부원자료'!E72<>"","-"&'04A_국토부원자료'!E72,"")))) -> 79-5 | D71: =IFERROR('04A_국토부원자료'!F72,"") -> (79-5) | E71: =IFERROR(VALUE(SUBSTITUTE('04A_국토부원자료'!G72,",","")),"") -> 48.73 | F71: =IFERROR(IF(AND('04A_국토부원자료'!H72<>"",'04A_국토부원자료'!I72<>""),DATE(INT(VALUE(SUBSTITUTE('04A_국토부원자료'!H72,",",""))/100),MOD(VALUE(SUBSTITUTE('04A_국토부원자료'!H72,",","")),100),VALUE(SUBSTITUTE('04A_국토부원자료'!I72,",",""))),""),"") -> 45833 | G71: =IFERROR(VALUE(SUBSTITUTE('04A_국토부원자료'!J72,",","")),"") -> 16000 | H71: =IF(G71="","",G71*10000) -> 160000000 | I71: =IFERROR(IF(AND(H71>0,E71>0),H71/E71,""),"") -> 3283398.3 | J71: =IFERROR(VALUE(SUBSTITUTE('04A_국토부원자료'!K72,",","")),"") -> 15 | K71: =IFERROR(VALUE(SUBSTITUTE('04A_국토부원자료'!N72,",","")),"") -> 1994 | L71: =IFERROR('04A_국토부원자료'!O72,"") -> 송파대로28길 24 | M71: =IFERROR('04A_국토부원자료'!Q72,"") -> 중개거래 | N71: =IF(B71="","",IF('02_대상물건입력'!B5="",1,IF(ISNUMBER(SEARCH('02_대상물건입력'!B5,B71)),1,0))) -> 1 | O71: =IF(B71="","",IF('02_대상물건입력'!B6="",1,IF(ISNUMBER(SEARCH('02_대상물건입력'!B6,B71)),1,0))) -> 1 | P71: =IF(L71="","",IF('02_대상물건입력'!B15="",0,IF(ISNUMBER(SEARCH('02_대상물건입력'!B15,L71)),1,0))) -> 1 | Q71: =IF(D71="","",IF('02_대상물건입력'!B8="",0,IF(ISNUMBER(SEARCH('02_대상물건입력'!B8,D71)),1,0))) -> 0 | R71: =IFERROR(ABS(E71-'02_대상물건입력'!B11)/'02_대상물건입력'!B11,"") -> 0.7887295 | S71: =IFERROR(ABS(J71-'02_대상물건입력'!B10),"") -> 3 | T71: =IFERROR(ABS('01_설정'!B4-F71),"") -> 279 | U71: =IFERROR(ABS(K71-YEAR('02_대상물건입력'!B14)),"") -> 32 | V71: =IF(B71="","",IF(AND(E71>0,F71>0,H71>0,OR('04A_국토부원자료'!P72="",'04A_국토부원자료'!P72="-"),IF('01_설정'!B10=1,N71=1,TRUE),R71<='01_설정'!B5,S71<='01_설정'!B6,T71<='01_설정'!B7,U71<='01_설정'!B8),"Y","")) | W71: =IF(V71<>"Y","",MAX(0,(1-R71/'01_설정'!B5))*'01_설정'!B14+MAX(0,(1-S71/'01_설정'!B6))*'01_설정'!B15+MAX(0,(1-T71/'01_설정'!B7))*'01_설정'!B16+MAX(0,(1-U71/'01_설정'!B8))*'01_설정'!B17+O71*'01_설정'!B11+Q71*'01_설정'!B12+P71*'01_설정'!B13) | X71: =IF(W71="","",1+COUNTIFS($W$4:$W$3003,">"&W71)+COUNTIFS($W$4:W71,W71)-1)
A72: =IF('04A_국토부원자료'!A73="","",ROW()-3) -> 69 | B72: =IFERROR('04A_국토부원자료'!B73,"") -> 서울특별시 송파구 가락동 | C72: =IF(B72="","",IF('04A_국토부원자료'!C73<>"",'04A_국토부원자료'!C73,TRIM('04A_국토부원자료'!D73&IF('04A_국토부원자료'!E73<>"","-"&'04A_국토부원자료'!E73,"")))) -> 79-7 | D72: =IFERROR('04A_국토부원자료'!F73,"") -> (79-7) | E72: =IFERROR(VALUE(SUBSTITUTE('04A_국토부원자료'!G73,",","")),"") -> 29.52 | F72: =IFERROR(IF(AND('04A_국토부원자료'!H73<>"",'04A_국토부원자료'!I73<>""),DATE(INT(VALUE(SUBSTITUTE('04A_국토부원자료'!H73,",",""))/100),MOD(VALUE(SUBSTITUTE('04A_국토부원자료'!H73,",","")),100),VALUE(SUBSTITUTE('04A_국토부원자료'!I73,",",""))),""),"") -> 45827 | G72: =IFERROR(VALUE(SUBSTITUTE('04A_국토부원자료'!J73,",","")),"") -> 12000 | H72: =IF(G72="","",G72*10000) -> 120000000 | I72: =IFERROR(IF(AND(H72>0,E72>0),H72/E72,""),"") -> 4065040.7 | J72: =IFERROR(VALUE(SUBSTITUTE('04A_국토부원자료'!K73,",","")),"") -> 4 | K72: =IFERROR(VALUE(SUBSTITUTE('04A_국토부원자료'!N73,",","")),"") -> 1990 | L72: =IFERROR('04A_국토부원자료'!O73,"") -> 송파대로28길 32 | M72: =IFERROR('04A_국토부원자료'!Q73,"") -> 중개거래 | N72: =IF(B72="","",IF('02_대상물건입력'!B5="",1,IF(ISNUMBER(SEARCH('02_대상물건입력'!B5,B72)),1,0))) -> 1 | O72: =IF(B72="","",IF('02_대상물건입력'!B6="",1,IF(ISNUMBER(SEARCH('02_대상물건입력'!B6,B72)),1,0))) -> 1 | P72: =IF(L72="","",IF('02_대상물건입력'!B15="",0,IF(ISNUMBER(SEARCH('02_대상물건입력'!B15,L72)),1,0))) -> 1 | Q72: =IF(D72="","",IF('02_대상물건입력'!B8="",0,IF(ISNUMBER(SEARCH('02_대상물건입력'!B8,D72)),1,0))) -> 0 | R72: =IFERROR(ABS(E72-'02_대상물건입력'!B11)/'02_대상물건입력'!B11,"") -> 0.083589058 | S72: =IFERROR(ABS(J72-'02_대상물건입력'!B10),"") -> 8 | T72: =IFERROR(ABS('01_설정'!B4-F72),"") -> 285 | U72: =IFERROR(ABS(K72-YEAR('02_대상물건입력'!B14)),"") -> 36 | V72: =IF(B72="","",IF(AND(E72>0,F72>0,H72>0,OR('04A_국토부원자료'!P73="",'04A_국토부원자료'!P73="-"),IF('01_설정'!B10=1,N72=1,TRUE),R72<='01_설정'!B5,S72<='01_설정'!B6,T72<='01_설정'!B7,U72<='01_설정'!B8),"Y","")) | W72: =IF(V72<>"Y","",MAX(0,(1-R72/'01_설정'!B5))*'01_설정'!B14+MAX(0,(1-S72/'01_설정'!B6))*'01_설정'!B15+MAX(0,(1-T72/'01_설정'!B7))*'01_설정'!B16+MAX(0,(1-U72/'01_설정'!B8))*'01_설정'!B17+O72*'01_설정'!B11+Q72*'01_설정'!B12+P72*'01_설정'!B13) | X72: =IF(W72="","",1+COUNTIFS($W$4:$W$3003,">"&W72)+COUNTIFS($W$4:W72,W72)-1)
A73: =IF('04A_국토부원자료'!A74="","",ROW()-3) -> 70 | B73: =IFERROR('04A_국토부원자료'!B74,"") -> 서울특별시 송파구 가락동 | C73: =IF(B73="","",IF('04A_국토부원자료'!C74<>"",'04A_국토부원자료'!C74,TRIM('04A_국토부원자료'!D74&IF('04A_국토부원자료'!E74<>"","-"&'04A_국토부원자료'!E74,"")))) -> 171 | D73: =IFERROR('04A_국토부원자료'!F74,"") -> 현진타워 | E73: =IFERROR(VALUE(SUBSTITUTE('04A_국토부원자료'!G74,",","")),"") -> 43.48 | F73: =IFERROR(IF(AND('04A_국토부원자료'!H74<>"",'04A_국토부원자료'!I74<>""),DATE(INT(VALUE(SUBSTITUTE('04A_국토부원자료'!H74,",",""))/100),MOD(VALUE(SUBSTITUTE('04A_국토부원자료'!H74,",","")),100),VALUE(SUBSTITUTE('04A_국토부원자료'!I74,",",""))),""),"") -> 45825 | G73: =IFERROR(VALUE(SUBSTITUTE('04A_국토부원자료'!J74,",","")),"") -> 31500 | H73: =IF(G73="","",G73*10000) -> 315000000 | I73: =IFERROR(IF(AND(H73>0,E73>0),H73/E73,""),"") -> 7244710.2 | J73: =IFERROR(VALUE(SUBSTITUTE('04A_국토부원자료'!K74,",","")),"") -> 4 | K73: =IFERROR(VALUE(SUBSTITUTE('04A_국토부원자료'!N74,",","")),"") -> 2015 | L73: =IFERROR('04A_국토부원자료'!O74,"") -> 오금로44가길 13 | M73: =IFERROR('04A_국토부원자료'!Q74,"") -> 중개거래 | N73: =IF(B73="","",IF('02_대상물건입력'!B5="",1,IF(ISNUMBER(SEARCH('02_대상물건입력'!B5,B73)),1,0))) -> 1 | O73: =IF(B73="","",IF('02_대상물건입력'!B6="",1,IF(ISNUMBER(SEARCH('02_대상물건입력'!B6,B73)),1,0))) -> 1 | P73: =IF(L73="","",IF('02_대상물건입력'!B15="",0,IF(ISNUMBER(SEARCH('02_대상물건입력'!B15,L73)),1,0))) -> 0 | Q73: =IF(D73="","",IF('02_대상물건입력'!B8="",0,IF(ISNUMBER(SEARCH('02_대상물건입력'!B8,D73)),1,0))) -> 0 | R73: =IFERROR(ABS(E73-'02_대상물건입력'!B11)/'02_대상물건입력'!B11,"") -> 0.59601803 | S73: =IFERROR(ABS(J73-'02_대상물건입력'!B10),"") -> 8 | T73: =IFERROR(ABS('01_설정'!B4-F73),"") -> 287 | U73: =IFERROR(ABS(K73-YEAR('02_대상물건입력'!B14)),"") -> 11 | V73: =IF(B73="","",IF(AND(E73>0,F73>0,H73>0,OR('04A_국토부원자료'!P74="",'04A_국토부원자료'!P74="-"),IF('01_설정'!B10=1,N73=1,TRUE),R73<='01_설정'!B5,S73<='01_설정'!B6,T73<='01_설정'!B7,U73<='01_설정'!B8),"Y","")) | W73: =IF(V73<>"Y","",MAX(0,(1-R73/'01_설정'!B5))*'01_설정'!B14+MAX(0,(1-S73/'01_설정'!B6))*'01_설정'!B15+MAX(0,(1-T73/'01_설정'!B7))*'01_설정'!B16+MAX(0,(1-U73/'01_설정'!B8))*'01_설정'!B17+O73*'01_설정'!B11+Q73*'01_설정'!B12+P73*'01_설정'!B13) | X73: =IF(W73="","",1+COUNTIFS($W$4:$W$3003,">"&W73)+COUNTIFS($W$4:W73,W73)-1)
A74: =IF('04A_국토부원자료'!A75="","",ROW()-3) -> 71 | B74: =IFERROR('04A_국토부원자료'!B75,"") -> 서울특별시 송파구 가락동 | C74: =IF(B74="","",IF('04A_국토부원자료'!C75<>"",'04A_국토부원자료'!C75,TRIM('04A_국토부원자료'!D75&IF('04A_국토부원자료'!E75<>"","-"&'04A_국토부원자료'!E75,"")))) -> 98 | D74: =IFERROR('04A_국토부원자료'!F75,"") -> 송파가락두산위브센티움 | E74: =IFERROR(VALUE(SUBSTITUTE('04A_국토부원자료'!G75,",","")),"") -> 29.3 | F74: =IFERROR(IF(AND('04A_국토부원자료'!H75<>"",'04A_국토부원자료'!I75<>""),DATE(INT(VALUE(SUBSTITUTE('04A_국토부원자료'!H75,",",""))/100),MOD(VALUE(SUBSTITUTE('04A_국토부원자료'!H75,",","")),100),VALUE(SUBSTITUTE('04A_국토부원자료'!I75,",",""))),""),"") -> 45825 | G74: =IFERROR(VALUE(SUBSTITUTE('04A_국토부원자료'!J75,",","")),"") -> 13800 | H74: =IF(G74="","",G74*10000) -> 138000000 | I74: =IFERROR(IF(AND(H74>0,E74>0),H74/E74,""),"") -> 4709897.6 | J74: =IFERROR(VALUE(SUBSTITUTE('04A_국토부원자료'!K75,",","")),"") -> 4 | K74: =IFERROR(VALUE(SUBSTITUTE('04A_국토부원자료'!N75,",","")),"") -> 2004 | L74: =IFERROR('04A_국토부원자료'!O75,"") -> 송파대로30길 16 | M74: =IFERROR('04A_국토부원자료'!Q75,"") -> 중개거래 | N74: =IF(B74="","",IF('02_대상물건입력'!B5="",1,IF(ISNUMBER(SEARCH('02_대상물건입력'!B5,B74)),1,0))) -> 1 | O74: =IF(B74="","",IF('02_대상물건입력'!B6="",1,IF(ISNUMBER(SEARCH('02_대상물건입력'!B6,B74)),1,0))) -> 1 | P74: =IF(L74="","",IF('02_대상물건입력'!B15="",0,IF(ISNUMBER(SEARCH('02_대상물건입력'!B15,L74)),1,0))) -> 1 | Q74: =IF(D74="","",IF('02_대상물건입력'!B8="",0,IF(ISNUMBER(SEARCH('02_대상물건입력'!B8,D74)),1,0))) -> 0 | R74: =IFERROR(ABS(E74-'02_대상물건입력'!B11)/'02_대상물건입력'!B11,"") -> 0.07551353 | S74: =IFERROR(ABS(J74-'02_대상물건입력'!B10),"") -> 8 | T74: =IFERROR(ABS('01_설정'!B4-F74),"") -> 287 | U74: =IFERROR(ABS(K74-YEAR('02_대상물건입력'!B14)),"") -> 22 | V74: =IF(B74="","",IF(AND(E74>0,F74>0,H74>0,OR('04A_국토부원자료'!P75="",'04A_국토부원자료'!P75="-"),IF('01_설정'!B10=1,N74=1,TRUE),R74<='01_설정'!B5,S74<='01_설정'!B6,T74<='01_설정'!B7,U74<='01_설정'!B8),"Y","")) | W74: =IF(V74<>"Y","",MAX(0,(1-R74/'01_설정'!B5))*'01_설정'!B14+MAX(0,(1-S74/'01_설정'!B6))*'01_설정'!B15+MAX(0,(1-T74/'01_설정'!B7))*'01_설정'!B16+MAX(0,(1-U74/'01_설정'!B8))*'01_설정'!B17+O74*'01_설정'!B11+Q74*'01_설정'!B12+P74*'01_설정'!B13) | X74: =IF(W74="","",1+COUNTIFS($W$4:$W$3003,">"&W74)+COUNTIFS($W$4:W74,W74)-1)
A75: =IF('04A_국토부원자료'!A76="","",ROW()-3) -> 72 | B75: =IFERROR('04A_국토부원자료'!B76,"") -> 서울특별시 송파구 가락동 | C75: =IF(B75="","",IF('04A_국토부원자료'!C76<>"",'04A_국토부원자료'!C76,TRIM('04A_국토부원자료'!D76&IF('04A_국토부원자료'!E76<>"","-"&'04A_국토부원자료'!E76,"")))) -> 77-4 | D75: =IFERROR('04A_국토부원자료'!F76,"") -> 송파KCC웰츠타워 | E75: =IFERROR(VALUE(SUBSTITUTE('04A_국토부원자료'!G76,",","")),"") -> 41.96 | F75: =IFERROR(IF(AND('04A_국토부원자료'!H76<>"",'04A_국토부원자료'!I76<>""),DATE(INT(VALUE(SUBSTITUTE('04A_국토부원자료'!H76,",",""))/100),MOD(VALUE(SUBSTITUTE('04A_국토부원자료'!H76,",","")),100),VALUE(SUBSTITUTE('04A_국토부원자료'!I76,",",""))),""),"") -> 45819 | G75: =IFERROR(VALUE(SUBSTITUTE('04A_국토부원자료'!J76,",","")),"") -> 25200 | H75: =IF(G75="","",G75*10000) -> 252000000 | I75: =IFERROR(IF(AND(H75>0,E75>0),H75/E75,""),"") -> 6005719.7 | J75: =IFERROR(VALUE(SUBSTITUTE('04A_국토부원자료'!K76,",","")),"") -> 12 | K75: =IFERROR(VALUE(SUBSTITUTE('04A_국토부원자료'!N76,",","")),"") -> 2011 | L75: =IFERROR('04A_국토부원자료'!O76,"") -> 송파대로28길 43 | M75: =IFERROR('04A_국토부원자료'!Q76,"") -> 중개거래 | N75: =IF(B75="","",IF('02_대상물건입력'!B5="",1,IF(ISNUMBER(SEARCH('02_대상물건입력'!B5,B75)),1,0))) -> 1 | O75: =IF(B75="","",IF('02_대상물건입력'!B6="",1,IF(ISNUMBER(SEARCH('02_대상물건입력'!B6,B75)),1,0))) -> 1 | P75: =IF(L75="","",IF('02_대상물건입력'!B15="",0,IF(ISNUMBER(SEARCH('02_대상물건입력'!B15,L75)),1,0))) -> 1 | Q75: =IF(D75="","",IF('02_대상물건입력'!B8="",0,IF(ISNUMBER(SEARCH('02_대상물건입력'!B8,D75)),1,0))) -> 0 | R75: =IFERROR(ABS(E75-'02_대상물건입력'!B11)/'02_대상물건입력'!B11,"") -> 0.54022347 | S75: =IFERROR(ABS(J75-'02_대상물건입력'!B10),"") -> 0 | T75: =IFERROR(ABS('01_설정'!B4-F75),"") -> 293 | U75: =IFERROR(ABS(K75-YEAR('02_대상물건입력'!B14)),"") -> 15 | V75: =IF(B75="","",IF(AND(E75>0,F75>0,H75>0,OR('04A_국토부원자료'!P76="",'04A_국토부원자료'!P76="-"),IF('01_설정'!B10=1,N75=1,TRUE),R75<='01_설정'!B5,S75<='01_설정'!B6,T75<='01_설정'!B7,U75<='01_설정'!B8),"Y","")) | W75: =IF(V75<>"Y","",MAX(0,(1-R75/'01_설정'!B5))*'01_설정'!B14+MAX(0,(1-S75/'01_설정'!B6))*'01_설정'!B15+MAX(0,(1-T75/'01_설정'!B7))*'01_설정'!B16+MAX(0,(1-U75/'01_설정'!B8))*'01_설정'!B17+O75*'01_설정'!B11+Q75*'01_설정'!B12+P75*'01_설정'!B13) | X75: =IF(W75="","",1+COUNTIFS($W$4:$W$3003,">"&W75)+COUNTIFS($W$4:W75,W75)-1)
A76: =IF('04A_국토부원자료'!A77="","",ROW()-3) -> 73 | B76: =IFERROR('04A_국토부원자료'!B77,"") -> 서울특별시 송파구 가락동 | C76: =IF(B76="","",IF('04A_국토부원자료'!C77<>"",'04A_국토부원자료'!C77,TRIM('04A_국토부원자료'!D77&IF('04A_국토부원자료'!E77<>"","-"&'04A_국토부원자료'!E77,"")))) -> 77-4 | D76: =IFERROR('04A_국토부원자료'!F77,"") -> 송파KCC웰츠타워 | E76: =IFERROR(VALUE(SUBSTITUTE('04A_국토부원자료'!G77,",","")),"") -> 39.49 | F76: =IFERROR(IF(AND('04A_국토부원자료'!H77<>"",'04A_국토부원자료'!I77<>""),DATE(INT(VALUE(SUBSTITUTE('04A_국토부원자료'!H77,",",""))/100),MOD(VALUE(SUBSTITUTE('04A_국토부원자료'!H77,",","")),100),VALUE(SUBSTITUTE('04A_국토부원자료'!I77,",",""))),""),"") -> 45817 | G76: =IFERROR(VALUE(SUBSTITUTE('04A_국토부원자료'!J77,",","")),"") -> 25900 | H76: =IF(G76="","",G76*10000) -> 259000000 | I76: =IFERROR(IF(AND(H76>0,E76>0),H76/E76,""),"") -> 6558622.4 | J76: =IFERROR(VALUE(SUBSTITUTE('04A_국토부원자료'!K77,",","")),"") -> 13 | K76: =IFERROR(VALUE(SUBSTITUTE('04A_국토부원자료'!N77,",","")),"") -> 2011 | L76: =IFERROR('04A_국토부원자료'!O77,"") -> 송파대로28길 43 | M76: =IFERROR('04A_국토부원자료'!Q77,"") -> 중개거래 | N76: =IF(B76="","",IF('02_대상물건입력'!B5="",1,IF(ISNUMBER(SEARCH('02_대상물건입력'!B5,B76)),1,0))) -> 1 | O76: =IF(B76="","",IF('02_대상물건입력'!B6="",1,IF(ISNUMBER(SEARCH('02_대상물건입력'!B6,B76)),1,0))) -> 1 | P76: =IF(L76="","",IF('02_대상물건입력'!B15="",0,IF(ISNUMBER(SEARCH('02_대상물건입력'!B15,L76)),1,0))) -> 1 | Q76: =IF(D76="","",IF('02_대상물건입력'!B8="",0,IF(ISNUMBER(SEARCH('02_대상물건입력'!B8,D76)),1,0))) -> 0 | R76: =IFERROR(ABS(E76-'02_대상물건입력'!B11)/'02_대상물건입력'!B11,"") -> 0.44955731 | S76: =IFERROR(ABS(J76-'02_대상물건입력'!B10),"") -> 1 | T76: =IFERROR(ABS('01_설정'!B4-F76),"") -> 295 | U76: =IFERROR(ABS(K76-YEAR('02_대상물건입력'!B14)),"") -> 15 | V76: =IF(B76="","",IF(AND(E76>0,F76>0,H76>0,OR('04A_국토부원자료'!P77="",'04A_국토부원자료'!P77="-"),IF('01_설정'!B10=1,N76=1,TRUE),R76<='01_설정'!B5,S76<='01_설정'!B6,T76<='01_설정'!B7,U76<='01_설정'!B8),"Y","")) | W76: =IF(V76<>"Y","",MAX(0,(1-R76/'01_설정'!B5))*'01_설정'!B14+MAX(0,(1-S76/'01_설정'!B6))*'01_설정'!B15+MAX(0,(1-T76/'01_설정'!B7))*'01_설정'!B16+MAX(0,(1-U76/'01_설정'!B8))*'01_설정'!B17+O76*'01_설정'!B11+Q76*'01_설정'!B12+P76*'01_설정'!B13) | X76: =IF(W76="","",1+COUNTIFS($W$4:$W$3003,">"&W76)+COUNTIFS($W$4:W76,W76)-1)
A77: =IF('04A_국토부원자료'!A78="","",ROW()-3) -> 74 | B77: =IFERROR('04A_국토부원자료'!B78,"") -> 서울특별시 송파구 가락동 | C77: =IF(B77="","",IF('04A_국토부원자료'!C78<>"",'04A_국토부원자료'!C78,TRIM('04A_국토부원자료'!D78&IF('04A_국토부원자료'!E78<>"","-"&'04A_국토부원자료'!E78,"")))) -> 78-1 | D77: =IFERROR('04A_국토부원자료'!F78,"") -> 한화오벨리스크 | E77: =IFERROR(VALUE(SUBSTITUTE('04A_국토부원자료'!G78,",","")),"") -> 34.9 | F77: =IFERROR(IF(AND('04A_국토부원자료'!H78<>"",'04A_국토부원자료'!I78<>""),DATE(INT(VALUE(SUBSTITUTE('04A_국토부원자료'!H78,",",""))/100),MOD(VALUE(SUBSTITUTE('04A_국토부원자료'!H78,",","")),100),VALUE(SUBSTITUTE('04A_국토부원자료'!I78,",",""))),""),"") -> 45813 | G77: =IFERROR(VALUE(SUBSTITUTE('04A_국토부원자료'!J78,",","")),"") -> 18000 | H77: =IF(G77="","",G77*10000) -> 180000000 | I77: =IFERROR(IF(AND(H77>0,E77>0),H77/E77,""),"") -> 5157593.1 | J77: =IFERROR(VALUE(SUBSTITUTE('04A_국토부원자료'!K78,",","")),"") -> 5 | K77: =IFERROR(VALUE(SUBSTITUTE('04A_국토부원자료'!N78,",","")),"") -> 2004 | L77: =IFERROR('04A_국토부원자료'!O78,"") -> 중대로 127 | M77: =IFERROR('04A_국토부원자료'!Q78,"") -> 중개거래 | N77: =IF(B77="","",IF('02_대상물건입력'!B5="",1,IF(ISNUMBER(SEARCH('02_대상물건입력'!B5,B77)),1,0))) -> 1 | O77: =IF(B77="","",IF('02_대상물건입력'!B6="",1,IF(ISNUMBER(SEARCH('02_대상물건입력'!B6,B77)),1,0))) -> 1 | P77: =IF(L77="","",IF('02_대상물건입력'!B15="",0,IF(ISNUMBER(SEARCH('02_대상물건입력'!B15,L77)),1,0))) -> 0 | Q77: =IF(D77="","",IF('02_대상물건입력'!B8="",0,IF(ISNUMBER(SEARCH('02_대상물건입력'!B8,D77)),1,0))) -> 0 | R77: =IFERROR(ABS(E77-'02_대상물건입력'!B11)/'02_대상물건입력'!B11,"") -> 0.28107243 | S77: =IFERROR(ABS(J77-'02_대상물건입력'!B10),"") -> 7 | T77: =IFERROR(ABS('01_설정'!B4-F77),"") -> 299 | U77: =IFERROR(ABS(K77-YEAR('02_대상물건입력'!B14)),"") -> 22 | V77: =IF(B77="","",IF(AND(E77>0,F77>0,H77>0,OR('04A_국토부원자료'!P78="",'04A_국토부원자료'!P78="-"),IF('01_설정'!B10=1,N77=1,TRUE),R77<='01_설정'!B5,S77<='01_설정'!B6,T77<='01_설정'!B7,U77<='01_설정'!B8),"Y","")) | W77: =IF(V77<>"Y","",MAX(0,(1-R77/'01_설정'!B5))*'01_설정'!B14+MAX(0,(1-S77/'01_설정'!B6))*'01_설정'!B15+MAX(0,(1-T77/'01_설정'!B7))*'01_설정'!B16+MAX(0,(1-U77/'01_설정'!B8))*'01_설정'!B17+O77*'01_설정'!B11+Q77*'01_설정'!B12+P77*'01_설정'!B13) | X77: =IF(W77="","",1+COUNTIFS($W$4:$W$3003,">"&W77)+COUNTIFS($W$4:W77,W77)-1)
A78: =IF('04A_국토부원자료'!A79="","",ROW()-3) -> 75 | B78: =IFERROR('04A_국토부원자료'!B79,"") -> 서울특별시 송파구 가락동 | C78: =IF(B78="","",IF('04A_국토부원자료'!C79<>"",'04A_국토부원자료'!C79,TRIM('04A_국토부원자료'!D79&IF('04A_국토부원자료'!E79<>"","-"&'04A_국토부원자료'!E79,"")))) -> 79-4 | D78: =IFERROR('04A_국토부원자료'!F79,"") -> (79-4) | E78: =IFERROR(VALUE(SUBSTITUTE('04A_국토부원자료'!G79,",","")),"") -> 37.56 | F78: =IFERROR(IF(AND('04A_국토부원자료'!H79<>"",'04A_국토부원자료'!I79<>""),DATE(INT(VALUE(SUBSTITUTE('04A_국토부원자료'!H79,",",""))/100),MOD(VALUE(SUBSTITUTE('04A_국토부원자료'!H79,",","")),100),VALUE(SUBSTITUTE('04A_국토부원자료'!I79,",",""))),""),"") -> 45813 | G78: =IFERROR(VALUE(SUBSTITUTE('04A_국토부원자료'!J79,",","")),"") -> 13000 | H78: =IF(G78="","",G78*10000) -> 130000000 | I78: =IFERROR(IF(AND(H78>0,E78>0),H78/E78,""),"") -> 3461128.9 | J78: =IFERROR(VALUE(SUBSTITUTE('04A_국토부원자료'!K79,",","")),"") -> 10 | K78: =IFERROR(VALUE(SUBSTITUTE('04A_국토부원자료'!N79,",","")),"") -> 1991 | L78: =IFERROR('04A_국토부원자료'!O79,"") -> 송파대로28길 20 | M78: =IFERROR('04A_국토부원자료'!Q79,"") -> 중개거래 | N78: =IF(B78="","",IF('02_대상물건입력'!B5="",1,IF(ISNUMBER(SEARCH('02_대상물건입력'!B5,B78)),1,0))) -> 1 | O78: =IF(B78="","",IF('02_대상물건입력'!B6="",1,IF(ISNUMBER(SEARCH('02_대상물건입력'!B6,B78)),1,0))) -> 1 | P78: =IF(L78="","",IF('02_대상물건입력'!B15="",0,IF(ISNUMBER(SEARCH('02_대상물건입력'!B15,L78)),1,0))) -> 1 | Q78: =IF(D78="","",IF('02_대상물건입력'!B8="",0,IF(ISNUMBER(SEARCH('02_대상물건입력'!B8,D78)),1,0))) -> 0 | R78: =IFERROR(ABS(E78-'02_대상물건입력'!B11)/'02_대상물건입력'!B11,"") -> 0.37871291 | S78: =IFERROR(ABS(J78-'02_대상물건입력'!B10),"") -> 2 | T78: =IFERROR(ABS('01_설정'!B4-F78),"") -> 299 | U78: =IFERROR(ABS(K78-YEAR('02_대상물건입력'!B14)),"") -> 35 | V78: =IF(B78="","",IF(AND(E78>0,F78>0,H78>0,OR('04A_국토부원자료'!P79="",'04A_국토부원자료'!P79="-"),IF('01_설정'!B10=1,N78=1,TRUE),R78<='01_설정'!B5,S78<='01_설정'!B6,T78<='01_설정'!B7,U78<='01_설정'!B8),"Y","")) | W78: =IF(V78<>"Y","",MAX(0,(1-R78/'01_설정'!B5))*'01_설정'!B14+MAX(0,(1-S78/'01_설정'!B6))*'01_설정'!B15+MAX(0,(1-T78/'01_설정'!B7))*'01_설정'!B16+MAX(0,(1-U78/'01_설정'!B8))*'01_설정'!B17+O78*'01_설정'!B11+Q78*'01_설정'!B12+P78*'01_설정'!B13) | X78: =IF(W78="","",1+COUNTIFS($W$4:$W$3003,">"&W78)+COUNTIFS($W$4:W78,W78)-1)
A79: =IF('04A_국토부원자료'!A80="","",ROW()-3) -> 76 | B79: =IFERROR('04A_국토부원자료'!B80,"") -> 서울특별시 송파구 가락동 | C79: =IF(B79="","",IF('04A_국토부원자료'!C80<>"",'04A_국토부원자료'!C80,TRIM('04A_국토부원자료'!D80&IF('04A_국토부원자료'!E80<>"","-"&'04A_국토부원자료'!E80,"")))) -> 99-2 | D79: =IFERROR('04A_국토부원자료'!F80,"") -> 가락동 훼미리 오피스텔2차 | E79: =IFERROR(VALUE(SUBSTITUTE('04A_국토부원자료'!G80,",","")),"") -> 44.55 | F79: =IFERROR(IF(AND('04A_국토부원자료'!H80<>"",'04A_국토부원자료'!I80<>""),DATE(INT(VALUE(SUBSTITUTE('04A_국토부원자료'!H80,",",""))/100),MOD(VALUE(SUBSTITUTE('04A_국토부원자료'!H80,",","")),100),VALUE(SUBSTITUTE('04A_국토부원자료'!I80,",",""))),""),"") -> 45812 | G79: =IFERROR(VALUE(SUBSTITUTE('04A_국토부원자료'!J80,",","")),"") -> 16000 | H79: =IF(G79="","",G79*10000) -> 160000000 | I79: =IFERROR(IF(AND(H79>0,E79>0),H79/E79,""),"") -> 3591470.3 | J79: =IFERROR(VALUE(SUBSTITUTE('04A_국토부원자료'!K80,",","")),"") -> 9 | K79: =IFERROR(VALUE(SUBSTITUTE('04A_국토부원자료'!N80,",","")),"") -> 1990 | L79: =IFERROR('04A_국토부원자료'!O80,"") -> 송파대로28길 6 | M79: =IFERROR('04A_국토부원자료'!Q80,"") -> 중개거래 | N79: =IF(B79="","",IF('02_대상물건입력'!B5="",1,IF(ISNUMBER(SEARCH('02_대상물건입력'!B5,B79)),1,0))) -> 1 | O79: =IF(B79="","",IF('02_대상물건입력'!B6="",1,IF(ISNUMBER(SEARCH('02_대상물건입력'!B6,B79)),1,0))) -> 1 | P79: =IF(L79="","",IF('02_대상물건입력'!B15="",0,IF(ISNUMBER(SEARCH('02_대상물건입력'!B15,L79)),1,0))) -> 1 | Q79: =IF(D79="","",IF('02_대상물건입력'!B8="",0,IF(ISNUMBER(SEARCH('02_대상물건입력'!B8,D79)),1,0))) -> 0 | R79: =IFERROR(ABS(E79-'02_대상물건입력'!B11)/'02_대상물건입력'!B11,"") -> 0.63529446 | S79: =IFERROR(ABS(J79-'02_대상물건입력'!B10),"") -> 3 | T79: =IFERROR(ABS('01_설정'!B4-F79),"") -> 300 | U79: =IFERROR(ABS(K79-YEAR('02_대상물건입력'!B14)),"") -> 36 | V79: =IF(B79="","",IF(AND(E79>0,F79>0,H79>0,OR('04A_국토부원자료'!P80="",'04A_국토부원자료'!P80="-"),IF('01_설정'!B10=1,N79=1,TRUE),R79<='01_설정'!B5,S79<='01_설정'!B6,T79<='01_설정'!B7,U79<='01_설정'!B8),"Y","")) | W79: =IF(V79<>"Y","",MAX(0,(1-R79/'01_설정'!B5))*'01_설정'!B14+MAX(0,(1-S79/'01_설정'!B6))*'01_설정'!B15+MAX(0,(1-T79/'01_설정'!B7))*'01_설정'!B16+MAX(0,(1-U79/'01_설정'!B8))*'01_설정'!B17+O79*'01_설정'!B11+Q79*'01_설정'!B12+P79*'01_설정'!B13) | X79: =IF(W79="","",1+COUNTIFS($W$4:$W$3003,">"&W79)+COUNTIFS($W$4:W79,W79)-1)
A80: =IF('04A_국토부원자료'!A81="","",ROW()-3) -> 77 | B80: =IFERROR('04A_국토부원자료'!B81,"") -> 서울특별시 송파구 가락동 | C80: =IF(B80="","",IF('04A_국토부원자료'!C81<>"",'04A_국토부원자료'!C81,TRIM('04A_국토부원자료'!D81&IF('04A_국토부원자료'!E81<>"","-"&'04A_국토부원자료'!E81,"")))) -> 99-2 | D80: =IFERROR('04A_국토부원자료'!F81,"") -> 가락동 훼미리 오피스텔2차 | E80: =IFERROR(VALUE(SUBSTITUTE('04A_국토부원자료'!G81,",","")),"") -> 44.55 | F80: =IFERROR(IF(AND('04A_국토부원자료'!H81<>"",'04A_국토부원자료'!I81<>""),DATE(INT(VALUE(SUBSTITUTE('04A_국토부원자료'!H81,",",""))/100),MOD(VALUE(SUBSTITUTE('04A_국토부원자료'!H81,",","")),100),VALUE(SUBSTITUTE('04A_국토부원자료'!I81,",",""))),""),"") -> 45812 | G80: =IFERROR(VALUE(SUBSTITUTE('04A_국토부원자료'!J81,",","")),"") -> 16000 | H80: =IF(G80="","",G80*10000) -> 160000000 | I80: =IFERROR(IF(AND(H80>0,E80>0),H80/E80,""),"") -> 3591470.3 | J80: =IFERROR(VALUE(SUBSTITUTE('04A_국토부원자료'!K81,",","")),"") -> 9 | K80: =IFERROR(VALUE(SUBSTITUTE('04A_국토부원자료'!N81,",","")),"") -> 1990 | L80: =IFERROR('04A_국토부원자료'!O81,"") -> 송파대로28길 6 | M80: =IFERROR('04A_국토부원자료'!Q81,"") -> 중개거래 | N80: =IF(B80="","",IF('02_대상물건입력'!B5="",1,IF(ISNUMBER(SEARCH('02_대상물건입력'!B5,B80)),1,0))) -> 1 | O80: =IF(B80="","",IF('02_대상물건입력'!B6="",1,IF(ISNUMBER(SEARCH('02_대상물건입력'!B6,B80)),1,0))) -> 1 | P80: =IF(L80="","",IF('02_대상물건입력'!B15="",0,IF(ISNUMBER(SEARCH('02_대상물건입력'!B15,L80)),1,0))) -> 1 | Q80: =IF(D80="","",IF('02_대상물건입력'!B8="",0,IF(ISNUMBER(SEARCH('02_대상물건입력'!B8,D80)),1,0))) -> 0 | R80: =IFERROR(ABS(E80-'02_대상물건입력'!B11)/'02_대상물건입력'!B11,"") -> 0.63529446 | S80: =IFERROR(ABS(J80-'02_대상물건입력'!B10),"") -> 3 | T80: =IFERROR(ABS('01_설정'!B4-F80),"") -> 300 | U80: =IFERROR(ABS(K80-YEAR('02_대상물건입력'!B14)),"") -> 36 | V80: =IF(B80="","",IF(AND(E80>0,F80>0,H80>0,OR('04A_국토부원자료'!P81="",'04A_국토부원자료'!P81="-"),IF('01_설정'!B10=1,N80=1,TRUE),R80<='01_설정'!B5,S80<='01_설정'!B6,T80<='01_설정'!B7,U80<='01_설정'!B8),"Y","")) | W80: =IF(V80<>"Y","",MAX(0,(1-R80/'01_설정'!B5))*'01_설정'!B14+MAX(0,(1-S80/'01_설정'!B6))*'01_설정'!B15+MAX(0,(1-T80/'01_설정'!B7))*'01_설정'!B16+MAX(0,(1-U80/'01_설정'!B8))*'01_설정'!B17+O80*'01_설정'!B11+Q80*'01_설정'!B12+P80*'01_설정'!B13) | X80: =IF(W80="","",1+COUNTIFS($W$4:$W$3003,">"&W80)+COUNTIFS($W$4:W80,W80)-1)
A81: =IF('04A_국토부원자료'!A82="","",ROW()-3) -> 78 | B81: =IFERROR('04A_국토부원자료'!B82,"") -> 서울특별시 송파구 가락동 | C81: =IF(B81="","",IF('04A_국토부원자료'!C82<>"",'04A_국토부원자료'!C82,TRIM('04A_국토부원자료'!D82&IF('04A_국토부원자료'!E82<>"","-"&'04A_국토부원자료'!E82,"")))) -> 77-4 | D81: =IFERROR('04A_국토부원자료'!F82,"") -> 송파KCC웰츠타워 | E81: =IFERROR(VALUE(SUBSTITUTE('04A_국토부원자료'!G82,",","")),"") -> 40.07 | F81: =IFERROR(IF(AND('04A_국토부원자료'!H82<>"",'04A_국토부원자료'!I82<>""),DATE(INT(VALUE(SUBSTITUTE('04A_국토부원자료'!H82,",",""))/100),MOD(VALUE(SUBSTITUTE('04A_국토부원자료'!H82,",","")),100),VALUE(SUBSTITUTE('04A_국토부원자료'!I82,",",""))),""),"") -> 45807 | G81: =IFERROR(VALUE(SUBSTITUTE('04A_국토부원자료'!J82,",","")),"") -> 25950 | H81: =IF(G81="","",G81*10000) -> 259500000 | I81: =IFERROR(IF(AND(H81>0,E81>0),H81/E81,""),"") -> 6476166.7 | J81: =IFERROR(VALUE(SUBSTITUTE('04A_국토부원자료'!K82,",","")),"") -> 7 | K81: =IFERROR(VALUE(SUBSTITUTE('04A_국토부원자료'!N82,",","")),"") -> 2011 | L81: =IFERROR('04A_국토부원자료'!O82,"") -> 송파대로28길 43 | M81: =IFERROR('04A_국토부원자료'!Q82,"") -> 중개거래 | N81: =IF(B81="","",IF('02_대상물건입력'!B5="",1,IF(ISNUMBER(SEARCH('02_대상물건입력'!B5,B81)),1,0))) -> 1 | O81: =IF(B81="","",IF('02_대상물건입력'!B6="",1,IF(ISNUMBER(SEARCH('02_대상물건입력'!B6,B81)),1,0))) -> 1 | P81: =IF(L81="","",IF('02_대상물건입력'!B15="",0,IF(ISNUMBER(SEARCH('02_대상물건입력'!B15,L81)),1,0))) -> 1 | Q81: =IF(D81="","",IF('02_대상물건입력'!B8="",0,IF(ISNUMBER(SEARCH('02_대상물건입력'!B8,D81)),1,0))) -> 0 | R81: =IFERROR(ABS(E81-'02_대상물건입력'!B11)/'02_대상물건입력'!B11,"") -> 0.47084734 | S81: =IFERROR(ABS(J81-'02_대상물건입력'!B10),"") -> 5 | T81: =IFERROR(ABS('01_설정'!B4-F81),"") -> 305 | U81: =IFERROR(ABS(K81-YEAR('02_대상물건입력'!B14)),"") -> 15 | V81: =IF(B81="","",IF(AND(E81>0,F81>0,H81>0,OR('04A_국토부원자료'!P82="",'04A_국토부원자료'!P82="-"),IF('01_설정'!B10=1,N81=1,TRUE),R81<='01_설정'!B5,S81<='01_설정'!B6,T81<='01_설정'!B7,U81<='01_설정'!B8),"Y","")) | W81: =IF(V81<>"Y","",MAX(0,(1-R81/'01_설정'!B5))*'01_설정'!B14+MAX(0,(1-S81/'01_설정'!B6))*'01_설정'!B15+MAX(0,(1-T81/'01_설정'!B7))*'01_설정'!B16+MAX(0,(1-U81/'01_설정'!B8))*'01_설정'!B17+O81*'01_설정'!B11+Q81*'01_설정'!B12+P81*'01_설정'!B13) | X81: =IF(W81="","",1+COUNTIFS($W$4:$W$3003,">"&W81)+COUNTIFS($W$4:W81,W81)-1)
A82: =IF('04A_국토부원자료'!A83="","",ROW()-3) -> 79 | B82: =IFERROR('04A_국토부원자료'!B83,"") -> 서울특별시 송파구 가락동 | C82: =IF(B82="","",IF('04A_국토부원자료'!C83<>"",'04A_국토부원자료'!C83,TRIM('04A_국토부원자료'!D83&IF('04A_국토부원자료'!E83<>"","-"&'04A_국토부원자료'!E83,"")))) -> 99-3 | D82: =IFERROR('04A_국토부원자료'!F83,"") -> 제일오피스텔 | E82: =IFERROR(VALUE(SUBSTITUTE('04A_국토부원자료'!G83,",","")),"") -> 30.89 | F82: =IFERROR(IF(AND('04A_국토부원자료'!H83<>"",'04A_국토부원자료'!I83<>""),DATE(INT(VALUE(SUBSTITUTE('04A_국토부원자료'!H83,",",""))/100),MOD(VALUE(SUBSTITUTE('04A_국토부원자료'!H83,",","")),100),VALUE(SUBSTITUTE('04A_국토부원자료'!I83,",",""))),""),"") -> 45799 | G82: =IFERROR(VALUE(SUBSTITUTE('04A_국토부원자료'!J83,",","")),"") -> 19400 | H82: =IF(G82="","",G82*10000) -> 194000000 | I82: =IFERROR(IF(AND(H82>0,E82>0),H82/E82,""),"") -> 6280349.6 | J82: =IFERROR(VALUE(SUBSTITUTE('04A_국토부원자료'!K83,",","")),"") -> 8 | K82: =IFERROR(VALUE(SUBSTITUTE('04A_국토부원자료'!N83,",","")),"") -> 1992 | L82: =IFERROR('04A_국토부원자료'!O83,"") -> 송파대로 260 | M82: =IFERROR('04A_국토부원자료'!Q83,"") -> 중개거래 | N82: =IF(B82="","",IF('02_대상물건입력'!B5="",1,IF(ISNUMBER(SEARCH('02_대상물건입력'!B5,B82)),1,0))) -> 1 | O82: =IF(B82="","",IF('02_대상물건입력'!B6="",1,IF(ISNUMBER(SEARCH('02_대상물건입력'!B6,B82)),1,0))) -> 1 | P82: =IF(L82="","",IF('02_대상물건입력'!B15="",0,IF(ISNUMBER(SEARCH('02_대상물건입력'!B15,L82)),1,0))) -> 1 | Q82: =IF(D82="","",IF('02_대상물건입력'!B8="",0,IF(ISNUMBER(SEARCH('02_대상물건입력'!B8,D82)),1,0))) -> 0 | R82: =IFERROR(ABS(E82-'02_대상물건입력'!B11)/'02_대상물건입력'!B11,"") -> 0.13387757 | S82: =IFERROR(ABS(J82-'02_대상물건입력'!B10),"") -> 4 | T82: =IFERROR(ABS('01_설정'!B4-F82),"") -> 313 | U82: =IFERROR(ABS(K82-YEAR('02_대상물건입력'!B14)),"") -> 34 | V82: =IF(B82="","",IF(AND(E82>0,F82>0,H82>0,OR('04A_국토부원자료'!P83="",'04A_국토부원자료'!P83="-"),IF('01_설정'!B10=1,N82=1,TRUE),R82<='01_설정'!B5,S82<='01_설정'!B6,T82<='01_설정'!B7,U82<='01_설정'!B8),"Y","")) | W82: =IF(V82<>"Y","",MAX(0,(1-R82/'01_설정'!B5))*'01_설정'!B14+MAX(0,(1-S82/'01_설정'!B6))*'01_설정'!B15+MAX(0,(1-T82/'01_설정'!B7))*'01_설정'!B16+MAX(0,(1-U82/'01_설정'!B8))*'01_설정'!B17+O82*'01_설정'!B11+Q82*'01_설정'!B12+P82*'01_설정'!B13) | X82: =IF(W82="","",1+COUNTIFS($W$4:$W$3003,">"&W82)+COUNTIFS($W$4:W82,W82)-1)
A83: =IF('04A_국토부원자료'!A84="","",ROW()-3) -> 80 | B83: =IFERROR('04A_국토부원자료'!B84,"") -> 서울특별시 송파구 가락동 | C83: =IF(B83="","",IF('04A_국토부원자료'!C84<>"",'04A_국토부원자료'!C84,TRIM('04A_국토부원자료'!D84&IF('04A_국토부원자료'!E84<>"","-"&'04A_국토부원자료'!E84,"")))) -> 77-4 | D83: =IFERROR('04A_국토부원자료'!F84,"") -> 송파KCC웰츠타워 | E83: =IFERROR(VALUE(SUBSTITUTE('04A_국토부원자료'!G84,",","")),"") -> 38.45 | F83: =IFERROR(IF(AND('04A_국토부원자료'!H84<>"",'04A_국토부원자료'!I84<>""),DATE(INT(VALUE(SUBSTITUTE('04A_국토부원자료'!H84,",",""))/100),MOD(VALUE(SUBSTITUTE('04A_국토부원자료'!H84,",","")),100),VALUE(SUBSTITUTE('04A_국토부원자료'!I84,",",""))),""),"") -> 45793 | G83: =IFERROR(VALUE(SUBSTITUTE('04A_국토부원자료'!J84,",","")),"") -> 25800 | H83: =IF(G83="","",G83*10000) -> 258000000 | I83: =IFERROR(IF(AND(H83>0,E83>0),H83/E83,""),"") -> 6710013 | J83: =IFERROR(VALUE(SUBSTITUTE('04A_국토부원자료'!K84,",","")),"") -> 14 | K83: =IFERROR(VALUE(SUBSTITUTE('04A_국토부원자료'!N84,",","")),"") -> 2011 | L83: =IFERROR('04A_국토부원자료'!O84,"") -> 송파대로28길 43 | M83: =IFERROR('04A_국토부원자료'!Q84,"") -> 중개거래 | N83: =IF(B83="","",IF('02_대상물건입력'!B5="",1,IF(ISNUMBER(SEARCH('02_대상물건입력'!B5,B83)),1,0))) -> 1 | O83: =IF(B83="","",IF('02_대상물건입력'!B6="",1,IF(ISNUMBER(SEARCH('02_대상물건입력'!B6,B83)),1,0))) -> 1 | P83: =IF(L83="","",IF('02_대상물건입력'!B15="",0,IF(ISNUMBER(SEARCH('02_대상물건입력'!B15,L83)),1,0))) -> 1 | Q83: =IF(D83="","",IF('02_대상물건입력'!B8="",0,IF(ISNUMBER(SEARCH('02_대상물건입력'!B8,D83)),1,0))) -> 0 | R83: =IFERROR(ABS(E83-'02_대상물건입력'!B11)/'02_대상물건입력'!B11,"") -> 0.41138209 | S83: =IFERROR(ABS(J83-'02_대상물건입력'!B10),"") -> 2 | T83: =IFERROR(ABS('01_설정'!B4-F83),"") -> 319 | U83: =IFERROR(ABS(K83-YEAR('02_대상물건입력'!B14)),"") -> 15 | V83: =IF(B83="","",IF(AND(E83>0,F83>0,H83>0,OR('04A_국토부원자료'!P84="",'04A_국토부원자료'!P84="-"),IF('01_설정'!B10=1,N83=1,TRUE),R83<='01_설정'!B5,S83<='01_설정'!B6,T83<='01_설정'!B7,U83<='01_설정'!B8),"Y","")) | W83: =IF(V83<>"Y","",MAX(0,(1-R83/'01_설정'!B5))*'01_설정'!B14+MAX(0,(1-S83/'01_설정'!B6))*'01_설정'!B15+MAX(0,(1-T83/'01_설정'!B7))*'01_설정'!B16+MAX(0,(1-U83/'01_설정'!B8))*'01_설정'!B17+O83*'01_설정'!B11+Q83*'01_설정'!B12+P83*'01_설정'!B13) | X83: =IF(W83="","",1+COUNTIFS($W$4:$W$3003,">"&W83)+COUNTIFS($W$4:W83,W83)-1)
A84: =IF('04A_국토부원자료'!A85="","",ROW()-3) -> 81 | B84: =IFERROR('04A_국토부원자료'!B85,"") -> 서울특별시 송파구 가락동 | C84: =IF(B84="","",IF('04A_국토부원자료'!C85<>"",'04A_국토부원자료'!C85,TRIM('04A_국토부원자료'!D85&IF('04A_국토부원자료'!E85<>"","-"&'04A_국토부원자료'!E85,"")))) -> 98-7 | D84: =IFERROR('04A_국토부원자료'!F85,"") -> (98-7) | E84: =IFERROR(VALUE(SUBSTITUTE('04A_국토부원자료'!G85,",","")),"") -> 30.17 | F84: =IFERROR(IF(AND('04A_국토부원자료'!H85<>"",'04A_국토부원자료'!I85<>""),DATE(INT(VALUE(SUBSTITUTE('04A_국토부원자료'!H85,",",""))/100),MOD(VALUE(SUBSTITUTE('04A_국토부원자료'!H85,",","")),100),VALUE(SUBSTITUTE('04A_국토부원자료'!I85,",",""))),""),"") -> 45792 | G84: =IFERROR(VALUE(SUBSTITUTE('04A_국토부원자료'!J85,",","")),"") -> 11000 | H84: =IF(G84="","",G84*10000) -> 110000000 | I84: =IFERROR(IF(AND(H84>0,E84>0),H84/E84,""),"") -> 3646006 | J84: =IFERROR(VALUE(SUBSTITUTE('04A_국토부원자료'!K85,",","")),"") -> 6 | K84: =IFERROR(VALUE(SUBSTITUTE('04A_국토부원자료'!N85,",","")),"") -> 1990 | L84: =IFERROR('04A_국토부원자료'!O85,"") -> 송파대로28길 13 | M84: =IFERROR('04A_국토부원자료'!Q85,"") -> 중개거래 | N84: =IF(B84="","",IF('02_대상물건입력'!B5="",1,IF(ISNUMBER(SEARCH('02_대상물건입력'!B5,B84)),1,0))) -> 1 | O84: =IF(B84="","",IF('02_대상물건입력'!B6="",1,IF(ISNUMBER(SEARCH('02_대상물건입력'!B6,B84)),1,0))) -> 1 | P84: =IF(L84="","",IF('02_대상물건입력'!B15="",0,IF(ISNUMBER(SEARCH('02_대상물건입력'!B15,L84)),1,0))) -> 1 | Q84: =IF(D84="","",IF('02_대상물건입력'!B8="",0,IF(ISNUMBER(SEARCH('02_대상물건입력'!B8,D84)),1,0))) -> 0 | R84: =IFERROR(ABS(E84-'02_대상물건입력'!B11)/'02_대상물건입력'!B11,"") -> 0.10744857 | S84: =IFERROR(ABS(J84-'02_대상물건입력'!B10),"") -> 6 | T84: =IFERROR(ABS('01_설정'!B4-F84),"") -> 320 | U84: =IFERROR(ABS(K84-YEAR('02_대상물건입력'!B14)),"") -> 36 | V84: =IF(B84="","",IF(AND(E84>0,F84>0,H84>0,OR('04A_국토부원자료'!P85="",'04A_국토부원자료'!P85="-"),IF('01_설정'!B10=1,N84=1,TRUE),R84<='01_설정'!B5,S84<='01_설정'!B6,T84<='01_설정'!B7,U84<='01_설정'!B8),"Y","")) | W84: =IF(V84<>"Y","",MAX(0,(1-R84/'01_설정'!B5))*'01_설정'!B14+MAX(0,(1-S84/'01_설정'!B6))*'01_설정'!B15+MAX(0,(1-T84/'01_설정'!B7))*'01_설정'!B16+MAX(0,(1-U84/'01_설정'!B8))*'01_설정'!B17+O84*'01_설정'!B11+Q84*'01_설정'!B12+P84*'01_설정'!B13) | X84: =IF(W84="","",1+COUNTIFS($W$4:$W$3003,">"&W84)+COUNTIFS($W$4:W84,W84)-1)
A85: =IF('04A_국토부원자료'!A86="","",ROW()-3) -> 82 | B85: =IFERROR('04A_국토부원자료'!B86,"") -> 서울특별시 송파구 가락동 | C85: =IF(B85="","",IF('04A_국토부원자료'!C86<>"",'04A_국토부원자료'!C86,TRIM('04A_국토부원자료'!D86&IF('04A_국토부원자료'!E86<>"","-"&'04A_국토부원자료'!E86,"")))) -> 98-7 | D85: =IFERROR('04A_국토부원자료'!F86,"") -> (98-7) | E85: =IFERROR(VALUE(SUBSTITUTE('04A_국토부원자료'!G86,",","")),"") -> 30.17 | F85: =IFERROR(IF(AND('04A_국토부원자료'!H86<>"",'04A_국토부원자료'!I86<>""),DATE(INT(VALUE(SUBSTITUTE('04A_국토부원자료'!H86,",",""))/100),MOD(VALUE(SUBSTITUTE('04A_국토부원자료'!H86,",","")),100),VALUE(SUBSTITUTE('04A_국토부원자료'!I86,",",""))),""),"") -> 45792 | G85: =IFERROR(VALUE(SUBSTITUTE('04A_국토부원자료'!J86,",","")),"") -> 11000 | H85: =IF(G85="","",G85*10000) -> 110000000 | I85: =IFERROR(IF(AND(H85>0,E85>0),H85/E85,""),"") -> 3646006 | J85: =IFERROR(VALUE(SUBSTITUTE('04A_국토부원자료'!K86,",","")),"") -> 6 | K85: =IFERROR(VALUE(SUBSTITUTE('04A_국토부원자료'!N86,",","")),"") -> 1990 | L85: =IFERROR('04A_국토부원자료'!O86,"") -> 송파대로28길 13 | M85: =IFERROR('04A_국토부원자료'!Q86,"") -> 중개거래 | N85: =IF(B85="","",IF('02_대상물건입력'!B5="",1,IF(ISNUMBER(SEARCH('02_대상물건입력'!B5,B85)),1,0))) -> 1 | O85: =IF(B85="","",IF('02_대상물건입력'!B6="",1,IF(ISNUMBER(SEARCH('02_대상물건입력'!B6,B85)),1,0))) -> 1 | P85: =IF(L85="","",IF('02_대상물건입력'!B15="",0,IF(ISNUMBER(SEARCH('02_대상물건입력'!B15,L85)),1,0))) -> 1 | Q85: =IF(D85="","",IF('02_대상물건입력'!B8="",0,IF(ISNUMBER(SEARCH('02_대상물건입력'!B8,D85)),1,0))) -> 0 | R85: =IFERROR(ABS(E85-'02_대상물건입력'!B11)/'02_대상물건입력'!B11,"") -> 0.10744857 | S85: =IFERROR(ABS(J85-'02_대상물건입력'!B10),"") -> 6 | T85: =IFERROR(ABS('01_설정'!B4-F85),"") -> 320 | U85: =IFERROR(ABS(K85-YEAR('02_대상물건입력'!B14)),"") -> 36 | V85: =IF(B85="","",IF(AND(E85>0,F85>0,H85>0,OR('04A_국토부원자료'!P86="",'04A_국토부원자료'!P86="-"),IF('01_설정'!B10=1,N85=1,TRUE),R85<='01_설정'!B5,S85<='01_설정'!B6,T85<='01_설정'!B7,U85<='01_설정'!B8),"Y","")) | W85: =IF(V85<>"Y","",MAX(0,(1-R85/'01_설정'!B5))*'01_설정'!B14+MAX(0,(1-S85/'01_설정'!B6))*'01_설정'!B15+MAX(0,(1-T85/'01_설정'!B7))*'01_설정'!B16+MAX(0,(1-U85/'01_설정'!B8))*'01_설정'!B17+O85*'01_설정'!B11+Q85*'01_설정'!B12+P85*'01_설정'!B13) | X85: =IF(W85="","",1+COUNTIFS($W$4:$W$3003,">"&W85)+COUNTIFS($W$4:W85,W85)-1)
